segment,n_delivered,n_late,n_h1,late_h1,n_h2,late_h2,n_ep,late_ep,n_rev,n_low,n_rev_early,n_low_early,n_rev_after,n_low_after,n_rev_ontime,n_low_ontime,n_rev_late,n_low_late,late_rate,late_rate_lo,late_rate_hi,expected_late,excess_late,excess_late_lo,excess_late_hi,signal,below_signal,exp_s1,oe_s1,excess_vs_s1,coverage,low_rate,low_rate_lo,low_rate_hi,expected_low,excess_low,excess_low_lo,excess_low_hi,expected_low_after,excess_low_after,expected_low_ontime,excess_low_ontime,low_ontime_rate,low_ontime_rate_lo,low_ontime_rate_hi,early_review_share,episode_late_share,rate_h1,rate_h2,consistency,tier_x10,tier_x20,tier_x30,tier,tier_no_consistency_rule,eligible,low_confidence,rank_excess_late,rank_excess_late_lo,rank_late_rate,rank_oe_s1,rank_excess_low,level,origin_state,destination_state,origin_region,destination_region,northeast_bound,northeast_origin
SP>RJ,6188,453.0,2771,126.0,3417,327.0,0,0.0,6085,891,362,283,5723,608,5646,582,439,309,0.07320620555914674,0.06697769712698513,0.07996428529805967,280.34925590032026,172.65074409967974,134.10873392146374,214.469741524073,True,False,263.1510307363562,1.7214449007948152,189.84896926364382,0.9833548804137039,0.14642563681183238,0.13776596661821142,0.15553144815247652,645.3499367338331,245.65006326616685,192.95597013798337,301.0589252739865,494.15364803242693,113.84635196757307,477.12562828380624,104.87437171619376,0.1030818278427205,0.09541849332216769,0.11128491018616025,0.059490550534100246,0.0,0.04547094911584266,0.09569798068481124,consistent,Investigate,Investigate,Investigate,Investigate,Investigate,True,False,1.0,1.0,15.0,14.0,1.0,lane,SP,RJ,Southeast,Southeast,False,False
SP>BA,1765,172.0,725,64.0,1040,108.0,0,0.0,1747,272,139,93,1608,179,1582,179,165,93,0.09745042492917846,0.084476302842029,0.11217301080115291,79.9638714712452,92.0361285287548,69.136803044936,118.0214925927897,True,False,75.70306589011068,2.272034797767271,96.29693410988932,0.9898016997167138,0.15569547796222094,0.13945119622589863,0.17345061225063868,185.279595640757,86.72040435924299,58.34164416588789,117.73862396110876,138.84310082756292,40.15689917243708,133.6898235821788,45.3101764178212,0.11314791403286978,0.09846611483285667,0.1297038934665709,0.0795649685174585,0.0,0.08827586206896551,0.10384615384615385,consistent,Investigate,Investigate,Investigate,Investigate,Investigate,True,False,2.0,2.0,8.0,9.0,2.0,lane,SP,BA,Southeast,Northeast,True,False
SP>AL,202,45.0,106,28.0,96,17.0,0,0.0,197,47,37,28,160,19,154,17,43,30,0.22277227722772278,0.1708667772128859,0.28502514736989815,9.151672542318147,35.848327457681854,25.363416454684803,48.423407226401274,True,False,7.919177131844446,5.6824085698306765,37.08082286815555,0.9752475247524752,0.23857868020304568,0.18442176949178593,0.30273590898357494,20.893005347011524,26.106994652988476,15.438083242870304,38.745968722752735,13.815233913190339,5.1847660868096614,13.014053623043955,3.9859463769560453,0.11038961038961038,0.07007274312440208,0.16967072543845213,0.18781725888324874,0.0,0.2641509433962264,0.17708333333333334,consistent,Investigate,Investigate,Investigate,Investigate,Investigate,True,False,3.0,3.0,1.0,1.0,4.0,lane,SP,AL,Southeast,Northeast,True,False
SP>ES,1114,84.0,468,20.0,646,64.0,0,0.0,1099,120,56,26,1043,94,1020,88,79,32,0.07540394973070018,0.06131587351853096,0.09241027204953939,50.47011491159612,33.52988508840388,17.835768188047375,52.47492815159076,True,False,48.81840590004955,1.7206624929945684,35.18159409995045,0.9865350089766607,0.1091901728844404,0.09209449214360813,0.1290084205827978,116.55539531150083,3.444604688499169,-15.343548445675506,25.22485890899394,90.05805607160953,3.9419439283904723,86.19697854223918,1.8030214577608206,0.08627450980392157,0.0705587817148701,0.10509483855153665,0.050955414012738856,0.0,0.042735042735042736,0.09907120743034056,consistent,Investigate,Investigate,Investigate,Investigate,Investigate,True,False,4.0,5.0,13.0,15.0,24.0,lane,SP,ES,Southeast,Southeast,False,False
SP>PE,859,72.0,362,31.0,497,41.0,0,0.0,845,122,55,45,790,77,775,69,70,53,0.08381839348079162,0.06708841031639975,0.10425414318440143,38.91726095965984,33.08273904034016,18.711683502127546,50.63704803574099,True,False,34.7301788248316,2.073124943097644,37.2698211751684,0.9837019790454016,0.14437869822485208,0.12228902732034932,0.1696871199863849,89.6172056762677,32.3827943237323,13.717022409427477,53.76841071222753,68.2127174463773,8.787282553622703,65.49280232376016,3.5071976762398407,0.08903225806451613,0.0709559474585439,0.11116257899415367,0.0650887573964497,0.0,0.0856353591160221,0.08249496981891348,consistent,Investigate,Investigate,Investigate,Investigate,Investigate,True,False,5.0,4.0,11.0,11.0,3.0,lane,SP,PE,Southeast,Northeast,True,False
SP>MA,375,41.0,187,17.0,188,24.0,0,0.0,371,65,30,24,341,41,331,38,40,27,0.10933333333333334,0.08162258649855622,0.14496681342591972,16.989491105788638,24.010508894211362,13.618978831169944,37.37306392893125,True,False,16.587929366931046,2.4716767893728657,24.412070633068954,0.9893333333333333,0.1752021563342318,0.13990417321391346,0.21715734085066968,39.34672580579328,25.653274194206723,12.55772245656862,41.21864764980518,29.44371727748691,11.556282722513089,27.971764605373693,10.028235394626307,0.1148036253776435,0.0847930764727366,0.15365248251477462,0.08086253369272237,0.0,0.09090909090909091,0.1276595744680851,consistent,Investigate,Investigate,Watch,Investigate,Investigate,True,False,6.0,6.0,6.0,5.0,5.0,lane,SP,MA,Southeast,Northeast,True,False
SP>SC,1756,100.0,740,51.0,1016,49.0,0,0.0,1732,199,68,48,1664,151,1636,145,96,54,0.05694760820045558,0.04704439531704784,0.06878504931786401,79.55612368470626,20.443876315293736,3.053834492029744,41.23042291746294,True,False,77.75405059025067,1.2861066303411166,22.24594940974933,0.9863325740318907,0.11489607390300231,0.10072234989452047,0.1307742863787596,183.68875767017238,15.311242329827621,-9.23764765286292,42.81230633783924,143.67843269717952,7.321567302820483,138.253193034415,6.7468069655849945,0.08863080684596578,0.07580493205211095,0.10338401163517255,0.03926096997690531,0.0,0.06891891891891892,0.04822834645669291,inconsistent,Watch,Watch,Watch,Watch,Investigate,True,False,7.0,14.0,21.0,22.0,9.0,lane,SP,SC,Southeast,South,False,False
SP>PA,527,40.0,259,13.0,268,27.0,0,0.0,520,70,30,24,490,46,482,45,38,25,0.07590132827324478,0.05623286948953316,0.1017078064459043,23.875898167334967,16.124101832665033,5.758824053649009,29.724115829656597,True,False,19.888726312336964,2.011189624304299,20.111273687663036,0.9867172675521821,0.1346153846153846,0.10794421217059026,0.1666454683493887,55.149049646933975,14.850950353066025,0.9819406817729648,31.506593894748153,42.30915385914541,3.690846140854589,40.73229770329341,4.267702296706588,0.09336099585062241,0.07050692642376674,0.12264550451220141,0.057692307692307696,0.0,0.05019305019305019,0.10074626865671642,consistent,Investigate,Watch,Watch,Watch,Watch,True,False,8.0,9.0,12.0,12.0,10.0,lane,SP,PA,Southeast,North,False,False
SP>CE,739,49.0,329,11.0,410,38.0,0,0.0,735,82,40,28,695,54,687,54,48,28,0.06630581867388363,0.05051577729560714,0.08658138874352808,33.480623805807475,15.519376194192525,3.850535615646199,30.503022475659776,True,False,30.153272829559356,1.625030897208781,18.846727170440644,0.9945872801082544,0.11156462585034013,0.09079336863952261,0.13637506758845408,77.95106055864706,4.0489394413529425,-11.217934608597934,22.284614118866692,60.009922310420535,-6.009922310420535,58.056200253449326,-4.056200253449326,0.07860262008733625,0.06074163177178332,0.10115001122777537,0.05442176870748299,0.0,0.03343465045592705,0.09268292682926829,inconsistent,Watch,Watch,Watch,Watch,Watch,True,False,9.0,13.0,16.0,16.0,22.0,lane,SP,CE,Southeast,Northeast,True,False
MG>RJ,898,56.0,458,16.0,440,40.0,0,0.0,889,97,45,28,844,69,835,70,54,27,0.062360801781737196,0.048333434828370346,0.08011648027331045,40.68416803466186,15.315831965338141,2.71925644121471,31.26043125077092,True,False,37.689137952417454,1.4858392375729053,18.310862047582546,0.9899777282850779,0.10911136107986502,0.09027345305649544,0.1313128732348623,94.28366372331597,2.716336276684032,-14.03056395609152,22.453480582476615,72.87535889207903,-3.875358892079035,70.56321282624482,-0.5632128262448219,0.08383233532934131,0.06688725609752316,0.10458907868320783,0.05061867266591676,0.0,0.034934497816593885,0.09090909090909091,inconsistent,Watch,Watch,Watch,Watch,Watch,True,False,10.0,15.0,19.0,19.0,28.0,lane,MG,RJ,Southeast,Southeast,False,False
SP>PI,258,27.0,122,5.0,136,22.0,0,0.0,254,30,20,13,234,17,227,16,27,14,0.10465116279069768,0.0729240053903435,0.14797859376719963,11.688769880782583,15.311230119217417,7.125623509926037,26.48970731115492,True,False,11.422962038068412,2.363660135612743,15.577037961931588,0.9844961240310077,0.11811023622047244,0.08399775290524644,0.1636019120698505,26.938189635233133,3.061810364766867,-5.6027603973005355,14.616696030508896,20.204779598040872,-3.204779598040872,19.18305306773362,-3.1830530677336206,0.07048458149779736,0.04384823592705276,0.11141615636971378,0.07874015748031496,0.0,0.040983606557377046,0.16176470588235295,consistent,Investigate,Watch,Watch,Watch,Watch,True,False,11.0,8.0,7.0,8.0,27.0,lane,SP,PI,Southeast,Northeast,True,False
MA>SP,107,19.0,0,0.0,107,19.0,0,0.0,106,19,17,11,89,8,88,8,18,11,0.17757009345794392,0.11672950730153281,0.2607597396451369,4.847668128851692,14.15233187114831,7.642389152412319,23.053624013177952,True,False,3.6042029280634575,5.271623262957816,15.395797071936542,0.9906542056074766,0.1792452830188679,0.11786197527417633,0.26306394532012656,11.241921658798079,7.758078341201921,1.251447720264612,16.642856545135334,7.684723864212126,0.31527613578787417,7.436602070310831,0.5633979296891694,0.09090909090909091,0.046786421476167094,0.16925390579510832,0.16037735849056603,0.0,,0.17757009345794392,unverified,Investigate,Watch,Watch,Watch,Watch,True,False,12.0,7.0,2.0,2.0,14.0,lane,MA,SP,Northeast,Southeast,False,True
MG>BA,305,27.0,146,13.0,159,14.0,0,0.0,301,35,22,16,279,19,275,19,26,16,0.08852459016393442,0.06155191190523899,0.1257333672200467,13.818119432708093,13.181880567291907,4.955213698389799,24.530557569406145,True,False,12.99936862780418,2.077023951936408,14.00063137219582,0.9868852459016394,0.11627906976744186,0.08480627225462416,0.15742278381391805,31.922815276398318,3.0771847236016825,-6.396127327756447,15.461442651591016,24.090314136125652,-5.090314136125652,23.239381469721348,-4.239381469721348,0.06909090909090909,0.044674255279665016,0.10538039942503513,0.07308970099667775,0.0,0.08904109589041095,0.0880503144654088,consistent,Investigate,Watch,Watch,Watch,Watch,True,False,13.0,12.0,10.0,10.0,26.0,lane,MG,BA,Southeast,Northeast,True,False
SP>PB,268,25.0,116,12.0,152,13.0,0,0.0,264,34,18,13,246,21,240,21,24,13,0.09328358208955224,0.06398418917777007,0.13407779538584205,12.141822976936947,12.858177023063053,5.005939722705432,23.791026186468724,True,False,10.455497801616463,2.391086534027571,14.544502198383537,0.9850746268656716,0.12878787878787878,0.09364498216679314,0.17457883627047216,27.998748282289554,6.001251717710446,-3.276472990256167,18.090064493115097,21.240922141530145,-0.24092214153014524,20.28164200993863,0.7183579900613708,0.0875,0.05794183595658664,0.13005514799519938,0.06818181818181818,0.0,0.10344827586206896,0.08552631578947369,consistent,Investigate,Watch,Watch,Watch,Watch,True,False,14.0,10.0,9.0,7.0,18.0,lane,SP,PB,Southeast,Northeast,True,False
SP>SE,163,19.0,77,9.0,86,10.0,0,0.0,163,25,15,11,148,14,144,13,19,12,0.1165644171779141,0.07590600379899974,0.17487973684632435,7.384765467316129,11.615234532683871,4.9879131519208295,21.120631638634737,True,False,6.937193135837461,2.7388598858299353,12.062806864162539,1.0,0.15337423312883436,0.1060970922300745,0.21661321731329852,17.287105947019686,7.712894052980314,0.006720086482457144,18.020848475047973,12.779091369701064,1.2209086302989363,12.168985205963178,0.8310147940368218,0.09027777777777778,0.053517994578412276,0.14832970808046506,0.09202453987730061,0.0,0.11688311688311688,0.11627906976744186,consistent,Investigate,Watch,Watch,Watch,Watch,True,False,15.0,11.0,3.0,3.0,15.0,lane,SP,SE,Southeast,Northeast,True,False
PR>BA,112,13.0,50,4.0,62,9.0,0,0.0,109,21,13,8,96,13,97,13,12,8,0.11607142857142858,0.06910034144490855,0.18850569291006625,5.074194676928873,7.925805323071127,2.665043564900884,16.038442928998546,True,False,5.314740397170129,2.4460272804522947,7.685259602829871,0.9732142857142857,0.1926605504587156,0.12960733441053238,0.2766392641338602,11.560089252915006,9.439910747084994,2.5671101978330233,18.593590537675755,8.289140347914204,4.710859652085796,8.19716364568353,4.8028363543164705,0.13402061855670103,0.0800245668040993,0.21589993854994483,0.11926605504587157,0.0,0.08,0.14516129032258066,consistent,Watch,Watch,Watch,Watch,Watch,True,False,16.0,16.0,4.0,6.0,13.0,lane,PR,BA,South,Northeast,True,False
SP>RN,255,19.0,118,10.0,137,9.0,0,0.0,252,28,14,9,238,19,234,17,18,11,0.07450980392156863,0.04821651124168634,0.11343247270133315,11.552853951936275,7.4471460480637255,0.7423564146937425,17.37242658690368,True,False,9.906316626783653,1.9179681728150912,9.093683373216347,0.9882352941176471,0.1111111111111111,0.07800084087216042,0.15589971260550667,26.726077905821846,1.273922094178154,-7.069866006037423,12.560649670765832,20.550160445870628,-1.5501604458706275,19.774600959690165,-2.774600959690165,0.07264957264957266,0.04585046872595251,0.11325324266366842,0.05555555555555555,0.0,0.0847457627118644,0.06569343065693431,consistent,Watch,Watch,Watch,Watch,Watch,True,False,17.0,18.0,14.0,13.0,30.0,lane,SP,RN,Southeast,Northeast,True,False
RJ>BA,109,12.0,38,2.0,71,10.0,0,0.0,107,9,8,3,99,6,96,5,11,4,0.11009174311926606,0.06410803942110752,0.18262271992625614,4.938278748082564,7.061721251917436,2.0494975488181546,14.967597723879356,True,False,4.831918167960188,2.483485767530257,7.168081832039812,0.981651376146789,0.08411214953271028,0.04488194552420333,0.15216940198671847,11.34797752350372,-2.3479775235037206,-6.5456093524139645,4.934148489075155,8.548175983786523,-2.548175983786523,8.112656803975451,-3.112656803975451,0.052083333333333336,0.02244960047424143,0.11618478031492638,0.07476635514018691,0.0,0.05263157894736842,0.14084507042253522,consistent,Watch,Watch,Watch,Watch,Watch,True,False,18.0,17.0,5.0,4.0,35.0,lane,RJ,BA,Southeast,Northeast,True,False
SP>MS,357,23.0,129,1.0,228,22.0,0,0.0,349,42,16,9,333,33,326,30,23,12,0.06442577030812324,0.04331052208677465,0.09481512174469227,16.173995532710784,6.826004467289216,-0.7121391477322352,17.675002930144355,False,False,16.730081266780626,1.3747691737558365,6.269918733219374,0.9775910364145658,0.12034383954154727,0.09027755719584615,0.1586769140680682,37.013496782269144,4.986503217730856,-5.506629320918838,18.364746227486652,28.752955581827393,4.247044418172607,27.549230396833305,2.4507696031666946,0.09202453987730061,0.06522124159023615,0.12833071227557283,0.045845272206303724,0.0,0.007751937984496124,0.09649122807017543,inconsistent,No Signal,No Signal,No Signal,No Signal,No Signal,True,False,19.0,19.0,17.0,20.0,21.0,lane,SP,MS,Southeast,Central-West,False,False
RJ>RJ,737,40.0,239,12.0,498,28.0,0,0.0,727,64,25,17,702,47,688,43,39,21,0.054274084124830396,0.04010824494633737,0.07306233672461401,33.3900131865766,6.609986813423397,-3.8302366611259626,20.45692897946392,False,False,36.68622291197542,1.090327562365186,3.3137770880245796,0.9864314789687924,0.08803301237964237,0.0695422967949887,0.11085450093654274,77.10261364100192,-13.102613641001923,-26.54536387104513,3.488608539864655,60.61433879412261,-13.61433879412261,58.1407070951574,-15.140707095157403,0.0625,0.0467291228399309,0.08312932619525264,0.0343878954607978,0.0,0.0502092050209205,0.05622489959839357,consistent,No Signal,No Signal,No Signal,No Signal,No Signal,True,False,20.0,26.0,22.0,25.0,51.0,lane,RJ,RJ,Southeast,Southeast,False,False
SC>RJ,376,23.0,207,9.0,169,14.0,0,0.0,372,59,18,17,354,42,350,40,22,19,0.061170212765957445,0.04110338003122044,0.09011309901095282,17.034796415404074,5.965203584595926,-1.5799255236651906,16.847728812714188,False,False,14.248046301966129,1.614256404881711,8.751953698033871,0.9893617021276596,0.1586021505376344,0.12499524163999298,0.1991878838805528,39.452781670498915,19.547218329501085,7.045448219578471,34.64511113306673,30.566205032933624,11.433794967066376,29.57739459782717,10.422605402172831,0.11428571428571428,0.08505953822555015,0.15188685889853587,0.04838709677419355,0.0,0.043478260869565216,0.08284023668639054,consistent,No Signal,No Signal,No Signal,No Signal,No Signal,True,False,21.0,21.0,20.0,17.0,6.0,lane,SC,RJ,South,Southeast,False,False
PR>AL,24,6.0,12,3.0,12,3.0,0,0.0,24,7,5,5,19,2,18,1,6,6,0.25,0.11999366228595004,0.44899444005154004,1.0873274307704728,4.912672569229527,1.7925204640923282,9.688539130466488,True,False,0.9434897102891954,6.359369831559583,5.056510289710805,1.0,0.2916666666666667,0.14914648196960875,0.49167693664496637,2.545340752935414,4.454659247064586,1.0341748143351959,9.254905726543779,1.6405590271913528,0.3594409728086472,1.5211231507453973,-0.5211231507453973,0.05555555555555555,0.009875190978303097,0.25757300781872594,0.20833333333333334,0.0,0.25,0.25,unverified,Insufficient Data,Insufficient Data,Insufficient Data,Insufficient Data,Insufficient Data,False,False,,,,,,lane,PR,AL,South,Northeast,True,False
MA>GO,15,5.0,0,0.0,15,5.0,0,0.0,15,3,4,3,11,0,10,0,5,3,0.3333333333333333,0.1517632443971473,0.5828645226148023,0.6795796442315456,4.320420355768454,1.596869021725664,8.06338819499049,True,False,0.48224102590307366,10.36825929655549,4.517758974096926,1.0,0.2,0.07047549346981563,0.45185448715169363,1.5908379705846338,1.4091620294153662,-0.5337055685373994,5.18697933669077,0.9497973315318358,-0.9497973315318358,0.8450684170807763,-0.8450684170807763,0.0,0.0,0.2775327998628892,0.26666666666666666,0.0,,0.3333333333333333,unverified,Insufficient Data,Insufficient Data,Insufficient Data,Insufficient Data,Insufficient Data,False,False,,,,,,lane,MA,GO,Northeast,Central-West,False,True
SC>BA,66,7.0,36,4.0,30,3.0,0,0.0,65,13,6,5,59,8,58,7,7,6,0.10606060606060606,0.05233347255479488,0.20312308751648012,2.9901504346188004,4.0098495653812,0.4638587539976618,10.415973341468886,True,False,2.8064599175964204,2.4942454927327513,4.19354008240358,0.9848484848484849,0.2,0.12077959241205476,0.3127013263816594,6.893631205866747,6.106368794133253,0.9570423009168127,13.431955008941111,5.094367505488938,2.905632494511062,4.901396819068502,2.098603180931498,0.1206896551724138,0.059709660482407195,0.22879354045960884,0.09230769230769231,0.0,0.1111111111111111,0.1,consistent,Insufficient Data,Insufficient Data,Insufficient Data,Insufficient Data,Insufficient Data,False,False,,,,,,lane,SC,BA,South,Northeast,True,False
RS>RJ,202,13.0,86,5.0,116,8.0,0,0.0,195,27,7,6,188,21,183,18,12,9,0.06435643564356436,0.037992485043253935,0.10698053930112096,9.151672542318147,3.8483274576818527,-1.477190563580852,12.458396396508288,False,False,8.552796153280577,1.5199707519059273,4.4472038467194235,0.9653465346534653,0.13846153846153847,0.09693460932442044,0.19395773859811632,20.68089361760024,6.3191063823997595,-1.7786447993382535,17.140865409032443,16.23289984799865,4.767100152001351,15.464752032578206,2.5352479674217943,0.09836065573770492,0.06312617752041033,0.15011053702980479,0.035897435897435895,0.0,0.05813953488372093,0.06896551724137931,consistent,No Signal,No Signal,No Signal,No Signal,No Signal,True,False,22.0,20.0,18.0,18.0,17.0,lane,RS,RJ,South,Southeast,False,False
MG>AL,28,5.0,16,3.0,12,2.0,0,0.0,27,3,2,2,25,1,23,1,4,2,0.17857142857142858,0.07878501945604277,0.35591424789342946,1.2685486692322183,3.731451330767782,0.9374318755369793,8.697050271783805,True,False,1.0631305406368077,4.703091303354935,3.9368694593631925,0.9642857142857143,0.1111111111111111,0.038520348283098374,0.2805780081827982,2.863508347052341,0.13649165294765897,-1.8234589434086848,4.71209787388321,2.1586302989359907,-1.1586302989359907,1.9436573592857853,-0.9436573592857853,0.043478260869565216,0.007716666143453149,0.20991155070258877,0.07407407407407407,0.0,0.1875,0.16666666666666666,unverified,Insufficient Data,Insufficient Data,Insufficient Data,Insufficient Data,Insufficient Data,False,False,,,,,,lane,MG,AL,Southeast,Northeast,True,False
PR>RJ,692,35.0,273,10.0,419,25.0,0,0.0,677,90,25,20,652,70,644,69,33,21,0.05057803468208093,0.036589316492717114,0.06952890610620645,31.351274253881968,3.648725746118032,-6.031467240921725,16.762728771612892,False,False,26.999484172041157,1.2963210621721297,8.000515827958843,0.9783236994219653,0.1329394387001477,0.10942437318564742,0.16059657873924182,71.7998204057198,18.2001795942802,2.280480240963498,36.92406340074691,56.29707819625063,13.70292180374937,54.42240606000199,14.57759393999801,0.10714285714285714,0.08554174317849178,0.13340296449566183,0.03692762186115214,0.0,0.03663003663003663,0.059665871121718374,inconsistent,No Signal,No Signal,No Signal,No Signal,No Signal,True,False,23.0,36.0,24.0,21.0,7.0,lane,PR,RJ,South,Southeast,False,False
SC>MA,16,4.0,6,1.0,10,3.0,0,0.0,16,2,4,1,12,1,12,1,4,1,0.25,0.10182067491213048,0.49498316535508774,0.7248849538469819,3.275115046153018,0.9042458447471058,7.194845691834422,True,False,0.9058114792020575,4.415929905772069,3.0941885207979425,1.0,0.125,0.03497748774324047,0.36022827265758695,1.696893835290276,0.30310616470972396,-1.1372540313984285,4.066758527231115,1.0361425434892755,-0.03614254348927548,1.0140821004969314,-0.014082100496931371,0.08333333333333333,0.014865094404917095,0.35387991114111694,0.25,0.0,0.16666666666666666,0.3,unverified,Insufficient Data,Insufficient Data,Insufficient Data,Insufficient Data,Insufficient Data,False,False,,,,,,lane,SC,MA,South,Northeast,True,False
PR>PE,62,6.0,26,3.0,36,3.0,0,0.0,61,9,6,5,55,4,55,4,6,5,0.0967741935483871,0.045111872023193916,0.19548818612307423,2.808929196157055,3.191070803842945,-0.011993130719032158,9.311338343473546,False,False,2.583152654029483,2.32274309868623,3.416847345970517,0.9838709677419355,0.14754098360655737,0.07961168507932755,0.257232352947211,6.469407747044177,2.530592252955823,-1.6130949572051971,9.221765782735691,4.748986657659179,-0.748986657659179,4.647876293944269,-0.647876293944269,0.07272727272727272,0.02864406023304053,0.17259940072156052,0.09836065573770492,0.0,0.11538461538461539,0.08333333333333333,unverified,Insufficient Data,Insufficient Data,Insufficient Data,Insufficient Data,Insufficient Data,False,False,,,,,,lane,PR,PE,South,Northeast,True,False
MG>CE,62,6.0,37,4.0,25,2.0,0,0.0,61,5,6,2,55,3,55,3,6,2,0.0967741935483871,0.045111872023193916,0.19548818612307423,2.808929196157055,3.191070803842945,-0.011993130719032158,9.311338343473546,False,False,2.558779327839386,2.344868091875025,3.441220672160614,0.9838709677419355,0.08196721311475409,0.03551956660687358,0.17794661802925352,6.469407747044177,-1.469407747044177,-4.302714184024889,4.385335952740287,4.748986657659179,-1.748986657659179,4.647876293944269,-1.647876293944269,0.05454545454545454,0.01872321555468448,0.14853060544053792,0.09836065573770492,0.0,0.10810810810810811,0.08,unverified,Insufficient Data,Insufficient Data,Insufficient Data,Insufficient Data,Insufficient Data,False,False,,,,,,lane,MG,CE,Southeast,Northeast,True,False
RJ>CE,41,5.0,14,1.0,27,4.0,0,0.0,41,6,5,4,36,2,36,2,5,4,0.12195121951219512,0.053233364685777176,0.25544211520976884,1.8575176942328913,3.1424823057671087,0.325050257883973,8.615609029367631,True,False,1.9754489413820338,2.5310702267515834,3.0245510586179662,1.0,0.14634146341463414,0.0688424814129593,0.28443458042480957,4.348290452931332,1.651709547068668,-1.5257487150000009,7.313527344485859,3.108427630467826,-1.1084276304678262,3.0422463014907946,-1.0422463014907946,0.05555555555555555,0.015369986664161853,0.18144657208647252,0.12195121951219512,0.0,0.07142857142857142,0.14814814814814814,unverified,Insufficient Data,Insufficient Data,Insufficient Data,Insufficient Data,Insufficient Data,False,False,,,,,,lane,RJ,CE,Southeast,Northeast,True,False
MG>PB,42,5.0,24,4.0,18,1.0,0,0.0,40,4,3,1,37,3,36,2,4,2,0.11904761904761904,0.05193803327758237,0.25000390262009675,1.9028230038483276,3.0971769961516724,0.27857439381013194,8.597340906195736,True,False,1.7831627198773312,2.804006580142032,3.216837280122669,0.9523809523809523,0.1,0.03957952868260638,0.23051775227522298,4.24223458822569,-0.24223458822569022,-2.659053440921435,4.978475502783229,3.194772842425266,-0.19477284242526594,3.0422463014907946,-1.0422463014907946,0.05555555555555555,0.015369986664161853,0.18144657208647252,0.075,0.0,0.16666666666666666,0.05555555555555555,unverified,Insufficient Data,Insufficient Data,Insufficient Data,Insufficient Data,Insufficient Data,False,False,,,,,,lane,MG,PB,Southeast,Northeast,True,False
MA>DF,24,4.0,0,0.0,24,4.0,0,0.0,24,4,3,2,21,2,20,2,4,2,0.16666666666666666,0.06678676328632951,0.3585307064969906,1.0873274307704728,2.912672569229527,0.5155548881014355,7.517409525157301,True,False,0.7121993684507086,5.616404868065873,3.2878006315492914,1.0,0.16666666666666666,0.06678676328632951,0.3585307064969906,2.545340752935414,1.454659247064586,-0.9424584340635057,6.05939620299236,1.813249451106232,0.18675054889376796,1.6901368341615526,0.3098631658384474,0.1,0.027866481213768224,0.3010336452284873,0.125,0.0,,0.16666666666666666,unverified,Insufficient Data,Insufficient Data,Insufficient Data,Insufficient Data,Insufficient Data,False,False,,,,,,lane,MA,DF,Northeast,Central-West,False,True
MG>PA,71,6.0,37,3.0,34,3.0,0,0.0,69,9,4,2,65,7,64,7,5,2,0.08450704225352113,0.03930650771071112,0.1723603821430428,3.2166769826959825,2.7833230173040175,-0.42591493523549284,9.020910149460057,False,False,2.6844575855070083,2.2350883964019834,3.3155424144929917,0.971830985915493,0.13043478260869565,0.07016627839603491,0.2296829993958729,7.317854664689316,1.6821453353106843,-2.4763814553629064,8.530272293625915,5.612438777233575,1.3875612227664247,5.408437869316968,1.591562130683032,0.109375,0.05400113344416797,0.20898641326896122,0.057971014492753624,0.0,0.08108108108108109,0.08823529411764706,consistent,Insufficient Data,Insufficient Data,Insufficient Data,Insufficient Data,Insufficient Data,False,False,,,,,,lane,MG,PA,Southeast,North,False,False
MA>SE,5,3.0,0,0.0,5,3.0,0,0.0,5,2,3,2,2,0,2,0,3,2,0.6,0.2307242812760128,0.882379225767352,0.22652654807718187,2.7734734519228184,0.9270948583028821,4.185369580759578,True,False,0.17606209367358694,17.03944294540707,2.823937906326413,1.0,0.4,0.11762077423264783,0.769275718723987,0.5302793235282113,1.4697206764717887,0.05782454763502788,3.316099270091724,0.17269042391487924,-0.17269042391487924,0.16901368341615525,-0.16901368341615525,0.0,0.0,0.6576197724933469,0.6,0.0,,0.6,unverified,Insufficient Data,Insufficient Data,Insufficient Data,Insufficient Data,Insufficient Data,False,False,,,,,,lane,MA,SE,Northeast,Northeast,True,True
RJ>PE,72,6.0,17,0.0,55,6.0,0,0.0,72,9,5,5,67,4,66,3,6,6,0.08333333333333333,0.038752424956949666,0.17012355220676517,3.261982292311419,2.738017707688581,-0.4718076954110427,8.986913466575674,False,False,3.6577214115194487,1.640365496700731,2.3422785884805513,1.0,0.125,0.06717784220573504,0.22081053724160832,7.636022258806242,1.3639777411937581,-2.7992176199933194,8.262336422589557,5.785129201148455,-1.7851292011484547,5.577451552733123,-2.577451552733123,0.045454545454545456,0.015578274334433505,0.1253331411324222,0.06944444444444445,0.0,0.0,0.10909090909090909,unverified,Insufficient Data,Insufficient Data,Insufficient Data,Insufficient Data,Insufficient Data,False,False,,,,,,lane,RJ,PE,Southeast,Northeast,True,False
MG>PE,95,7.0,45,5.0,50,2.0,0,0.0,93,10,7,5,86,5,86,5,7,5,0.07368421052631578,0.036148969609054685,0.14435685288249595,4.304004413466455,2.695995586533545,-0.8698523006062602,9.409896610370659,False,False,4.1058401372768225,1.7048885894136916,2.8941598627231775,0.9789473684210527,0.10752688172043011,0.059463070231909915,0.18672755009773168,9.863195417624729,0.13680458237527127,-4.333129886057107,7.502466741464317,7.425688228339808,-2.4256882283398076,7.267588386894675,-2.2675883868946753,0.05813953488372093,0.025086935621079658,0.12897844802678554,0.07526881720430108,0.0,0.1111111111111111,0.04,inconsistent,Insufficient Data,Insufficient Data,Insufficient Data,Insufficient Data,Insufficient Data,False,False,,,,,,lane,MG,PE,Southeast,Northeast,True,False
PR>PB,31,4.0,18,2.0,13,2.0,0,0.0,31,4,5,4,26,0,27,0,4,4,0.12903225806451613,0.051342843746291486,0.28852406256306423,1.4044645980785275,2.5955354019214725,0.18716355805650858,7.539781341376464,True,False,1.30331689209432,3.0690924243085185,2.69668310790568,1.0,0.12903225806451613,0.051342843746291486,0.28852406256306423,3.28773180587491,0.7122681941250901,-1.6961036497398738,5.656514133580081,2.24497551089343,-2.24497551089343,2.2816847261180957,-2.2816847261180957,0.0,0.0,0.12455502974186705,0.16129032258064516,0.0,0.1111111111111111,0.15384615384615385,unverified,Insufficient Data,Insufficient Data,Insufficient Data,Insufficient Data,Insufficient Data,False,False,,,,,,lane,PR,PB,South,Northeast,True,False
MA>MA,11,3.0,0,0.0,11,3.0,0,0.0,11,2,2,1,9,1,8,1,3,1,0.2727272727272727,0.09746059290024889,0.5656453011761291,0.49835840576980006,2.5016415942302,0.5737081161329377,5.72373990716762,True,False,0.4835558015739542,6.204040961219209,2.5164441984260457,1.0,0.18181818181818182,0.05136768974608513,0.4769805619608442,1.1666145117620648,0.8333854882379352,-0.6015699245551284,4.080171669807221,0.7771069076169566,0.22289309238304345,0.676054733664621,0.323945266335379,0.125,0.02241749145005667,0.4708881822128535,0.18181818181818182,0.0,,0.2727272727272727,unverified,Insufficient Data,Insufficient Data,Insufficient Data,Insufficient Data,Insufficient Data,False,False,,,,,,lane,MA,MA,Northeast,Northeast,True,True
DF>ES,14,3.0,6,1.0,8,2.0,0,0.0,13,1,1,0,12,1,10,0,3,1,0.21428571428571427,0.07571386712693184,0.47589230586600295,0.6342743346161092,2.365725665383891,0.42571980516093666,6.028217947507932,True,False,0.6548109850143138,4.581474759368036,2.345189014985686,0.9285714285714286,0.07692307692307693,0.013710421242556586,0.3331395092109959,1.3787262411733492,-0.3787262411733492,-1.2004907650201138,2.952087378569597,1.0361425434892755,-0.03614254348927548,0.8450684170807763,-0.8450684170807763,0.0,0.0,0.2775327998628892,0.07692307692307693,0.0,0.16666666666666666,0.25,unverified,Insufficient Data,Insufficient Data,Insufficient Data,Insufficient Data,Insufficient Data,False,False,,,,,,lane,DF,ES,Central-West,Southeast,False,False
BA>BA,59,5.0,28,4.0,31,1.0,0,0.0,59,8,4,2,55,6,54,6,5,2,0.0847457627118644,0.03674203301763673,0.18351795267410276,2.673013267310746,2.326986732689254,-0.5052333192701787,8.154545940461317,False,False,2.8473014659006615,1.7560486867583565,2.1526985340993385,1.0,0.13559322033898305,0.0703417467253372,0.24539660806537295,6.257296017632893,1.7427039823671073,-2.107132960837998,8.22110385822411,4.748986657659179,1.251013342340821,4.563369452236191,1.4366305477638086,0.1111111111111111,0.051930224969995484,0.2219470102118128,0.06779661016949153,0.0,0.14285714285714285,0.03225806451612903,unverified,Insufficient Data,Insufficient Data,Insufficient Data,Insufficient Data,Insufficient Data,False,False,,,,,,lane,BA,BA,Northeast,Northeast,True,True
RS>BA,37,4.0,22,1.0,15,3.0,0,0.0,36,4,3,2,33,2,32,2,4,2,0.10810810810810811,0.04285189940411473,0.24708531544126028,1.6762964557711457,2.323703544228854,-0.09077617781890082,7.465860215555484,False,False,1.8374713782643561,2.176904656756249,2.162528621735644,0.972972972972973,0.1111111111111111,0.04406640300315648,0.25314808590364857,3.818011129403121,0.18198887059687907,-2.231620621289488,5.295319963128227,2.8493919945955075,-0.8493919945955075,2.704218934658484,-0.704218934658484,0.0625,0.017310567031640967,0.2014712314415458,0.08333333333333333,0.0,0.045454545454545456,0.2,unverified,Insufficient Data,Insufficient Data,Insufficient Data,Insufficient Data,Insufficient Data,False,False,,,,,,lane,RS,BA,South,Northeast,True,False
SC>PB,17,3.0,8,0.0,9,3.0,0,0.0,17,3,2,2,15,1,14,1,3,2,0.17647058823529413,0.06191126637620997,0.41029458568834126,0.7701902634624183,2.2298097365375815,0.2823012649331512,6.204817693239383,True,False,0.697892728373122,4.29865490502156,2.302107271626878,1.0,0.17647058823529413,0.06191126637620997,0.41029458568834126,1.8029496999959183,1.1970503000040817,-0.7504581716003488,5.172058256705883,1.2951781793615942,-0.2951781793615942,1.1830957839130867,-0.18309578391308667,0.07142857142857142,0.012722215247890939,0.31468704424151117,0.11764705882352941,0.0,0.0,0.3333333333333333,unverified,Insufficient Data,Insufficient Data,Insufficient Data,Insufficient Data,Insufficient Data,False,False,,,,,,lane,SC,PB,South,Northeast,True,False
RJ>RN,18,3.0,4,1.0,14,2.0,0,0.0,18,3,3,3,15,0,15,0,3,3,0.16666666666666666,0.05836576805861446,0.39222038103915724,0.8154955730778547,2.184504426922145,0.2350882519772056,6.244471285626975,True,False,0.770743138025336,3.8923473359569285,2.229256861974664,1.0,0.16666666666666666,0.05836576805861446,0.39222038103915724,1.9090055647015605,1.0909944352984395,-0.8584217396465003,5.150961294003269,1.2951781793615942,-1.2951781793615942,1.2676026256211643,-1.2676026256211643,0.0,0.0,0.20388330103584862,0.16666666666666666,0.0,0.25,0.14285714285714285,unverified,Insufficient Data,Insufficient Data,Insufficient Data,Insufficient Data,Insufficient Data,False,False,,,,,,lane,RJ,RN,Southeast,Northeast,True,False
PR>SE,19,3.0,13,3.0,6,0.0,0,0.0,19,3,3,2,16,1,16,1,3,2,0.15789473684210525,0.05520471638534141,0.37565475270329074,0.860800882693291,2.139199117306709,0.1880887286281958,6.276639418669233,True,False,0.5809867901710813,5.163628589759501,2.4190132098289188,1.0,0.15789473684210525,0.05520471638534141,0.37565475270329074,2.015061429407203,0.9849385705927971,-0.966171818085716,5.122378871955321,1.381523391319034,-0.3815233913190339,1.352109467329242,-0.352109467329242,0.0625,0.01111934476464252,0.28328737570298945,0.15789473684210525,0.0,0.23076923076923078,0.0,unverified,Insufficient Data,Insufficient Data,Insufficient Data,Insufficient Data,Insufficient Data,False,False,,,,,,lane,PR,SE,South,Northeast,True,False
PR>PA,43,4.0,19,1.0,24,3.0,0,0.0,43,4,3,1,40,3,39,2,4,2,0.09302325581395349,0.03677164063171276,0.21602703641253587,1.948128313463764,2.051871686536236,-0.3669477663001153,7.341034252275279,False,False,1.849732089585749,2.1624753241404853,2.150267910414251,1.0,0.09302325581395349,0.03677164063171276,0.21602703641253587,4.560402182342617,-0.5604021823426173,-2.979221635178968,4.728760383396426,3.4538084782975846,-0.45380847829758464,3.2957668266150275,-1.2957668266150275,0.05128205128205128,0.014177955415274113,0.16885640047613612,0.06976744186046512,0.0,0.05263157894736842,0.125,unverified,Insufficient Data,Insufficient Data,Insufficient Data,Insufficient Data,Insufficient Data,False,False,,,,,,lane,PR,PA,South,North,False,False
PR>CE,45,4.0,26,3.0,19,1.0,0,0.0,44,11,4,4,40,7,40,7,4,4,0.08888888888888889,0.035111116726370226,0.20733575334289356,2.0387389326946366,1.9612610673053634,-0.4587386800079765,7.291369967735573,False,False,1.8424872692067038,2.170978365414828,2.157512730793296,0.9777777777777777,0.25,0.14574213828964888,0.3944056635895915,4.666458047048259,6.333541952951741,1.7461960376962917,12.687391150893767,3.4538084782975846,3.5461915217024154,3.380273668323105,3.619726331676895,0.175,0.0874541374603592,0.31949990331787714,0.09090909090909091,0.0,0.11538461538461539,0.05263157894736842,unverified,Insufficient Data,Insufficient Data,Insufficient Data,Insufficient Data,Insufficient Data,False,False,,,,,,lane,PR,CE,South,Northeast,True,False
SP>RR,23,3.0,14,2.0,9,1.0,0,0.0,23,3,3,2,20,1,20,1,3,2,0.13043478260869565,0.04537659093631238,0.32127482270095964,1.0420221211550365,1.9579778788449635,0.0016394703801482918,6.347298800967035,True,False,0.6828010797339187,4.393666162872901,2.3171989202660814,1.0,0.13043478260869565,0.04537659093631238,0.32127482270095964,2.4392848882297717,0.5607151117702283,-1.395623296694587,4.9500360338922995,1.7269042391487923,-0.7269042391487923,1.6901368341615526,-0.6901368341615526,0.05,0.008881448800795402,0.23613119344674205,0.13043478260869565,0.0,0.14285714285714285,0.1111111111111111,unverified,Insufficient Data,Insufficient Data,Insufficient Data,Insufficient Data,Insufficient Data,False,False,,,,,,lane,SP,RR,Southeast,North,False,False
MA>AL,3,2.0,0,0.0,3,2.0,0,0.0,3,1,2,1,1,0,1,0,2,1,0.6666666666666666,0.2076596008020477,0.9385080552796037,0.1359159288463091,1.864084071153691,0.48706287355983396,2.679608236992502,True,False,0.09686218692267407,20.64789226364069,1.903137813077326,1.0,0.3333333333333333,0.06149194472039621,0.7923403991979522,0.31816759411692674,0.6818324058830733,-0.13369175995573812,2.05885360347693,0.08634521195743962,-0.08634521195743962,0.08450684170807762,-0.08450684170807762,0.0,0.0,0.7934506856227626,0.6666666666666666,0.0,,0.6666666666666666,unverified,Insufficient Data,Insufficient Data,Insufficient Data,Insufficient Data,Insufficient Data,False,False,,,,,,lane,MA,AL,Northeast,Northeast,True,True
MS>BA,3,2.0,1,0.0,2,2.0,0,0.0,2,0,0,0,2,0,1,0,1,0,0.6666666666666666,0.2076596008020477,0.9385080552796037,0.1359159288463091,1.864084071153691,0.48706287355983396,2.679608236992502,True,False,0.1234032410774984,16.207029754947694,1.8765967589225017,0.6666666666666666,0.0,0.0,0.6576197724933469,0.2121117294112845,-0.2121117294112845,-0.2121117294112845,1.1031278155754094,0.17269042391487924,-0.17269042391487924,0.08450684170807762,-0.08450684170807762,0.0,0.0,0.7934506856227626,0.0,0.0,0.0,1.0,unverified,Insufficient Data,Insufficient Data,Insufficient Data,Insufficient Data,Insufficient Data,False,False,,,,,,lane,MS,BA,Central-West,Northeast,True,False
MA>MG,27,3.0,0,0.0,27,3.0,0,0.0,26,3,3,2,23,1,23,1,3,2,0.1111111111111111,0.038520348283098374,0.2805780081827982,1.223243359616782,1.776756640383218,-0.1831939559731259,6.3523628613187695,False,False,0.813056784632444,3.6897791848034336,2.186943215367556,0.9629629629629629,0.11538461538461539,0.04003244623610615,0.2897590321171364,2.7574524823466984,0.24254751765330163,-1.7166088802079387,4.776282352698847,1.9859398750211112,-0.9859398750211112,1.9436573592857853,-0.9436573592857853,0.043478260869565216,0.007716666143453149,0.20991155070258877,0.11538461538461539,0.0,,0.1111111111111111,unverified,Insufficient Data,Insufficient Data,Insufficient Data,Insufficient Data,Insufficient Data,False,False,,,,,,lane,MA,MG,Northeast,Southeast,False,True
BA>RN,6,2.0,4,1.0,2,1.0,0,0.0,6,1,2,1,4,0,4,0,2,1,0.3333333333333333,0.09677141110578041,0.700006684861608,0.2718318576926182,1.7281681423073818,0.3087966089420643,3.92820825147703,True,False,0.24843005447967542,8.050555735653248,1.7515699455203246,1.0,0.16666666666666666,0.030053369748306635,0.5635028221864702,0.6363351882338535,0.3636648117661465,-0.4560149697440137,2.7446817448849674,0.3453808478297585,-0.3453808478297585,0.3380273668323105,-0.3380273668323105,0.0,0.0,0.4898908364545973,0.3333333333333333,0.0,0.25,0.5,unverified,Insufficient Data,Insufficient Data,Insufficient Data,Insufficient Data,Insufficient Data,False,False,,,,,,lane,BA,RN,Northeast,Northeast,True,True
ES>ES,6,2.0,4,1.0,2,1.0,0,0.0,5,1,1,0,4,1,3,1,2,0,0.3333333333333333,0.09677141110578041,0.700006684861608,0.2718318576926182,1.7281681423073818,0.3087966089420643,3.92820825147703,True,False,0.2700003949167006,7.407396572945872,1.7299996050832993,0.8333333333333334,0.2,0.03622410863243014,0.6244653702374747,0.5302793235282113,0.4697206764717887,-0.3491587803660606,2.5920475276591626,0.3453808478297585,0.6546191521702416,0.25352052512423284,0.7464794748757672,0.3333333333333333,0.06149194472039621,0.7923403991979522,0.2,0.0,0.25,0.5,unverified,Insufficient Data,Insufficient Data,Insufficient Data,Insufficient Data,Insufficient Data,False,False,,,,,,lane,ES,ES,Southeast,Southeast,False,False
ES>RJ,51,4.0,29,2.0,22,2.0,0,0.0,51,6,4,1,47,5,47,5,4,1,0.0784313725490196,0.03092219678848919,0.18499946312595889,2.310570790387255,1.689429209612745,-0.7335387541743063,7.124401829036648,False,False,1.852637029615699,2.1590845568004964,2.147362970384301,1.0,0.11764705882352941,0.05505073677918175,0.23380844314322463,5.408849099987755,0.591150900012245,-2.6012615242494856,6.515381500316701,4.058224961999662,0.9417750380003378,3.9718215602796483,1.0281784397203517,0.10638297872340426,0.04630478218108157,0.22594269343738355,0.0784313725490196,0.0,0.06896551724137931,0.09090909090909091,unverified,Insufficient Data,Insufficient Data,Insufficient Data,Insufficient Data,Insufficient Data,False,False,,,,,,lane,ES,RJ,Southeast,Southeast,False,False
DF>PB,7,2.0,3,1.0,4,1.0,0,0.0,7,2,2,2,5,0,5,0,2,2,0.2857142857142857,0.08221892400405678,0.6410655481673808,0.3171371673080546,1.6828628326919455,0.2583953007203429,4.170321669863611,True,False,0.2784680568541278,7.182152317914426,1.7215319431458722,1.0,0.2857142857142857,0.08221892400405678,0.6410655481673808,0.7423910529394958,1.257608947060504,-0.16685858491109828,3.7450677842321705,0.4317260597871981,-0.4317260597871981,0.42253420854038815,-0.42253420854038815,0.0,0.0,0.43448246478317476,0.2857142857142857,0.0,0.3333333333333333,0.25,unverified,Insufficient Data,Insufficient Data,Insufficient Data,Insufficient Data,Insufficient Data,False,False,,,,,,lane,DF,PB,Central-West,Northeast,True,False
PE>PI,7,2.0,0,0.0,7,2.0,0,0.0,7,1,0,0,7,1,5,0,2,1,0.2857142857142857,0.08221892400405678,0.6410655481673808,0.3171371673080546,1.6828628326919455,0.2583953007203429,4.170321669863611,True,False,0.3577584888843797,5.590363505382424,1.6422415111156203,1.0,0.14285714285714285,0.02567962434474355,0.5131278292743189,0.7423910529394958,0.2576089470605042,-0.5626336825262909,2.8495037519807362,0.6044164837020773,0.39558351629792265,0.42253420854038815,-0.42253420854038815,0.0,0.0,0.43448246478317476,0.0,0.0,,0.2857142857142857,unverified,Insufficient Data,Insufficient Data,Insufficient Data,Insufficient Data,Insufficient Data,False,False,,,,,,lane,PE,PI,Northeast,Northeast,True,True
MA>PR,8,2.0,0,0.0,8,2.0,0,0.0,8,2,2,2,6,0,6,0,2,2,0.25,0.071479212752109,0.5907245696898311,0.36244247692349096,1.637557523076509,0.20939122509338104,4.363354080595158,True,False,0.30717030338580353,6.511046080805589,1.6928296966141965,1.0,0.25,0.071479212752109,0.5907245696898311,0.848446917645138,1.1515530823548619,-0.276613215628266,3.877349639873511,0.5180712717446377,-0.5180712717446377,0.5070410502484657,-0.5070410502484657,0.0,2.7755575615628914e-17,0.3903342879021653,0.25,0.0,,0.25,unverified,Insufficient Data,Insufficient Data,Insufficient Data,Insufficient Data,Insufficient Data,False,False,,,,,,lane,MA,PR,Northeast,South,False,True
MA>BA,8,2.0,0,0.0,8,2.0,0,0.0,7,0,1,0,6,0,6,0,1,0,0.25,0.071479212752109,0.5907245696898311,0.36244247692349096,1.637557523076509,0.20939122509338104,4.363354080595158,True,False,0.4099898387632812,4.878169678626485,1.5900101612367188,0.875,0.0,5.551115123125783e-17,0.35433043506668743,0.7423910529394958,-0.7423910529394958,-0.7423910529394954,1.7379219925273162,0.5180712717446377,-0.5180712717446377,0.5070410502484657,-0.5070410502484657,0.0,2.7755575615628914e-17,0.3903342879021653,0.14285714285714285,0.0,,0.25,unverified,Insufficient Data,Insufficient Data,Insufficient Data,Insufficient Data,Insufficient Data,False,False,,,,,,lane,MA,BA,Northeast,Northeast,True,True
MA>ES,9,2.0,0,0.0,9,2.0,0,0.0,9,1,2,1,7,0,7,0,2,1,0.2222222222222222,0.06322510711784671,0.5474110308930111,0.40774778653892735,1.5922522134610726,0.16127817752169304,4.518951491498173,True,False,0.28758160655682236,6.954547698462858,1.7124183934431776,1.0,0.1111111111111111,0.019890887638544907,0.434999705576656,0.9545027823507802,0.04549721764921977,-0.7754847936038761,2.960494567839124,0.6044164837020773,-0.6044164837020773,0.5915478919565433,-0.5915478919565433,0.0,5.551115123125783e-17,0.35433043506668743,0.2222222222222222,0.0,,0.2222222222222222,unverified,Insufficient Data,Insufficient Data,Insufficient Data,Insufficient Data,Insufficient Data,False,False,,,,,,lane,MA,ES,Northeast,Southeast,False,True
PR>MA,32,3.0,21,2.0,11,1.0,0,0.0,32,5,3,2,29,3,29,3,3,2,0.09375,0.032401551298366194,0.24218154728387864,1.4497699076939639,1.5502300923060361,-0.41292026614624566,6.300039605390152,False,False,1.4489446597051474,2.070472450349128,1.5510553402948526,1.0,0.15625,0.0686442028250571,0.3175414959753039,3.393787670580552,1.606212329419448,-1.197173180178725,6.767540200629172,2.504011146765749,0.4959888532342509,2.450698409534251,0.549301590465749,0.10344827586206896,0.03581489135067707,0.26385081090773804,0.09375,0.0,0.09523809523809523,0.09090909090909091,unverified,Insufficient Data,Insufficient Data,Insufficient Data,Insufficient Data,Insufficient Data,False,False,,,,,,lane,PR,MA,South,Northeast,True,False
MG>SE,32,3.0,24,3.0,8,0.0,0,0.0,31,4,1,1,30,3,29,3,2,1,0.09375,0.032401551298366194,0.24218154728387864,1.4497699076939639,1.5502300923060361,-0.41292026614624566,6.300039605390152,False,False,1.4432500771134884,2.07864184286068,1.5567499228865116,0.96875,0.12903225806451613,0.051342843746291486,0.28852406256306423,3.28773180587491,0.7122681941250901,-1.6961036497398738,5.656514133580081,2.5903563587231884,0.40964364127681163,2.450698409534251,0.549301590465749,0.10344827586206896,0.03581489135067707,0.26385081090773804,0.03225806451612903,0.0,0.125,0.0,unverified,Insufficient Data,Insufficient Data,Insufficient Data,Insufficient Data,Insufficient Data,False,False,,,,,,lane,MG,SE,Southeast,Northeast,True,False
RS>MA,11,2.0,8,2.0,3,0.0,0,0.0,11,3,2,2,9,1,9,1,2,2,0.18181818181818182,0.05136768974608513,0.4769805619608442,0.49835840576980006,1.5016415942302,0.06668618143713638,4.748427775799486,True,False,0.5257245923599434,3.804273243186381,1.4742754076400566,1.0,0.2727272727272727,0.09746059290024889,0.5656453011761291,1.1666145117620648,1.8333854882379352,-0.09454798985932701,5.055483801175355,0.7771069076169566,0.22289309238304345,0.7605615753726986,0.23943842462730136,0.1111111111111111,0.019890887638544907,0.434999705576656,0.18181818181818182,0.0,0.25,0.0,unverified,Insufficient Data,Insufficient Data,Insufficient Data,Insufficient Data,Insufficient Data,False,False,,,,,,lane,RS,MA,South,Northeast,True,False
BA>CE,11,2.0,9,2.0,2,0.0,0,0.0,11,1,1,1,10,0,9,0,2,1,0.18181818181818182,0.05136768974608513,0.4769805619608442,0.49835840576980006,1.5016415942302,0.06668618143713638,4.748427775799486,True,False,0.5066136421024409,3.947781571179218,1.4933863578975592,1.0,0.09090909090909091,0.016232172885884855,0.37735843645159567,1.1666145117620648,-0.16661451176206477,-0.9880606100173314,2.9843282892054876,0.8634521195743962,-0.8634521195743962,0.7605615753726986,-0.7605615753726986,0.0,0.0,0.2991450484195441,0.09090909090909091,0.0,0.2222222222222222,0.0,unverified,Insufficient Data,Insufficient Data,Insufficient Data,Insufficient Data,Insufficient Data,False,False,,,,,,lane,BA,CE,Northeast,Northeast,True,True
RJ>AL,13,2.0,5,1.0,8,1.0,0,0.0,13,2,1,1,12,1,11,1,2,1,0.15384615384615385,0.043258178358081184,0.4223463101948254,0.5889690250006728,1.4110309749993273,-0.026612706345617423,4.901533007532057,False,False,0.3955272322746157,5.0565418428923605,1.6044727677253843,1.0,0.15384615384615385,0.043258178358081184,0.4223463101948254,1.3787262411733492,0.6212737588266508,-0.8163699225182939,4.11177579135938,1.0361425434892755,-0.03614254348927548,0.9295752587888538,0.07042474121114617,0.09090909090909091,0.016232172885884855,0.37735843645159567,0.07692307692307693,0.0,0.2,0.125,unverified,Insufficient Data,Insufficient Data,Insufficient Data,Insufficient Data,Insufficient Data,False,False,,,,,,lane,RJ,AL,Southeast,Northeast,True,False
DF>SC,15,2.0,6,1.0,9,1.0,0,0.0,15,0,1,0,14,0,13,0,2,0,0.13333333333333333,0.03736125910306537,0.37881982832322364,0.6795796442315456,1.3204203557684544,-0.11916075768556501,5.002717780616809,False,False,0.7029324295836546,2.8452236884057203,1.2970675704163455,1.0,0.0,0.0,0.20388330103584862,1.5908379705846338,-1.5908379705846338,-1.5908379705846338,1.4674115449530956,1.2088329674041547,-1.2088329674041547,1.098588942205009,-1.098588942205009,0.0,0.0,0.22809537235419838,0.06666666666666667,0.0,0.16666666666666666,0.1111111111111111,unverified,Insufficient Data,Insufficient Data,Insufficient Data,Insufficient Data,Insufficient Data,False,False,,,,,,lane,DF,SC,Central-West,South,False,False
PR>ES,82,5.0,38,2.0,44,3.0,0,0.0,79,8,5,2,74,6,75,6,4,2,0.06097560975609756,0.02632395506781607,0.1349204950015403,3.7150353884657825,1.2849646115342175,-1.5564710729048647,7.348445201660522,False,False,3.667673558105917,1.3632620026800126,1.3323264418940828,0.9634146341463414,0.10126582278481013,0.05221180794058543,0.18729941147963136,8.378413311745739,-0.37841331174573867,-4.2536804844394895,6.41824019514514,6.389545684850532,-0.38954568485053187,6.338013128105822,-0.33801312810582207,0.08,0.03718012435033387,0.16374790333522304,0.06329113924050633,0.0,0.05263157894736842,0.06818181818181818,consistent,Insufficient Data,Insufficient Data,Insufficient Data,Insufficient Data,Insufficient Data,False,False,,,,,,lane,PR,ES,South,Southeast,False,False
MG>MT,38,3.0,22,2.0,16,1.0,0,0.0,38,6,1,1,37,5,35,5,3,1,0.07894736842105263,0.027214595506987724,0.20799371457771454,1.721601765386582,1.278398234613418,-0.6874471361210486,6.1821593885665695,False,False,1.4434150594046995,2.078404254170159,1.5565849405953005,1.0,0.15789473684210525,0.07443863415158927,0.3041681177922313,4.030122858814406,1.9698771411855942,-1.2014547610540132,7.5282656172903835,3.194772842425266,1.805227157574734,2.957739459782717,2.042260540217283,0.14285714285714285,0.06260231079433715,0.29375554086595146,0.02631578947368421,0.0,0.09090909090909091,0.0625,unverified,Insufficient Data,Insufficient Data,Insufficient Data,Insufficient Data,Insufficient Data,False,False,,,,,,lane,MG,MT,Southeast,Central-West,False,False
RJ>SE,16,2.0,7,1.0,9,1.0,0,0.0,16,1,2,1,14,0,14,0,2,1,0.125,0.03497748774324047,0.36022827265758695,0.7248849538469819,1.275115046153018,-0.1652451499551344,5.038767408674409,False,False,0.6991002600734888,2.8608199913840138,1.3008997399265112,1.0,0.0625,0.01111934476464252,0.28328737570298945,1.696893835290276,-0.696893835290276,-1.5189843190559957,2.835704175957555,1.2088329674041547,-1.2088329674041547,1.1830957839130867,-1.1830957839130867,0.0,1.3877787807814457e-17,0.2153108027376358,0.125,0.0,0.14285714285714285,0.1111111111111111,unverified,Insufficient Data,Insufficient Data,Insufficient Data,Insufficient Data,Insufficient Data,False,False,,,,,,lane,RJ,SE,Southeast,Northeast,True,False
MA>PE,17,2.0,0,0.0,17,2.0,0,0.0,17,2,2,1,15,1,15,1,2,1,0.11764705882352941,0.03287977376379267,0.3433635059488588,0.7701902634624183,1.2298097365375817,-0.2112341094779429,5.066989337668181,False,False,0.3904680393288683,5.122058141909836,1.6095319606711316,1.0,0.11764705882352941,0.03287977376379267,0.3433635059488588,1.8029496999959183,0.19705030000408175,-1.2439935460114429,4.0342299011346805,1.2951781793615942,-0.2951781793615942,1.2676026256211643,-0.2676026256211643,0.06666666666666667,0.011866895493268553,0.2981652987378003,0.11764705882352941,0.0,,0.11764705882352941,unverified,Insufficient Data,Insufficient Data,Insufficient Data,Insufficient Data,Insufficient Data,False,False,,,,,,lane,MA,PE,Northeast,Northeast,True,True
MA>SC,18,2.0,0,0.0,18,2.0,0,0.0,18,2,1,1,17,1,16,1,2,1,0.1111111111111111,0.03101952264561239,0.32799765130178804,0.8154955730778547,1.1845044269221452,-0.2571441654568316,5.08846215035433,False,False,0.48060266305413524,4.161441776644336,1.5193973369458647,1.0,0.1111111111111111,0.03101952264561239,0.32799765130178804,1.9090055647015605,0.09099443529843954,-1.3506541570805375,3.994952158730624,1.4678686032764736,-0.4678686032764736,1.352109467329242,-0.352109467329242,0.0625,0.01111934476464252,0.28328737570298945,0.05555555555555555,0.0,,0.1111111111111111,unverified,Insufficient Data,Insufficient Data,Insufficient Data,Insufficient Data,Insufficient Data,False,False,,,,,,lane,MA,SC,Northeast,South,False,True
SC>CE,18,2.0,11,0.0,7,2.0,0,0.0,18,2,2,1,16,1,16,1,2,1,0.1111111111111111,0.03101952264561239,0.32799765130178804,0.8154955730778547,1.1845044269221452,-0.2571441654568316,5.08846215035433,False,False,0.7060403755521055,2.83269919009384,1.2939596244478944,1.0,0.1111111111111111,0.03101952264561239,0.32799765130178804,1.9090055647015605,0.09099443529843954,-1.3506541570805375,3.994952158730624,1.381523391319034,-0.3815233913190339,1.352109467329242,-0.352109467329242,0.0625,0.01111934476464252,0.28328737570298945,0.1111111111111111,0.0,0.0,0.2857142857142857,unverified,Insufficient Data,Insufficient Data,Insufficient Data,Insufficient Data,Insufficient Data,False,False,,,,,,lane,SC,CE,South,Northeast,True,False
DF>RS,19,2.0,9,0.0,10,2.0,0,0.0,19,4,2,2,17,2,17,2,2,2,0.10526315789473684,0.02935856029887013,0.31394082711109006,0.860800882693291,1.1391991173067089,-0.3029882370147586,5.10407483241742,False,False,0.9051712303420364,2.2095266983289577,1.0948287696579637,1.0,0.21052631578947367,0.08507676632916253,0.43334278443814167,2.015061429407203,1.984938570592797,-0.39860286915311477,6.218451474917488,1.4678686032764736,0.5321313967235264,1.4366163090373196,0.5633836909626804,0.11764705882352941,0.03287977376379267,0.3433635059488588,0.10526315789473684,0.0,0.0,0.2,unverified,Insufficient Data,Insufficient Data,Insufficient Data,Insufficient Data,Insufficient Data,False,False,,,,,,lane,DF,RS,Central-West,South,False,False
SC>MT,20,2.0,10,1.0,10,1.0,0,0.0,20,3,2,1,18,2,18,2,2,1,0.1,0.027866481213768224,0.3010336452284873,0.9061061923087275,1.0938938076912725,-0.34877656803336293,5.114566712261018,False,False,0.8830288316155681,2.2649317082216314,1.116971168384432,1.0,0.15,0.052368745896216595,0.36041886474075696,2.121117294112845,0.8788827058871549,-1.0737423761885132,5.087260000702294,1.554213815233913,0.4457861847660869,1.5211231507453973,0.4788768492546027,0.1111111111111111,0.03101952264561239,0.32799765130178804,0.1,0.0,0.1,0.1,unverified,Insufficient Data,Insufficient Data,Insufficient Data,Insufficient Data,Insufficient Data,False,False,,,,,,lane,SC,MT,South,Central-West,False,False
AM>AL,1,1.0,1,1.0,0,0.0,0,0.0,1,1,1,1,0,0,0,0,1,1,1.0,0.20654931437723745,1.0,0.04530530961543637,0.9546946903845637,0.16124400476180106,0.9546946903845637,True,False,0.016877637130801686,59.25000000000001,0.9831223628691983,1.0,1.0,0.20654931437723745,1.0,0.10605586470564225,0.8939441352943578,0.1004934496715952,0.8939441352943578,0.0,0.0,0.0,0.0,,,,1.0,0.0,1.0,,unverified,Insufficient Data,Insufficient Data,Insufficient Data,Insufficient Data,Insufficient Data,False,False,,,,,,lane,AM,AL,North,Northeast,True,False
BA>AC,1,1.0,1,1.0,0,0.0,0,0.0,1,1,1,1,0,0,0,0,1,1,1.0,0.20654931437723745,1.0,0.04530530961543637,0.9546946903845637,0.16124400476180106,0.9546946903845637,True,False,0.05732484076433121,17.444444444444443,0.9426751592356688,1.0,1.0,0.20654931437723745,1.0,0.10605586470564225,0.8939441352943578,0.1004934496715952,0.8939441352943578,0.0,0.0,0.0,0.0,,,,1.0,0.0,1.0,,unverified,Insufficient Data,Insufficient Data,Insufficient Data,Insufficient Data,Insufficient Data,False,False,,,,,,lane,BA,AC,Northeast,North,False,True
CE>AM,1,1.0,1,1.0,0,0.0,0,0.0,1,1,1,1,0,0,0,0,1,1,1.0,0.20654931437723745,1.0,0.04530530961543637,0.9546946903845637,0.16124400476180106,0.9546946903845637,True,False,0.022377622377622378,44.6875,0.9776223776223776,1.0,1.0,0.20654931437723745,1.0,0.10605586470564225,0.8939441352943578,0.1004934496715952,0.8939441352943578,0.0,0.0,0.0,0.0,,,,1.0,0.0,1.0,,unverified,Insufficient Data,Insufficient Data,Insufficient Data,Insufficient Data,Insufficient Data,False,False,,,,,,lane,CE,AM,Northeast,North,False,True
MG>ES,134,7.0,74,4.0,60,3.0,0,0.0,130,19,5,4,125,15,124,15,6,4,0.05223880597014925,0.025532002054082972,0.1039026322956776,6.070911488468473,0.9290885115315266,-2.6496232132213553,7.852041239152325,False,False,5.5660862689893875,1.257616152843237,1.4339137310106125,0.9701492537313433,0.14615384615384616,0.09560645464954777,0.21701311173420373,13.787262411733494,5.212737588266506,-1.3584233072922827,14.424442113712992,10.793151494679952,4.206848505320048,10.478848371801625,4.521151628198375,0.12096774193548387,0.07469498060109575,0.19001929231845027,0.038461538461538464,0.0,0.05405405405405406,0.05,inconsistent,No Signal,No Signal,No Signal,No Signal,No Signal,True,False,24.0,22.0,23.0,23.0,20.0,lane,MG,ES,Southeast,Southeast,False,False
DF>SE,2,1.0,2,1.0,0,0.0,0,0.0,2,2,1,1,1,1,1,1,1,1,0.5,0.09453120573423074,0.9054687942657693,0.09061061923087274,0.9093893807691272,0.09845179223758874,1.720326969300666,True,False,0.0616450789912668,16.22189502168809,0.9383549210087332,1.0,1.0,0.34238022750665303,1.0,0.2121117294112845,1.7878882705887156,0.47264872560202154,1.7878882705887156,0.08634521195743962,0.9136547880425604,0.08450684170807762,0.9154931582919223,1.0,0.20654931437723745,1.0,0.5,0.0,0.5,,unverified,Insufficient Data,Insufficient Data,Insufficient Data,Insufficient Data,Insufficient Data,False,False,,,,,,lane,DF,SE,Central-West,Northeast,True,False
ES>PA,2,1.0,1,0.0,1,1.0,0,0.0,2,1,1,1,1,0,1,0,1,1,0.5,0.09453120573423074,0.9054687942657693,0.09061061923087274,0.9093893807691272,0.09845179223758874,1.720326969300666,True,False,0.11906009982450942,8.399119448698317,0.8809399001754906,1.0,0.5,0.09453120573423074,0.9054687942657693,0.2121117294112845,0.7878882705887155,-0.023049317942823028,1.5988258591202542,0.08634521195743962,-0.08634521195743962,0.08450684170807762,-0.08450684170807762,0.0,0.0,0.7934506856227626,0.5,0.0,0.0,1.0,unverified,Insufficient Data,Insufficient Data,Insufficient Data,Insufficient Data,Insufficient Data,False,False,,,,,,lane,ES,PA,Southeast,North,False,False
MT>PE,2,1.0,1,0.0,1,1.0,0,0.0,2,1,1,0,1,1,1,1,1,0,0.5,0.09453120573423074,0.9054687942657693,0.09061061923087274,0.9093893807691272,0.09845179223758874,1.720326969300666,True,False,0.08974436673494866,11.142760669908158,0.9102556332650513,1.0,0.5,0.09453120573423074,0.9054687942657693,0.2121117294112845,0.7878882705887155,-0.023049317942823028,1.5988258591202542,0.08634521195743962,0.9136547880425604,0.08450684170807762,0.9154931582919223,1.0,0.20654931437723745,1.0,0.5,0.0,0.0,1.0,unverified,Insufficient Data,Insufficient Data,Insufficient Data,Insufficient Data,Insufficient Data,False,False,,,,,,lane,MT,PE,Central-West,Northeast,True,False
RJ>MT,25,2.0,5,0.0,20,2.0,0,0.0,25,2,1,1,24,1,23,0,2,2,0.08,0.022220401284847563,0.24966108950395313,1.1326327403859093,0.8673672596140907,-0.5771227082647202,5.108894497212919,False,False,1.0498148930482794,1.9050977588941702,0.9501851069517206,1.0,0.08,0.022220401284847563,0.24966108950395313,2.651396617641056,-0.6513966176410562,-2.0958865855198674,3.5901306199577725,2.072285086978551,-1.072285086978551,1.9436573592857853,-1.9436573592857853,0.0,0.0,0.14311661845042686,0.04,0.0,0.0,0.1,unverified,Insufficient Data,Insufficient Data,Insufficient Data,Insufficient Data,Insufficient Data,False,False,,,,,,lane,RJ,MT,Southeast,Central-West,False,False
GO>DF,25,2.0,12,1.0,13,1.0,0,0.0,25,2,1,1,24,1,23,1,2,1,0.08,0.022220401284847563,0.24966108950395313,1.1326327403859093,0.8673672596140907,-0.5771227082647202,5.108894497212919,False,False,1.1091181157420098,1.8032344541248273,0.8908818842579902,1.0,0.08,0.022220401284847563,0.24966108950395313,2.651396617641056,-0.6513966176410562,-2.0958865855198674,3.5901306199577725,2.072285086978551,-1.072285086978551,1.9436573592857853,-0.9436573592857853,0.043478260869565216,0.007716666143453149,0.20991155070258877,0.04,0.0,0.08333333333333333,0.07692307692307693,unverified,Insufficient Data,Insufficient Data,Insufficient Data,Insufficient Data,Insufficient Data,False,False,,,,,,lane,GO,DF,Central-West,Central-West,False,False
RN>BA,3,1.0,2,1.0,1,0.0,0,0.0,3,1,1,1,2,0,2,0,1,1,0.3333333333333333,0.06149194472039621,0.7923403991979522,0.1359159288463091,0.8640840711536909,0.04855990531487951,2.2411052687475475,True,False,0.09277750605033874,10.778474681755567,0.9072224939496613,1.0,0.3333333333333333,0.06149194472039621,0.7923403991979522,0.31816759411692674,0.6818324058830733,-0.13369175995573812,2.05885360347693,0.17269042391487924,-0.17269042391487924,0.16901368341615525,-0.16901368341615525,0.0,0.0,0.6576197724933469,0.3333333333333333,0.0,0.5,0.0,unverified,Insufficient Data,Insufficient Data,Insufficient Data,Insufficient Data,Insufficient Data,False,False,,,,,,lane,RN,BA,Northeast,Northeast,True,True
CE>PA,3,1.0,0,0.0,3,1.0,0,0.0,3,2,1,1,2,1,2,1,1,1,0.3333333333333333,0.06149194472039621,0.7923403991979522,0.1359159288463091,0.8640840711536909,0.04855990531487951,2.2411052687475475,True,False,0.06813960203593486,14.675753454982447,0.9318603979640652,1.0,0.6666666666666666,0.2076596008020477,0.9385080552796037,0.31816759411692674,1.6818324058830734,0.3048112082892164,2.4973565717218844,0.17269042391487924,0.8273095760851208,0.16901368341615525,0.8309863165838447,0.5,0.09453120573423074,0.9054687942657693,0.3333333333333333,0.0,,0.3333333333333333,unverified,Insufficient Data,Insufficient Data,Insufficient Data,Insufficient Data,Insufficient Data,False,False,,,,,,lane,CE,PA,Northeast,North,False,True
BA>PE,26,2.0,14,1.0,12,1.0,0,0.0,26,1,1,1,25,0,24,0,2,1,0.07692307692307693,0.0213550884722762,0.2414155377162906,1.1779380500013457,0.8220619499986543,-0.6227057497221644,5.0988659306222095,False,False,1.1728199516482494,1.7052915898891847,0.8271800483517506,1.0,0.038461538461538464,0.006821984993543487,0.18892778903034757,2.7574524823466984,-1.7574524823466984,-2.580080872514568,2.1546700324423385,2.1586302989359907,-2.1586302989359907,2.0281642009938627,-2.0281642009938627,0.0,1.3877787807814457e-17,0.13797620467498017,0.038461538461538464,0.0,0.07142857142857142,0.08333333333333333,unverified,Insufficient Data,Insufficient Data,Insufficient Data,Insufficient Data,Insufficient Data,False,False,,,,,,lane,BA,PE,Northeast,Northeast,True,True
RN>PR,4,1.0,2,0.0,2,1.0,0,0.0,4,1,1,1,3,0,3,0,1,1,0.25,0.04558726080970055,0.6993581574175981,0.18122123846174548,0.8187787615382545,0.0011278047770567068,2.616211391208647,True,False,0.2842001519127988,3.5186469580312902,0.7157998480872012,1.0,0.25,0.04558726080970055,0.6993581574175981,0.424223458822569,0.5757765411774309,-0.24187441558376682,2.3732091708478236,0.25903563587231887,-0.25903563587231887,0.25352052512423284,-0.25352052512423284,0.0,5.551115123125783e-17,0.5614970317550454,0.25,0.0,0.0,0.5,unverified,Insufficient Data,Insufficient Data,Insufficient Data,Insufficient Data,Insufficient Data,False,False,,,,,,lane,RN,PR,Northeast,South,False,True
MA>MT,4,1.0,0,0.0,4,1.0,0,0.0,4,0,0,0,4,0,3,0,1,0,0.25,0.04558726080970055,0.6993581574175981,0.18122123846174548,0.8187787615382545,0.0011278047770567068,2.616211391208647,True,False,0.10420032575328912,9.596898980600688,0.8957996742467109,1.0,0.0,0.0,0.4898908364545973,0.424223458822569,-0.424223458822569,-0.424223458822569,1.5353398869958201,0.3453808478297585,-0.3453808478297585,0.25352052512423284,-0.25352052512423284,0.0,5.551115123125783e-17,0.5614970317550454,0.0,0.0,,0.25,unverified,Insufficient Data,Insufficient Data,Insufficient Data,Insufficient Data,Insufficient Data,False,False,,,,,,lane,MA,MT,Northeast,Central-West,False,True
PE>PR,5,1.0,1,0.0,4,1.0,0,0.0,5,1,1,0,4,1,4,1,1,0,0.2,0.03622410863243014,0.6244653702374747,0.22652654807718187,0.7734734519228181,-0.04540600491503115,2.895800303110192,False,False,0.22545214735288405,4.43553105056379,0.7745478526471159,1.0,0.2,0.03622410863243014,0.6244653702374747,0.5302793235282113,0.4697206764717887,-0.3491587803660606,2.5920475276591626,0.3453808478297585,0.6546191521702416,0.3380273668323105,0.6619726331676895,0.25,0.04558726080970055,0.6993581574175981,0.2,0.0,0.0,0.25,unverified,Insufficient Data,Insufficient Data,Insufficient Data,Insufficient Data,Insufficient Data,False,False,,,,,,lane,PE,PR,Northeast,South,False,True
DF>RN,5,1.0,2,0.0,3,1.0,0,0.0,5,1,1,1,4,0,4,0,1,1,0.2,0.03622410863243014,0.6244653702374747,0.22652654807718187,0.7734734519228181,-0.04540600491503115,2.895800303110192,False,False,0.23410292040326305,4.271625481123479,0.7658970795967369,1.0,0.2,0.03622410863243014,0.6244653702374747,0.5302793235282113,0.4697206764717887,-0.3491587803660606,2.5920475276591626,0.3453808478297585,-0.3453808478297585,0.3380273668323105,-0.3380273668323105,0.0,0.0,0.4898908364545973,0.2,0.0,0.0,0.3333333333333333,unverified,Insufficient Data,Insufficient Data,Insufficient Data,Insufficient Data,Insufficient Data,False,False,,,,,,lane,DF,RN,Central-West,Northeast,True,False
MA>PA,5,1.0,0,0.0,5,1.0,0,0.0,5,1,1,1,4,0,4,0,1,1,0.2,0.03622410863243014,0.6244653702374747,0.22652654807718187,0.7734734519228181,-0.04540600491503115,2.895800303110192,False,False,0.14746831913063643,6.7811175030356114,0.8525316808693636,1.0,0.2,0.03622410863243014,0.6244653702374747,0.5302793235282113,0.4697206764717887,-0.3491587803660606,2.5920475276591626,0.3453808478297585,-0.3453808478297585,0.3380273668323105,-0.3380273668323105,0.0,0.0,0.4898908364545973,0.2,0.0,,0.2,unverified,Insufficient Data,Insufficient Data,Insufficient Data,Insufficient Data,Insufficient Data,False,False,,,,,,lane,MA,PA,Northeast,North,False,True
MA>PI,5,1.0,0,0.0,5,1.0,0,0.0,5,0,1,0,4,0,4,0,1,0,0.2,0.03622410863243014,0.6244653702374747,0.22652654807718187,0.7734734519228181,-0.04540600491503115,2.895800303110192,False,False,0.11294902210382708,8.853551641029362,0.8870509778961729,1.0,0.0,0.0,0.43448246478317476,0.5302793235282113,-0.5302793235282113,-0.5302793235282113,1.6421330003876624,0.3453808478297585,-0.3453808478297585,0.3380273668323105,-0.3380273668323105,0.0,0.0,0.4898908364545973,0.2,0.0,,0.2,unverified,Insufficient Data,Insufficient Data,Insufficient Data,Insufficient Data,Insufficient Data,False,False,,,,,,lane,MA,PI,Northeast,Northeast,True,True
DF>TO,5,1.0,1,0.0,4,1.0,0,0.0,5,0,0,0,5,0,4,0,1,0,0.2,0.03622410863243014,0.6244653702374747,0.22652654807718187,0.7734734519228181,-0.04540600491503115,2.895800303110192,False,False,0.3221697941663646,3.103953313151425,0.6778302058336354,1.0,0.0,0.0,0.43448246478317476,0.5302793235282113,-0.5302793235282113,-0.5302793235282113,1.6421330003876624,0.4317260597871981,-0.4317260597871981,0.3380273668323105,-0.3380273668323105,0.0,0.0,0.4898908364545973,0.0,0.0,0.0,0.25,unverified,Insufficient Data,Insufficient Data,Insufficient Data,Insufficient Data,Insufficient Data,False,False,,,,,,lane,DF,TO,Central-West,North,False,False
GO>PB,5,1.0,3,1.0,2,0.0,0,0.0,5,0,1,0,4,0,4,0,1,0,0.2,0.03622410863243014,0.6244653702374747,0.22652654807718187,0.7734734519228181,-0.04540600491503115,2.895800303110192,False,False,0.17415189736800712,5.742113724359036,0.8258481026319928,1.0,0.0,0.0,0.43448246478317476,0.5302793235282113,-0.5302793235282113,-0.5302793235282113,1.6421330003876624,0.3453808478297585,-0.3453808478297585,0.3380273668323105,-0.3380273668323105,0.0,0.0,0.4898908364545973,0.2,0.0,0.3333333333333333,0.0,unverified,Insufficient Data,Insufficient Data,Insufficient Data,Insufficient Data,Insufficient Data,False,False,,,,,,lane,GO,PB,Central-West,Northeast,True,False
CE>PE,6,1.0,6,1.0,0,0.0,0,0.0,6,1,1,1,5,0,5,0,1,1,0.16666666666666666,0.030053369748306635,0.5635028221864702,0.2718318576926182,0.7281681423073818,-0.09151163920277841,3.109185075426203,False,False,0.17276476499696647,5.788217290820606,0.8272352350030335,1.0,0.16666666666666666,0.030053369748306635,0.5635028221864702,0.6363351882338535,0.3636648117661465,-0.4560149697440137,2.7446817448849674,0.4317260597871981,-0.4317260597871981,0.42253420854038815,-0.42253420854038815,0.0,0.0,0.43448246478317476,0.16666666666666666,0.0,0.16666666666666666,,unverified,Insufficient Data,Insufficient Data,Insufficient Data,Insufficient Data,Insufficient Data,False,False,,,,,,lane,CE,PE,Northeast,Northeast,True,True
GO>PE,7,1.0,5,1.0,2,0.0,0,0.0,7,1,1,1,6,0,6,0,1,1,0.14285714285714285,0.02567962434474355,0.5131278292743189,0.3171371673080546,0.6828628326919455,-0.13737979689484975,3.2747576376121774,False,False,0.30373736452719147,3.2923180246744947,0.6962626354728085,1.0,0.14285714285714285,0.02567962434474355,0.5131278292743189,0.7423910529394958,0.2576089470605042,-0.5626336825262909,2.8495037519807362,0.5180712717446377,-0.5180712717446377,0.5070410502484657,-0.5070410502484657,0.0,2.7755575615628914e-17,0.3903342879021653,0.14285714285714285,0.0,0.2,0.0,unverified,Insufficient Data,Insufficient Data,Insufficient Data,Insufficient Data,Insufficient Data,False,False,,,,,,lane,GO,PE,Central-West,Northeast,True,False
DF>PI,7,1.0,4,0.0,3,1.0,0,0.0,7,2,0,0,7,2,6,1,1,1,0.14285714285714285,0.02567962434474355,0.5131278292743189,0.3171371673080546,0.6828628326919455,-0.13737979689484975,3.2747576376121774,False,False,0.19760083889244126,5.060707260176781,0.8023991611075587,1.0,0.2857142857142857,0.08221892400405678,0.6410655481673808,0.7423910529394958,1.257608947060504,-0.16685858491109828,3.7450677842321705,0.6044164837020773,1.3955835162979227,0.5070410502484657,0.4929589497515343,0.16666666666666666,0.030053369748306635,0.5635028221864702,0.0,0.0,0.0,0.3333333333333333,unverified,Insufficient Data,Insufficient Data,Insufficient Data,Insufficient Data,Insufficient Data,False,False,,,,,,lane,DF,PI,Central-West,Northeast,True,False
BA>PA,8,1.0,5,0.0,3,1.0,0,0.0,8,3,0,0,8,3,7,2,1,1,0.125,0.02241749145005667,0.4708881822128535,0.36244247692349096,0.637557523076509,-0.1831025453230376,3.404662980779337,False,False,0.3091972464534766,3.2341814536516744,0.6908027535465233,1.0,0.375,0.13684428582359742,0.6942576053973727,0.848446917645138,2.151553082354862,0.24630736894364136,4.705613925533844,0.690761695659517,2.309238304340483,0.5915478919565433,1.4084521080434567,0.2857142857142857,0.08221892400405678,0.6410655481673808,0.0,0.0,0.0,0.3333333333333333,unverified,Insufficient Data,Insufficient Data,Insufficient Data,Insufficient Data,Insufficient Data,False,False,,,,,,lane,BA,PA,Northeast,North,False,True
BA>PB,9,1.0,2,1.0,7,0.0,0,0.0,9,3,1,1,8,2,8,2,1,1,0.1111111111111111,0.019890887638544907,0.434999705576656,0.40774778653892735,0.5922522134610726,-0.22872979779202318,3.507249563650977,False,False,0.26068300590584204,3.8360766806609448,0.739316994094158,1.0,0.3333333333333333,0.1205838183869109,0.6457978644196036,0.9545027823507802,2.0454972176492197,0.13075158313141783,4.857677997425653,0.690761695659517,1.3092383043404832,0.676054733664621,1.323945266335379,0.25,0.071479212752109,0.5907245696898311,0.1111111111111111,0.0,0.5,0.0,unverified,Insufficient Data,Insufficient Data,Insufficient Data,Insufficient Data,Insufficient Data,False,False,,,,,,lane,BA,PB,Northeast,Northeast,True,True
ES>SC,9,1.0,5,1.0,4,0.0,0,0.0,9,3,1,1,8,2,8,2,1,1,0.1111111111111111,0.019890887638544907,0.434999705576656,0.40774778653892735,0.5922522134610726,-0.22872979779202318,3.507249563650977,False,False,0.3675028048299378,2.721067667667872,0.6324971951700622,1.0,0.3333333333333333,0.1205838183869109,0.6457978644196036,0.9545027823507802,2.0454972176492197,0.13075158313141783,4.857677997425653,0.690761695659517,1.3092383043404832,0.676054733664621,1.323945266335379,0.25,0.071479212752109,0.5907245696898311,0.1111111111111111,0.0,0.2,0.0,unverified,Insufficient Data,Insufficient Data,Insufficient Data,Insufficient Data,Insufficient Data,False,False,,,,,,lane,ES,SC,Southeast,South,False,False
MG>SC,208,10.0,121,9.0,87,1.0,0,0.0,206,22,6,4,200,18,196,17,10,5,0.04807692307692308,0.026321071341319995,0.08622280441094202,9.423504400010765,0.5764955999892347,-3.9487215610162063,8.510838917465174,False,False,8.407999189568692,1.189343597036309,1.5920008104313084,0.9903846153846154,0.10679611650485436,0.07159049916573652,0.1563980932199741,21.847508129362303,0.15249187063769654,-7.09986530122058,10.370499073952363,17.269042391487925,0.7309576085120746,16.563340974783213,0.43665902521678746,0.08673469387755102,0.05485711829174525,0.13450028053832946,0.02912621359223301,0.0,0.0743801652892562,0.011494252873563218,inconsistent,No Signal,No Signal,No Signal,No Signal,No Signal,True,False,25.0,27.0,26.0,24.0,31.0,lane,MG,SC,Southeast,South,False,False
SC>PE,32,2.0,18,2.0,14,0.0,0,0.0,32,5,1,1,31,4,30,4,2,1,0.0625,0.017310567031640967,0.2014712314415458,1.4497699076939639,0.5502300923060361,-0.8958317626814529,4.997309498435502,False,False,1.4955039542156041,1.337341833408261,0.5044960457843959,1.0,0.15625,0.0686442028250571,0.3175414959753039,3.393787670580552,1.606212329419448,-1.197173180178725,6.767540200629172,2.676701570680628,1.323298429319372,2.5352052512423287,1.4647947487576713,0.13333333333333333,0.053096554840547455,0.296813266820363,0.03125,0.0,0.1111111111111111,0.0,unverified,Insufficient Data,Insufficient Data,Insufficient Data,Insufficient Data,Insufficient Data,False,False,,,,,,lane,SC,PE,South,Northeast,True,False
RJ>TO,10,1.0,3,1.0,7,0.0,0,0.0,10,0,0,0,10,0,9,0,1,0,0.1,0.017876213095072896,0.4041500267952385,0.45305309615436373,0.5469469038456363,-0.2742909652036347,3.588447171798021,False,False,0.3835207519078847,2.607420837139429,0.6164792480921153,1.0,0.0,0.0,0.2775327998628892,1.0605586470564226,-1.0605586470564226,-1.0605586470564226,1.7147693515724693,0.8634521195743962,-0.8634521195743962,0.7605615753726986,-0.7605615753726986,0.0,0.0,0.2991450484195441,0.0,0.0,0.3333333333333333,0.0,unverified,Insufficient Data,Insufficient Data,Insufficient Data,Insufficient Data,Insufficient Data,False,False,,,,,,lane,RJ,TO,Southeast,North,False,False
RS>CE,10,1.0,8,1.0,2,0.0,0,0.0,10,1,1,1,9,0,9,0,1,1,0.1,0.017876213095072896,0.4041500267952385,0.45305309615436373,0.5469469038456363,-0.2742909652036347,3.588447171798021,False,False,0.3380518986726302,2.958125672201596,0.6619481013273698,1.0,0.1,0.017876213095072896,0.4041500267952385,1.0605586470564226,-0.060558647056422554,-0.8817965161056935,2.9809416208959623,0.7771069076169566,-0.7771069076169566,0.7605615753726986,-0.7605615753726986,0.0,0.0,0.2991450484195441,0.1,0.0,0.125,0.0,unverified,Insufficient Data,Insufficient Data,Insufficient Data,Insufficient Data,Insufficient Data,False,False,,,,,,lane,RS,CE,South,Northeast,True,False
PR>TO,10,1.0,5,1.0,5,0.0,0,0.0,10,1,1,1,9,0,9,0,1,1,0.1,0.017876213095072896,0.4041500267952385,0.45305309615436373,0.5469469038456363,-0.2742909652036347,3.588447171798021,False,False,0.5485179150753509,1.8230945107100618,0.45148208492464914,1.0,0.1,0.017876213095072896,0.4041500267952385,1.0605586470564226,-0.060558647056422554,-0.8817965161056935,2.9809416208959623,0.7771069076169566,-0.7771069076169566,0.7605615753726986,-0.7605615753726986,0.0,0.0,0.2991450484195441,0.1,0.0,0.2,0.0,unverified,Insufficient Data,Insufficient Data,Insufficient Data,Insufficient Data,Insufficient Data,False,False,,,,,,lane,PR,TO,South,North,False,False
RJ>RO,10,1.0,4,1.0,6,0.0,0,0.0,10,3,1,0,9,3,9,3,1,0,0.1,0.017876213095072896,0.4041500267952385,0.45305309615436373,0.5469469038456363,-0.2742909652036347,3.588447171798021,False,False,0.31947085177815565,3.130176022113003,0.6805291482218443,1.0,0.3,0.10779126740630099,0.6032218525388546,1.0605586470564226,1.9394413529435774,0.017354027006587364,4.971659878332123,0.7771069076169566,2.2228930923830434,0.7605615753726986,2.239438424627301,0.3333333333333333,0.1205838183869109,0.6457978644196036,0.1,0.0,0.25,0.0,unverified,Insufficient Data,Insufficient Data,Insufficient Data,Insufficient Data,Insufficient Data,False,False,,,,,,lane,RJ,RO,Southeast,North,False,False
PE>DF,11,1.0,0,0.0,11,1.0,0,0.0,11,1,1,1,10,0,10,0,1,1,0.09090909090909091,0.016232172885884855,0.37735843645159567,0.49835840576980006,0.5016415942301999,-0.31980450402506666,3.652584395197752,False,False,0.6777624430254947,1.4754432180338208,0.3222375569745053,1.0,0.09090909090909091,0.016232172885884855,0.37735843645159567,1.1666145117620648,-0.16661451176206477,-0.9880606100173314,2.9843282892054876,0.8634521195743962,-0.8634521195743962,0.8450684170807763,-0.8450684170807763,0.0,0.0,0.2775327998628892,0.09090909090909091,0.0,,0.09090909090909091,unverified,Insufficient Data,Insufficient Data,Insufficient Data,Insufficient Data,Insufficient Data,False,False,,,,,,lane,PE,DF,Northeast,Central-West,False,True
MT>RJ,11,1.0,6,1.0,5,0.0,0,0.0,11,2,1,1,10,1,10,1,1,1,0.09090909090909091,0.016232172885884855,0.37735843645159567,0.49835840576980006,0.5016415942301999,-0.31980450402506666,3.652584395197752,False,False,0.47696289436997497,2.0965991522692975,0.523037105630025,1.0,0.18181818181818182,0.05136768974608513,0.4769805619608442,1.1666145117620648,0.8333854882379352,-0.6015699245551284,4.080171669807221,0.8634521195743962,0.13654788042560384,0.8450684170807763,0.1549315829192237,0.1,0.017876213095072896,0.4041500267952385,0.09090909090909091,0.0,0.16666666666666666,0.0,unverified,Insufficient Data,Insufficient Data,Insufficient Data,Insufficient Data,Insufficient Data,False,False,,,,,,lane,MT,RJ,Central-West,Southeast,False,False
SC>PI,12,1.0,5,0.0,7,1.0,0,0.0,12,2,0,0,12,2,11,2,1,0,0.08333333333333333,0.014865094404917095,0.35387991114111694,0.5436637153852364,0.4563362846147636,-0.3652825825262313,3.702895218308167,False,False,0.3014045773642171,3.317799645728673,0.6985954226357829,1.0,0.16666666666666666,0.04696514218385378,0.4480308622529734,1.272670376467707,0.727329623532293,-0.7090886702614616,4.103699970567973,1.0361425434892755,0.9638574565107245,0.9295752587888538,1.0704247412111463,0.18181818181818182,0.05136768974608513,0.4769805619608442,0.0,0.0,0.0,0.14285714285714285,unverified,Insufficient Data,Insufficient Data,Insufficient Data,Insufficient Data,Insufficient Data,False,False,,,,,,lane,SC,PI,South,Northeast,True,False
SC>RN,12,1.0,4,0.0,8,1.0,0,0.0,12,0,0,0,12,0,11,0,1,0,0.08333333333333333,0.014865094404917095,0.35387991114111694,0.5436637153852364,0.4563362846147636,-0.3652825825262313,3.702895218308167,False,False,0.3712003248707717,2.693963159509993,0.6287996751292283,1.0,0.0,2.7755575615628914e-17,0.24249400665524085,1.272670376467707,-1.272670376467707,-1.2726703764677068,1.637257703395183,1.0361425434892755,-1.0361425434892755,0.9295752587888538,-0.9295752587888538,0.0,0.0,0.2588329669680317,0.0,0.0,0.0,0.125,unverified,Insufficient Data,Insufficient Data,Insufficient Data,Insufficient Data,Insufficient Data,False,False,,,,,,lane,SC,RN,South,Northeast,True,False
PR>RN,12,1.0,5,1.0,7,0.0,0,0.0,12,1,1,1,11,0,11,0,1,1,0.08333333333333333,0.014865094404917095,0.35387991114111694,0.5436637153852364,0.4563362846147636,-0.3652825825262313,3.702895218308167,False,False,0.3989266449790526,2.5067265187375725,0.6010733550209474,1.0,0.08333333333333333,0.014865094404917095,0.35387991114111694,1.272670376467707,-0.272670376467707,-1.094289243608702,2.9738885572256963,0.9497973315318358,-0.9497973315318358,0.9295752587888538,-0.9295752587888538,0.0,0.0,0.2588329669680317,0.08333333333333333,0.0,0.2,0.0,unverified,Insufficient Data,Insufficient Data,Insufficient Data,Insufficient Data,Insufficient Data,False,False,,,,,,lane,PR,RN,South,Northeast,True,False
MS>SP,12,1.0,7,0.0,5,1.0,0,0.0,12,2,1,1,11,1,11,1,1,1,0.08333333333333333,0.014865094404917095,0.35387991114111694,0.5436637153852364,0.4563362846147636,-0.3652825825262313,3.702895218308167,False,False,0.42113817823815974,2.3745175613940313,0.5788618217618402,1.0,0.16666666666666666,0.04696514218385378,0.4480308622529734,1.272670376467707,0.727329623532293,-0.7090886702614616,4.103699970567973,0.9497973315318358,0.050202668468164235,0.9295752587888538,0.07042474121114617,0.09090909090909091,0.016232172885884855,0.37735843645159567,0.08333333333333333,0.0,0.0,0.2,unverified,Insufficient Data,Insufficient Data,Insufficient Data,Insufficient Data,Insufficient Data,False,False,,,,,,lane,MS,SP,Central-West,Southeast,False,False
RJ>RS,145,7.0,56,3.0,89,4.0,0,0.0,144,14,6,6,138,8,137,7,7,7,0.04827586206896552,0.023578866003960433,0.09629001301708787,6.569269894238274,0.4307301057617261,-3.150334323664011,7.392781993239467,False,False,6.46639876894058,1.0825190728450609,0.5336012310594196,0.993103448275862,0.09722222222222222,0.058799052664080885,0.1565766550344765,15.272044517612484,-1.2720445176124837,-6.804980933984837,7.274993807352129,11.915639250126667,-3.9156392501266666,11.577437314006634,-4.577437314006634,0.051094890510948905,0.02496794443140947,0.10170966150995021,0.041666666666666664,0.0,0.05357142857142857,0.0449438202247191,inconsistent,No Signal,No Signal,No Signal,No Signal,No Signal,True,False,26.0,24.0,25.0,26.0,32.0,lane,RJ,RS,Southeast,South,False,False
RS>PE,13,1.0,6,1.0,7,0.0,0,0.0,13,2,1,1,12,1,12,1,1,1,0.07692307692307693,0.013710421242556586,0.3331395092109959,0.5889690250006728,0.41103097499932717,-0.4107335488474372,3.7418445947422736,False,False,0.33501716757675315,2.984921660084473,0.6649828324232469,1.0,0.15384615384615385,0.043258178358081184,0.4223463101948254,1.3787262411733492,0.6212737588266508,-0.8163699225182939,4.11177579135938,1.0361425434892755,-0.03614254348927548,1.0140821004969314,-0.014082100496931371,0.08333333333333333,0.014865094404917095,0.35387991114111694,0.07692307692307693,0.0,0.16666666666666666,0.0,unverified,Insufficient Data,Insufficient Data,Insufficient Data,Insufficient Data,Insufficient Data,False,False,,,,,,lane,RS,PE,South,Northeast,True,False
MA>RJ,37,2.0,0,0.0,37,2.0,0,0.0,36,3,2,2,34,1,34,1,2,2,0.05405405405405406,0.014950976833157673,0.17704654350813104,1.6762964557711457,0.3237035442288543,-1.1231103129443119,4.874425654029702,False,False,1.0080807539538394,1.9839680423971084,0.9919192460461606,0.972972972972973,0.08333333333333333,0.02874861133599338,0.2182669124927263,3.818011129403121,-0.8180111294031209,-2.7830611213073593,4.039597720335026,2.9357372065529472,-1.9357372065529472,2.8732326180746393,-1.8732326180746393,0.029411764705882353,0.0052109062762689395,0.1491557329268593,0.05555555555555555,0.0,,0.05405405405405406,unverified,Insufficient Data,Insufficient Data,Insufficient Data,Insufficient Data,Insufficient Data,False,False,,,,,,lane,MA,RJ,Northeast,Southeast,False,True
PR>MT,37,2.0,14,1.0,23,1.0,0,0.0,36,7,2,2,34,5,34,5,2,2,0.05405405405405406,0.014950976833157673,0.17704654350813104,1.6762964557711457,0.3237035442288543,-1.1231103129443119,4.874425654029702,False,False,1.4484377253353449,1.3807980591895703,0.5515622746646551,0.972972972972973,0.19444444444444445,0.09753095418928728,0.3502804299517739,3.818011129403121,3.181988870596879,-0.3068967785887789,8.792084348860739,2.9357372065529472,2.0642627934470528,2.8732326180746393,2.1267673819253607,0.14705882352941177,0.06449441444782457,0.3012805649545216,0.05555555555555555,0.0,0.07142857142857142,0.043478260869565216,unverified,Insufficient Data,Insufficient Data,Insufficient Data,Insufficient Data,Insufficient Data,False,False,,,,,,lane,PR,MT,South,Central-West,False,False
ES>RS,15,1.0,8,0.0,7,1.0,0,0.0,15,0,0,0,15,0,14,0,1,0,0.06666666666666667,0.011866895493268553,0.2981652987378003,0.6795796442315456,0.3204203557684544,-0.5015762118325172,3.7928998368354585,False,False,0.6431055588195973,1.5549546824559761,0.3568944411804027,1.0,0.0,0.0,0.20388330103584862,1.5908379705846338,-1.5908379705846338,-1.5908379705846338,1.4674115449530956,1.2951781793615942,-1.2951781793615942,1.1830957839130867,-1.1830957839130867,0.0,1.3877787807814457e-17,0.2153108027376358,0.0,0.0,0.0,0.14285714285714285,unverified,Insufficient Data,Insufficient Data,Insufficient Data,Insufficient Data,Insufficient Data,False,False,,,,,,lane,ES,RS,Southeast,South,False,False
MG>TO,15,1.0,7,0.0,8,1.0,0,0.0,15,0,0,0,15,0,14,0,1,0,0.06666666666666667,0.011866895493268553,0.2981652987378003,0.6795796442315456,0.3204203557684544,-0.5015762118325172,3.7928998368354585,False,False,0.578897145143466,1.7274225799682836,0.421102854856534,1.0,0.0,0.0,0.20388330103584862,1.5908379705846338,-1.5908379705846338,-1.5908379705846338,1.4674115449530956,1.2951781793615942,-1.2951781793615942,1.1830957839130867,-1.1830957839130867,0.0,1.3877787807814457e-17,0.2153108027376358,0.0,0.0,0.0,0.125,unverified,Insufficient Data,Insufficient Data,Insufficient Data,Insufficient Data,Insufficient Data,False,False,,,,,,lane,MG,TO,Southeast,North,False,False
MA>RS,15,1.0,0,0.0,15,1.0,0,0.0,15,1,1,0,14,1,14,1,1,0,0.06666666666666667,0.011866895493268553,0.2981652987378003,0.6795796442315456,0.3204203557684544,-0.5015762118325172,3.7928998368354585,False,False,0.18363654569572077,5.445539155680724,0.8163634543042793,1.0,0.06666666666666667,0.011866895493268553,0.2981652987378003,1.5908379705846338,-0.5908379705846338,-1.4128345381856056,2.8816415104823703,1.2088329674041547,-0.2088329674041547,1.1830957839130867,-0.18309578391308667,0.07142857142857142,0.012722215247890939,0.31468704424151117,0.06666666666666667,0.0,,0.06666666666666667,unverified,Insufficient Data,Insufficient Data,Insufficient Data,Insufficient Data,Insufficient Data,False,False,,,,,,lane,MA,RS,Northeast,South,False,True
RJ>PI,16,1.0,4,0.0,12,1.0,0,0.0,16,2,1,1,15,1,15,1,1,1,0.0625,0.01111934476464252,0.28328737570298945,0.7248849538469819,0.2751150461530181,-0.5469754376127016,3.807713057400849,False,False,0.7464598829477083,1.3396567221416948,0.25354011705229174,1.0,0.125,0.03497748774324047,0.36022827265758695,1.696893835290276,0.30310616470972396,-1.1372540313984285,4.066758527231115,1.2951781793615942,-0.2951781793615942,1.2676026256211643,-0.2676026256211643,0.06666666666666667,0.011866895493268553,0.2981652987378003,0.0625,0.0,0.0,0.08333333333333333,unverified,Insufficient Data,Insufficient Data,Insufficient Data,Insufficient Data,Insufficient Data,False,False,,,,,,lane,RJ,PI,Southeast,Northeast,True,False
RS>ES,17,1.0,7,0.0,10,1.0,0,0.0,17,2,1,1,16,1,16,1,1,1,0.058823529411764705,0.010460400984997592,0.26982030637575405,0.7701902634624183,0.22980973653758174,-0.5923634467174592,3.8167549449254,False,False,0.7208719253794897,1.387208968463529,0.27912807462051026,1.0,0.11764705882352941,0.03287977376379267,0.3433635059488588,1.8029496999959183,0.19705030000408175,-1.2439935460114429,4.0342299011346805,1.381523391319034,-0.3815233913190339,1.352109467329242,-0.352109467329242,0.0625,0.01111934476464252,0.28328737570298945,0.058823529411764705,0.0,0.0,0.1,unverified,Insufficient Data,Insufficient Data,Insufficient Data,Insufficient Data,Insufficient Data,False,False,,,,,,lane,RS,ES,South,Southeast,False,False
SP>AP,41,2.0,15,2.0,26,0.0,0,0.0,40,2,1,0,39,2,38,2,2,0,0.04878048780487805,0.013480945365169042,0.16138978870370846,1.8575176942328913,0.14248230576710874,-1.3047989342609605,4.759463642619155,False,False,1.3837177331422517,1.4453814908176739,0.6162822668577483,0.975609756097561,0.05,0.013820667386148344,0.16503877369140962,4.24223458822569,-2.24223458822569,-3.6894078927797564,2.3593163594306947,3.367463266340145,-1.367463266340145,3.21125998490695,-1.2112599849069499,0.05263157894736842,0.014554208147292413,0.17285462131770377,0.025,0.0,0.13333333333333333,0.0,unverified,Insufficient Data,Insufficient Data,Insufficient Data,Insufficient Data,Insufficient Data,False,False,,,,,,lane,SP,AP,Southeast,North,False,False
DF>DF,41,2.0,13,1.0,28,1.0,0,0.0,41,4,1,1,40,3,39,3,2,1,0.04878048780487805,0.013480945365169042,0.16138978870370846,1.8575176942328913,0.14248230576710874,-1.3047989342609605,4.759463642619155,False,False,2.0030096468750846,0.9984974376534931,-0.0030096468750846483,1.0,0.0975609756097561,0.03859708489808934,0.22547681305523387,4.348290452931332,-0.348290452931332,-2.765809972109669,4.896258882333257,3.4538084782975846,-0.45380847829758464,3.2957668266150275,-0.2957668266150275,0.07692307692307693,0.02650739530377974,0.20321071167954996,0.024390243902439025,0.0,0.07692307692307693,0.03571428571428571,unverified,Insufficient Data,Insufficient Data,Insufficient Data,Insufficient Data,Insufficient Data,False,False,,,,,,lane,DF,DF,Central-West,Central-West,False,False
CE>SP,19,1.0,10,0.0,9,1.0,0,0.0,19,2,1,1,18,1,18,1,1,1,0.05263157894736842,0.009351994062300362,0.24638731166898786,0.860800882693291,0.13919911730670897,-0.6831129955095842,3.8205580390174783,False,False,0.872408878653472,1.1462515163113192,0.12759112134652795,1.0,0.10526315789473684,0.02935856029887013,0.31394082711109006,2.015061429407203,-0.015061429407202898,-1.4572487837286703,3.949814285703508,1.554213815233913,-0.5542138152339131,1.5211231507453973,-0.5211231507453973,0.05555555555555555,0.009875190978303097,0.25757300781872594,0.05263157894736842,0.0,0.0,0.1111111111111111,unverified,Insufficient Data,Insufficient Data,Insufficient Data,Insufficient Data,Insufficient Data,False,False,,,,,,lane,CE,SP,Northeast,Southeast,False,True
SC>RS,218,10.0,113,0.0,105,10.0,0,0.0,213,21,4,3,209,18,204,16,9,5,0.045871559633027525,0.02510451175434196,0.08236619704569463,9.876557496165129,0.12344250383487143,-4.403773933718582,8.079273459796301,False,False,9.659093681173232,1.0352938205259605,0.34090631882676803,0.9770642201834863,0.09859154929577464,0.06539180465703949,0.14601361140133684,22.5898991823018,-1.5898991823017994,-8.66144479035239,8.511000046182946,18.04614929910488,-0.046149299104879304,17.239395708447834,-1.2393957084478338,0.0784313725490196,0.048851509298862644,0.1235946379908113,0.018779342723004695,0.0,0.0,0.09523809523809523,inconsistent,No Signal,No Signal,No Signal,No Signal,No Signal,True,False,27.0,30.0,27.0,27.0,34.0,lane,SC,RS,South,South,False,False
RJ>SC,86,4.0,31,2.0,55,2.0,0,0.0,86,6,3,1,83,5,82,5,4,1,0.046511627906976744,0.01823396823832083,0.1135699781371198,3.896256626927528,0.10374337307247217,-2.328135358431936,5.8707614928647756,False,False,3.682449106536971,1.0862336136293975,0.3175508934630291,1.0,0.06976744186046512,0.032365414509921336,0.14396140641036848,9.120804364685235,-3.1208043646852346,-6.337378716831998,3.259876586606455,7.166652592467488,-2.1666525924674884,6.929561020062365,-1.9295610200623647,0.06097560975609756,0.02632395506781607,0.1349204950015403,0.03488372093023256,0.0,0.06451612903225806,0.03636363636363636,inconsistent,Insufficient Data,Insufficient Data,Insufficient Data,Insufficient Data,Insufficient Data,False,False,,,,,,lane,RJ,SC,Southeast,South,False,False
SC>ES,42,2.0,28,0.0,14,2.0,0,0.0,41,3,1,1,40,2,40,2,1,1,0.047619047619047616,0.013157524908905607,0.15789852396958842,1.9028230038483276,0.09717699615167241,-1.350206957674292,4.728915002874386,False,False,1.6653480314289357,1.2009501691270619,0.3346519685710643,0.9761904761904762,0.07317073170731707,0.02519783063390993,0.19427448537719041,4.348290452931332,-1.348290452931332,-3.3151793969410255,3.6169634475334744,3.4538084782975846,-1.4538084782975846,3.380273668323105,-1.3802736683231052,0.05,0.013820667386148344,0.16503877369140962,0.024390243902439025,0.0,0.0,0.14285714285714285,unverified,Insufficient Data,Insufficient Data,Insufficient Data,Insufficient Data,Insufficient Data,False,False,,,,,,lane,SC,ES,South,Southeast,False,False
PR>MS,42,2.0,16,2.0,26,0.0,0,0.0,41,4,1,0,40,4,39,4,2,0,0.047619047619047616,0.013157524908905607,0.15789852396958842,1.9028230038483276,0.09717699615167241,-1.350206957674292,4.728915002874386,False,False,1.9290707935642106,1.0367685865508016,0.07092920643578937,0.9761904761904762,0.0975609756097561,0.03859708489808934,0.22547681305523387,4.348290452931332,-0.348290452931332,-2.765809972109669,4.896258882333257,3.4538084782975846,0.5461915217024154,3.2957668266150275,0.7042331733849725,0.10256410256410256,0.04061331344668381,0.23578854462856527,0.024390243902439025,0.0,0.125,0.0,unverified,Insufficient Data,Insufficient Data,Insufficient Data,Insufficient Data,Insufficient Data,False,False,,,,,,lane,PR,MS,South,Central-West,False,False
MT>SP,20,1.0,5,0.0,15,1.0,0,0.0,20,2,1,0,19,2,19,2,1,0,0.05,0.008881448800795402,0.23613119344674205,0.9061061923087275,0.09389380769127254,-0.7284772162928194,3.8165176766261135,False,False,0.7554058173517926,1.3237917646777928,0.24459418264820743,1.0,0.1,0.027866481213768224,0.3010336452284873,2.121117294112845,-0.12111729411284511,-1.5637876698374806,3.8995556104569005,1.6405590271913528,0.3594409728086472,1.605629992453475,0.39437000754652507,0.10526315789473684,0.02935856029887013,0.31394082711109006,0.05,0.0,0.0,0.06666666666666667,unverified,Insufficient Data,Insufficient Data,Insufficient Data,Insufficient Data,Insufficient Data,False,False,,,,,,lane,MT,SP,Central-West,Southeast,False,False
PE>PE,20,1.0,2,0.0,18,1.0,0,0.0,20,1,0,0,20,1,19,1,1,0,0.05,0.008881448800795402,0.23613119344674205,0.9061061923087275,0.09389380769127254,-0.7284772162928194,3.8165176766261135,False,False,0.995512626912284,1.0045076003723168,0.004487373087715962,1.0,0.05,0.008881448800795402,0.23613119344674205,2.121117294112845,-1.121117294112845,-1.9434883180969371,2.601506574821996,1.7269042391487923,-0.7269042391487923,1.605629992453475,-0.6056299924534749,0.05263157894736842,0.009351994062300362,0.24638731166898786,0.0,0.0,0.0,0.05555555555555555,unverified,Insufficient Data,Insufficient Data,Insufficient Data,Insufficient Data,Insufficient Data,False,False,,,,,,lane,PE,PE,Northeast,Northeast,True,True
BA>RS,21,1.0,7,0.0,14,1.0,0,0.0,20,0,0,0,20,0,20,0,0,0,0.047619047619047616,0.008455987809826399,0.22669360074122563,0.9514115019241638,0.048588498075836206,-0.7738357579178095,3.8091541136415743,False,False,0.9862419596307931,1.01394996454456,0.013758040369206914,0.9523809523809523,0.0,0.0,0.16112515805281938,2.121117294112845,-2.121117294112845,-2.121117294112845,1.1013858669435426,1.7269042391487923,-1.7269042391487923,1.6901368341615526,-1.6901368341615526,0.0,0.0,0.16112515805281938,0.0,0.0,0.0,0.07142857142857142,unverified,Insufficient Data,Insufficient Data,Insufficient Data,Insufficient Data,Insufficient Data,False,False,,,,,,lane,BA,RS,Northeast,South,False,True
SC>MS,23,1.0,14,0.0,9,1.0,0,0.0,22,1,1,1,21,0,21,0,1,1,0.043478260869565216,0.007716666143453149,0.20991155070258877,1.0420221211550365,-0.04202212115503645,-0.8645387998556141,3.7859435450045047,False,False,0.9670831576703044,1.034037240819075,0.032916842329695606,0.9565217391304348,0.045454545454545456,0.00806942762126385,0.21798045838657332,2.3332290235241295,-1.3332290235241295,-2.1557016158563247,2.462341060980483,1.813249451106232,-1.813249451106232,1.77464367586963,-1.77464367586963,0.0,0.0,0.154639018924847,0.045454545454545456,0.0,0.0,0.1111111111111111,unverified,Insufficient Data,Insufficient Data,Insufficient Data,Insufficient Data,Insufficient Data,False,False,,,,,,lane,SC,MS,South,Central-West,False,False
AM>MA,1,0.0,1,0.0,0,0.0,0,0.0,1,0,0,0,1,0,1,0,0,0,0.0,0.0,0.7934506856227626,0.04530530961543637,-0.04530530961543637,-0.04530530961543637,0.7481453760073262,False,False,0.08391608391608392,0.0,-0.08391608391608392,1.0,0.0,0.0,0.7934506856227626,0.10605586470564225,-0.10605586470564225,-0.10605586470564225,0.6873948209171203,0.08634521195743962,-0.08634521195743962,0.08450684170807762,-0.08450684170807762,0.0,0.0,0.7934506856227626,0.0,,0.0,,unverified,Insufficient Data,Insufficient Data,Insufficient Data,Insufficient Data,Insufficient Data,False,False,,,,,,lane,AM,MA,North,Northeast,True,False
AM>MG,1,0.0,1,0.0,0,0.0,0,0.0,1,1,0,0,1,1,1,1,0,0,0.0,0.0,0.7934506856227626,0.04530530961543637,-0.04530530961543637,-0.04530530961543637,0.7481453760073262,False,False,0.08391608391608392,0.0,-0.08391608391608392,1.0,1.0,0.20654931437723745,1.0,0.10605586470564225,0.8939441352943578,0.1004934496715952,0.8939441352943578,0.08634521195743962,0.9136547880425604,0.08450684170807762,0.9154931582919223,1.0,0.20654931437723745,1.0,0.0,,0.0,,unverified,Insufficient Data,Insufficient Data,Insufficient Data,Insufficient Data,Insufficient Data,False,False,,,,,,lane,AM,MG,North,Southeast,False,False
ES>DF,1,0.0,1,0.0,0,0.0,0,0.0,1,0,0,0,1,0,1,0,0,0,0.0,0.0,0.7934506856227626,0.04530530961543637,-0.04530530961543637,-0.04530530961543637,0.7481453760073262,False,False,0.05539772727272727,0.0,-0.05539772727272727,1.0,0.0,0.0,0.7934506856227626,0.10605586470564225,-0.10605586470564225,-0.10605586470564225,0.6873948209171203,0.08634521195743962,-0.08634521195743962,0.08450684170807762,-0.08450684170807762,0.0,0.0,0.7934506856227626,0.0,,0.0,,unverified,Insufficient Data,Insufficient Data,Insufficient Data,Insufficient Data,Insufficient Data,False,False,,,,,,lane,ES,DF,Southeast,Central-West,False,False
RN>DF,1,0.0,0,0.0,1,0.0,0,0.0,1,0,0,0,1,0,1,0,0,0,0.0,0.0,0.7934506856227626,0.04530530961543637,-0.04530530961543637,-0.04530530961543637,0.7481453760073262,False,False,0.06288032454361055,0.0,-0.06288032454361055,1.0,0.0,0.0,0.7934506856227626,0.10605586470564225,-0.10605586470564225,-0.10605586470564225,0.6873948209171203,0.08634521195743962,-0.08634521195743962,0.08450684170807762,-0.08450684170807762,0.0,0.0,0.7934506856227626,0.0,,,0.0,unverified,Insufficient Data,Insufficient Data,Insufficient Data,Insufficient Data,Insufficient Data,False,False,,,,,,lane,RN,DF,Northeast,Central-West,False,True
RN>CE,1,0.0,1,0.0,0,0.0,0,0.0,1,0,0,0,1,0,1,0,0,0,0.0,0.0,0.7934506856227626,0.04530530961543637,-0.04530530961543637,-0.04530530961543637,0.7481453760073262,False,False,0.0625,0.0,-0.0625,1.0,0.0,0.0,0.7934506856227626,0.10605586470564225,-0.10605586470564225,-0.10605586470564225,0.6873948209171203,0.08634521195743962,-0.08634521195743962,0.08450684170807762,-0.08450684170807762,0.0,0.0,0.7934506856227626,0.0,,0.0,,unverified,Insufficient Data,Insufficient Data,Insufficient Data,Insufficient Data,Insufficient Data,False,False,,,,,,lane,RN,CE,Northeast,Northeast,True,True
ES>RN,1,0.0,1,0.0,0,0.0,0,0.0,1,0,0,0,1,0,1,0,0,0,0.0,0.0,0.7934506856227626,0.04530530961543637,-0.04530530961543637,-0.04530530961543637,0.7481453760073262,False,False,0.044767441860465114,0.0,-0.044767441860465114,1.0,0.0,0.0,0.7934506856227626,0.10605586470564225,-0.10605586470564225,-0.10605586470564225,0.6873948209171203,0.08634521195743962,-0.08634521195743962,0.08450684170807762,-0.08450684170807762,0.0,0.0,0.7934506856227626,0.0,,0.0,,unverified,Insufficient Data,Insufficient Data,Insufficient Data,Insufficient Data,Insufficient Data,False,False,,,,,,lane,ES,RN,Southeast,Northeast,True,False
RN>MG,1,0.0,0,0.0,1,0.0,0,0.0,1,0,0,0,1,0,1,0,0,0,0.0,0.0,0.7934506856227626,0.04530530961543637,-0.04530530961543637,-0.04530530961543637,0.7481453760073262,False,False,0.023705552089831567,0.0,-0.023705552089831567,1.0,0.0,0.0,0.7934506856227626,0.10605586470564225,-0.10605586470564225,-0.10605586470564225,0.6873948209171203,0.08634521195743962,-0.08634521195743962,0.08450684170807762,-0.08450684170807762,0.0,0.0,0.7934506856227626,0.0,,,0.0,unverified,Insufficient Data,Insufficient Data,Insufficient Data,Insufficient Data,Insufficient Data,False,False,,,,,,lane,RN,MG,Northeast,Southeast,False,True
RN>SC,1,0.0,1,0.0,0,0.0,0,0.0,1,0,0,0,1,0,1,0,0,0,0.0,0.0,0.7934506856227626,0.04530530961543637,-0.04530530961543637,-0.04530530961543637,0.7481453760073262,False,False,0.03888888888888889,0.0,-0.03888888888888889,1.0,0.0,0.0,0.7934506856227626,0.10605586470564225,-0.10605586470564225,-0.10605586470564225,0.6873948209171203,0.08634521195743962,-0.08634521195743962,0.08450684170807762,-0.08450684170807762,0.0,0.0,0.7934506856227626,0.0,,0.0,,unverified,Insufficient Data,Insufficient Data,Insufficient Data,Insufficient Data,Insufficient Data,False,False,,,,,,lane,RN,SC,Northeast,South,False,True
RN>PB,1,0.0,1,0.0,0,0.0,0,0.0,1,0,0,0,1,0,1,0,0,0,0.0,0.0,0.7934506856227626,0.04530530961543637,-0.04530530961543637,-0.04530530961543637,0.7481453760073262,False,False,0.03125,0.0,-0.03125,1.0,0.0,0.0,0.7934506856227626,0.10605586470564225,-0.10605586470564225,-0.10605586470564225,0.6873948209171203,0.08634521195743962,-0.08634521195743962,0.08450684170807762,-0.08450684170807762,0.0,0.0,0.7934506856227626,0.0,,0.0,,unverified,Insufficient Data,Insufficient Data,Insufficient Data,Insufficient Data,Insufficient Data,False,False,,,,,,lane,RN,PB,Northeast,Northeast,True,True
RN>PA,1,0.0,1,0.0,0,0.0,0,0.0,1,0,0,0,1,0,1,0,0,0,0.0,0.0,0.7934506856227626,0.04530530961543637,-0.04530530961543637,-0.04530530961543637,0.7481453760073262,False,False,0.03888888888888889,0.0,-0.03888888888888889,1.0,0.0,0.0,0.7934506856227626,0.10605586470564225,-0.10605586470564225,-0.10605586470564225,0.6873948209171203,0.08634521195743962,-0.08634521195743962,0.08450684170807762,-0.08450684170807762,0.0,0.0,0.7934506856227626,0.0,,0.0,,unverified,Insufficient Data,Insufficient Data,Insufficient Data,Insufficient Data,Insufficient Data,False,False,,,,,,lane,RN,PA,Northeast,North,False,True
RO>PR,1,0.0,1,0.0,0,0.0,0,0.0,1,1,0,0,1,1,1,1,0,0,0.0,0.0,0.7934506856227626,0.04530530961543637,-0.04530530961543637,-0.04530530961543637,0.7481453760073262,False,False,0.05539772727272727,0.0,-0.05539772727272727,1.0,1.0,0.20654931437723745,1.0,0.10605586470564225,0.8939441352943578,0.1004934496715952,0.8939441352943578,0.08634521195743962,0.9136547880425604,0.08450684170807762,0.9154931582919223,1.0,0.20654931437723745,1.0,0.0,,0.0,,unverified,Insufficient Data,Insufficient Data,Insufficient Data,Insufficient Data,Insufficient Data,False,False,,,,,,lane,RO,PR,North,South,False,False
RO>ES,1,0.0,0,0.0,1,0.0,0,0.0,1,0,1,0,0,0,1,0,0,0,0.0,0.0,0.7934506856227626,0.04530530961543637,-0.04530530961543637,-0.04530530961543637,0.7481453760073262,False,False,0.04850213980028531,0.0,-0.04850213980028531,1.0,0.0,0.0,0.7934506856227626,0.10605586470564225,-0.10605586470564225,-0.10605586470564225,0.6873948209171203,0.0,0.0,0.08450684170807762,-0.08450684170807762,0.0,0.0,0.7934506856227626,1.0,,,0.0,unverified,Insufficient Data,Insufficient Data,Insufficient Data,Insufficient Data,Insufficient Data,False,False,,,,,,lane,RO,ES,North,Southeast,False,False
RO>RS,1,0.0,1,0.0,0,0.0,0,0.0,1,1,0,0,1,1,1,1,0,0,0.0,0.0,0.7934506856227626,0.04530530961543637,-0.04530530961543637,-0.04530530961543637,0.7481453760073262,False,False,0.05539772727272727,0.0,-0.05539772727272727,1.0,1.0,0.20654931437723745,1.0,0.10605586470564225,0.8939441352943578,0.1004934496715952,0.8939441352943578,0.08634521195743962,0.9136547880425604,0.08450684170807762,0.9154931582919223,1.0,0.20654931437723745,1.0,0.0,,0.0,,unverified,Insufficient Data,Insufficient Data,Insufficient Data,Insufficient Data,Insufficient Data,False,False,,,,,,lane,RO,RS,North,South,False,False
RO>BA,1,0.0,1,0.0,0,0.0,0,0.0,1,0,0,0,1,0,1,0,0,0,0.0,0.0,0.7934506856227626,0.04530530961543637,-0.04530530961543637,-0.04530530961543637,0.7481453760073262,False,False,0.056179775280898875,0.0,-0.056179775280898875,1.0,0.0,0.0,0.7934506856227626,0.10605586470564225,-0.10605586470564225,-0.10605586470564225,0.6873948209171203,0.08634521195743962,-0.08634521195743962,0.08450684170807762,-0.08450684170807762,0.0,0.0,0.7934506856227626,0.0,,0.0,,unverified,Insufficient Data,Insufficient Data,Insufficient Data,Insufficient Data,Insufficient Data,False,False,,,,,,lane,RO,BA,North,Northeast,True,False
RS>AC,1,0.0,1,0.0,0,0.0,0,0.0,1,0,0,0,1,0,1,0,0,0,0.0,0.0,0.7934506856227626,0.04530530961543637,-0.04530530961543637,-0.04530530961543637,0.7481453760073262,False,False,0.05539772727272727,0.0,-0.05539772727272727,1.0,0.0,0.0,0.7934506856227626,0.10605586470564225,-0.10605586470564225,-0.10605586470564225,0.6873948209171203,0.08634521195743962,-0.08634521195743962,0.08450684170807762,-0.08450684170807762,0.0,0.0,0.7934506856227626,0.0,,0.0,,unverified,Insufficient Data,Insufficient Data,Insufficient Data,Insufficient Data,Insufficient Data,False,False,,,,,,lane,RS,AC,South,North,False,False
CE>RO,1,0.0,1,0.0,0,0.0,0,0.0,1,0,0,0,1,0,1,0,0,0,0.0,0.0,0.7934506856227626,0.04530530961543637,-0.04530530961543637,-0.04530530961543637,0.7481453760073262,False,False,0.016877637130801686,0.0,-0.016877637130801686,1.0,0.0,0.0,0.7934506856227626,0.10605586470564225,-0.10605586470564225,-0.10605586470564225,0.6873948209171203,0.08634521195743962,-0.08634521195743962,0.08450684170807762,-0.08450684170807762,0.0,0.0,0.7934506856227626,0.0,,0.0,,unverified,Insufficient Data,Insufficient Data,Insufficient Data,Insufficient Data,Insufficient Data,False,False,,,,,,lane,CE,RO,Northeast,North,False,True
CE>RN,1,0.0,0,0.0,1,0.0,0,0.0,1,0,0,0,1,0,1,0,0,0,0.0,0.0,0.7934506856227626,0.04530530961543637,-0.04530530961543637,-0.04530530961543637,0.7481453760073262,False,False,0.00723589001447178,0.0,-0.00723589001447178,1.0,0.0,0.0,0.7934506856227626,0.10605586470564225,-0.10605586470564225,-0.10605586470564225,0.6873948209171203,0.08634521195743962,-0.08634521195743962,0.08450684170807762,-0.08450684170807762,0.0,0.0,0.7934506856227626,0.0,,,0.0,unverified,Insufficient Data,Insufficient Data,Insufficient Data,Insufficient Data,Insufficient Data,False,False,,,,,,lane,CE,RN,Northeast,Northeast,True,True
CE>PI,1,0.0,1,0.0,0,0.0,0,0.0,1,0,0,0,1,0,1,0,0,0,0.0,0.0,0.7934506856227626,0.04530530961543637,-0.04530530961543637,-0.04530530961543637,0.7481453760073262,False,False,0.04408352668213457,0.0,-0.04408352668213457,1.0,0.0,0.0,0.7934506856227626,0.10605586470564225,-0.10605586470564225,-0.10605586470564225,0.6873948209171203,0.08634521195743962,-0.08634521195743962,0.08450684170807762,-0.08450684170807762,0.0,0.0,0.7934506856227626,0.0,,0.0,,unverified,Insufficient Data,Insufficient Data,Insufficient Data,Insufficient Data,Insufficient Data,False,False,,,,,,lane,CE,PI,Northeast,Northeast,True,True
BA>RR,1,0.0,0,0.0,1,0.0,0,0.0,1,0,0,0,1,0,1,0,0,0,0.0,0.0,0.7934506856227626,0.04530530961543637,-0.04530530961543637,-0.04530530961543637,0.7481453760073262,False,False,0.019637462235649546,0.0,-0.019637462235649546,1.0,0.0,0.0,0.7934506856227626,0.10605586470564225,-0.10605586470564225,-0.10605586470564225,0.6873948209171203,0.08634521195743962,-0.08634521195743962,0.08450684170807762,-0.08450684170807762,0.0,0.0,0.7934506856227626,0.0,,,0.0,unverified,Insufficient Data,Insufficient Data,Insufficient Data,Insufficient Data,Insufficient Data,False,False,,,,,,lane,BA,RR,Northeast,North,False,True
SE>ES,1,0.0,0,0.0,1,0.0,0,0.0,1,0,0,0,1,0,1,0,0,0,0.0,0.0,0.7934506856227626,0.04530530961543637,-0.04530530961543637,-0.04530530961543637,0.7481453760073262,False,False,0.019637462235649546,0.0,-0.019637462235649546,1.0,0.0,0.0,0.7934506856227626,0.10605586470564225,-0.10605586470564225,-0.10605586470564225,0.6873948209171203,0.08634521195743962,-0.08634521195743962,0.08450684170807762,-0.08450684170807762,0.0,0.0,0.7934506856227626,0.0,,,0.0,unverified,Insufficient Data,Insufficient Data,Insufficient Data,Insufficient Data,Insufficient Data,False,False,,,,,,lane,SE,ES,Northeast,Southeast,False,True
CE>GO,1,0.0,0,0.0,1,0.0,0,0.0,1,0,0,0,1,0,1,0,0,0,0.0,0.0,0.7934506856227626,0.04530530961543637,-0.04530530961543637,-0.04530530961543637,0.7481453760073262,False,False,0.00723589001447178,0.0,-0.00723589001447178,1.0,0.0,0.0,0.7934506856227626,0.10605586470564225,-0.10605586470564225,-0.10605586470564225,0.6873948209171203,0.08634521195743962,-0.08634521195743962,0.08450684170807762,-0.08450684170807762,0.0,0.0,0.7934506856227626,0.0,,,0.0,unverified,Insufficient Data,Insufficient Data,Insufficient Data,Insufficient Data,Insufficient Data,False,False,,,,,,lane,CE,GO,Northeast,Central-West,False,True
CE>DF,1,0.0,0,0.0,1,0.0,0,0.0,1,0,0,0,1,0,1,0,0,0,0.0,0.0,0.7934506856227626,0.04530530961543637,-0.04530530961543637,-0.04530530961543637,0.7481453760073262,False,False,0.030883261272390366,0.0,-0.030883261272390366,1.0,0.0,0.0,0.7934506856227626,0.10605586470564225,-0.10605586470564225,-0.10605586470564225,0.6873948209171203,0.08634521195743962,-0.08634521195743962,0.08450684170807762,-0.08450684170807762,0.0,0.0,0.7934506856227626,0.0,,,0.0,unverified,Insufficient Data,Insufficient Data,Insufficient Data,Insufficient Data,Insufficient Data,False,False,,,,,,lane,CE,DF,Northeast,Central-West,False,True
DF>AC,1,0.0,1,0.0,0,0.0,0,0.0,1,0,0,0,1,0,1,0,0,0,0.0,0.0,0.7934506856227626,0.04530530961543637,-0.04530530961543637,-0.04530530961543637,0.7481453760073262,False,False,0.03888888888888889,0.0,-0.03888888888888889,1.0,0.0,0.0,0.7934506856227626,0.10605586470564225,-0.10605586470564225,-0.10605586470564225,0.6873948209171203,0.08634521195743962,-0.08634521195743962,0.08450684170807762,-0.08450684170807762,0.0,0.0,0.7934506856227626,0.0,,0.0,,unverified,Insufficient Data,Insufficient Data,Insufficient Data,Insufficient Data,Insufficient Data,False,False,,,,,,lane,DF,AC,Central-West,North,False,False
SE>PA,1,0.0,1,0.0,0,0.0,0,0.0,1,1,0,0,1,1,1,1,0,0,0.0,0.0,0.7934506856227626,0.04530530961543637,-0.04530530961543637,-0.04530530961543637,0.7481453760073262,False,False,0.026929982046678635,0.0,-0.026929982046678635,1.0,1.0,0.20654931437723745,1.0,0.10605586470564225,0.8939441352943578,0.1004934496715952,0.8939441352943578,0.08634521195743962,0.9136547880425604,0.08450684170807762,0.9154931582919223,1.0,0.20654931437723745,1.0,0.0,,0.0,,unverified,Insufficient Data,Insufficient Data,Insufficient Data,Insufficient Data,Insufficient Data,False,False,,,,,,lane,SE,PA,Northeast,North,False,True
SE>GO,1,0.0,0,0.0,1,0.0,0,0.0,1,0,0,0,1,0,1,0,0,0,0.0,0.0,0.7934506856227626,0.04530530961543637,-0.04530530961543637,-0.04530530961543637,0.7481453760073262,False,False,0.0714031971580817,0.0,-0.0714031971580817,1.0,0.0,0.0,0.7934506856227626,0.10605586470564225,-0.10605586470564225,-0.10605586470564225,0.6873948209171203,0.08634521195743962,-0.08634521195743962,0.08450684170807762,-0.08450684170807762,0.0,0.0,0.7934506856227626,0.0,,,0.0,unverified,Insufficient Data,Insufficient Data,Insufficient Data,Insufficient Data,Insufficient Data,False,False,,,,,,lane,SE,GO,Northeast,Central-West,False,True
SE>RJ,1,0.0,1,0.0,0,0.0,0,0.0,1,0,0,0,1,0,1,0,0,0,0.0,0.0,0.7934506856227626,0.04530530961543637,-0.04530530961543637,-0.04530530961543637,0.7481453760073262,False,False,0.022377622377622378,0.0,-0.022377622377622378,1.0,0.0,0.0,0.7934506856227626,0.10605586470564225,-0.10605586470564225,-0.10605586470564225,0.6873948209171203,0.08634521195743962,-0.08634521195743962,0.08450684170807762,-0.08450684170807762,0.0,0.0,0.7934506856227626,0.0,,0.0,,unverified,Insufficient Data,Insufficient Data,Insufficient Data,Insufficient Data,Insufficient Data,False,False,,,,,,lane,SE,RJ,Northeast,Southeast,False,True
ES>TO,1,0.0,1,0.0,0,0.0,0,0.0,1,0,0,0,1,0,1,0,0,0,0.0,0.0,0.7934506856227626,0.04530530961543637,-0.04530530961543637,-0.04530530961543637,0.7481453760073262,False,False,0.08391608391608392,0.0,-0.08391608391608392,1.0,0.0,0.0,0.7934506856227626,0.10605586470564225,-0.10605586470564225,-0.10605586470564225,0.6873948209171203,0.08634521195743962,-0.08634521195743962,0.08450684170807762,-0.08450684170807762,0.0,0.0,0.7934506856227626,0.0,,0.0,,unverified,Insufficient Data,Insufficient Data,Insufficient Data,Insufficient Data,Insufficient Data,False,False,,,,,,lane,ES,TO,Southeast,North,False,False
GO>RN,1,0.0,1,0.0,0,0.0,0,0.0,1,0,0,0,1,0,1,0,0,0,0.0,0.0,0.7934506856227626,0.04530530961543637,-0.04530530961543637,-0.04530530961543637,0.7481453760073262,False,False,0.05539772727272727,0.0,-0.05539772727272727,1.0,0.0,0.0,0.7934506856227626,0.10605586470564225,-0.10605586470564225,-0.10605586470564225,0.6873948209171203,0.08634521195743962,-0.08634521195743962,0.08450684170807762,-0.08450684170807762,0.0,0.0,0.7934506856227626,0.0,,0.0,,unverified,Insufficient Data,Insufficient Data,Insufficient Data,Insufficient Data,Insufficient Data,False,False,,,,,,lane,GO,RN,Central-West,Northeast,True,False
MA>AC,1,0.0,0,0.0,1,0.0,0,0.0,1,0,0,0,1,0,1,0,0,0,0.0,0.0,0.7934506856227626,0.04530530961543637,-0.04530530961543637,-0.04530530961543637,0.7481453760073262,False,False,0.0,,0.0,1.0,0.0,0.0,0.7934506856227626,0.10605586470564225,-0.10605586470564225,-0.10605586470564225,0.6873948209171203,0.08634521195743962,-0.08634521195743962,0.08450684170807762,-0.08450684170807762,0.0,0.0,0.7934506856227626,0.0,,,0.0,unverified,Insufficient Data,Insufficient Data,Insufficient Data,Insufficient Data,Insufficient Data,False,False,,,,,,lane,MA,AC,Northeast,North,False,True
RJ>AC,1,0.0,1,0.0,0,0.0,0,0.0,1,0,0,0,1,0,1,0,0,0,0.0,0.0,0.7934506856227626,0.04530530961543637,-0.04530530961543637,-0.04530530961543637,0.7481453760073262,False,False,0.01984126984126984,0.0,-0.01984126984126984,1.0,0.0,0.0,0.7934506856227626,0.10605586470564225,-0.10605586470564225,-0.10605586470564225,0.6873948209171203,0.08634521195743962,-0.08634521195743962,0.08450684170807762,-0.08450684170807762,0.0,0.0,0.7934506856227626,0.0,,0.0,,unverified,Insufficient Data,Insufficient Data,Insufficient Data,Insufficient Data,Insufficient Data,False,False,,,,,,lane,RJ,AC,Southeast,North,False,False
ES>RO,1,0.0,1,0.0,0,0.0,0,0.0,1,0,0,0,1,0,1,0,0,0,0.0,0.0,0.7934506856227626,0.04530530961543637,-0.04530530961543637,-0.04530530961543637,0.7481453760073262,False,False,0.026905829596412557,0.0,-0.026905829596412557,1.0,0.0,0.0,0.7934506856227626,0.10605586470564225,-0.10605586470564225,-0.10605586470564225,0.6873948209171203,0.08634521195743962,-0.08634521195743962,0.08450684170807762,-0.08450684170807762,0.0,0.0,0.7934506856227626,0.0,,0.0,,unverified,Insufficient Data,Insufficient Data,Insufficient Data,Insufficient Data,Insufficient Data,False,False,,,,,,lane,ES,RO,Southeast,North,False,False
GO>RO,1,0.0,1,0.0,0,0.0,0,0.0,1,0,0,0,1,0,1,0,0,0,0.0,0.0,0.7934506856227626,0.04530530961543637,-0.04530530961543637,-0.04530530961543637,0.7481453760073262,False,False,0.026905829596412557,0.0,-0.026905829596412557,1.0,0.0,0.0,0.7934506856227626,0.10605586470564225,-0.10605586470564225,-0.10605586470564225,0.6873948209171203,0.08634521195743962,-0.08634521195743962,0.08450684170807762,-0.08450684170807762,0.0,0.0,0.7934506856227626,0.0,,0.0,,unverified,Insufficient Data,Insufficient Data,Insufficient Data,Insufficient Data,Insufficient Data,False,False,,,,,,lane,GO,RO,Central-West,North,False,False
RJ>AP,1,0.0,0,0.0,1,0.0,0,0.0,1,0,0,0,1,0,1,0,0,0,0.0,0.0,0.7934506856227626,0.04530530961543637,-0.04530530961543637,-0.04530530961543637,0.7481453760073262,False,False,0.06518282988871224,0.0,-0.06518282988871224,1.0,0.0,0.0,0.7934506856227626,0.10605586470564225,-0.10605586470564225,-0.10605586470564225,0.6873948209171203,0.08634521195743962,-0.08634521195743962,0.08450684170807762,-0.08450684170807762,0.0,0.0,0.7934506856227626,0.0,,,0.0,unverified,Insufficient Data,Insufficient Data,Insufficient Data,Insufficient Data,Insufficient Data,False,False,,,,,,lane,RJ,AP,Southeast,North,False,False
GO>AC,1,0.0,0,0.0,1,0.0,0,0.0,1,0,0,0,1,0,1,0,0,0,0.0,0.0,0.7934506856227626,0.04530530961543637,-0.04530530961543637,-0.04530530961543637,0.7481453760073262,False,False,0.06288032454361055,0.0,-0.06288032454361055,1.0,0.0,0.0,0.7934506856227626,0.10605586470564225,-0.10605586470564225,-0.10605586470564225,0.6873948209171203,0.08634521195743962,-0.08634521195743962,0.08450684170807762,-0.08450684170807762,0.0,0.0,0.7934506856227626,0.0,,,0.0,unverified,Insufficient Data,Insufficient Data,Insufficient Data,Insufficient Data,Insufficient Data,False,False,,,,,,lane,GO,AC,Central-West,North,False,False
MA>RN,1,0.0,0,0.0,1,0.0,0,0.0,1,0,0,0,1,0,1,0,0,0,0.0,0.0,0.7934506856227626,0.04530530961543637,-0.04530530961543637,-0.04530530961543637,0.7481453760073262,False,False,0.030883261272390366,0.0,-0.030883261272390366,1.0,0.0,0.0,0.7934506856227626,0.10605586470564225,-0.10605586470564225,-0.10605586470564225,0.6873948209171203,0.08634521195743962,-0.08634521195743962,0.08450684170807762,-0.08450684170807762,0.0,0.0,0.7934506856227626,0.0,,,0.0,unverified,Insufficient Data,Insufficient Data,Insufficient Data,Insufficient Data,Insufficient Data,False,False,,,,,,lane,MA,RN,Northeast,Northeast,True,True
MA>AP,1,0.0,0,0.0,1,0.0,0,0.0,1,0,0,0,1,0,1,0,0,0,0.0,0.0,0.7934506856227626,0.04530530961543637,-0.04530530961543637,-0.04530530961543637,0.7481453760073262,False,False,0.00425531914893617,0.0,-0.00425531914893617,1.0,0.0,0.0,0.7934506856227626,0.10605586470564225,-0.10605586470564225,-0.10605586470564225,0.6873948209171203,0.08634521195743962,-0.08634521195743962,0.08450684170807762,-0.08450684170807762,0.0,0.0,0.7934506856227626,0.0,,,0.0,unverified,Insufficient Data,Insufficient Data,Insufficient Data,Insufficient Data,Insufficient Data,False,False,,,,,,lane,MA,AP,Northeast,North,False,True
MA>PB,1,0.0,0,0.0,1,0.0,0,0.0,1,0,0,0,1,0,1,0,0,0,0.0,0.0,0.7934506856227626,0.04530530961543637,-0.04530530961543637,-0.04530530961543637,0.7481453760073262,False,False,0.019637462235649546,0.0,-0.019637462235649546,1.0,0.0,0.0,0.7934506856227626,0.10605586470564225,-0.10605586470564225,-0.10605586470564225,0.6873948209171203,0.08634521195743962,-0.08634521195743962,0.08450684170807762,-0.08450684170807762,0.0,0.0,0.7934506856227626,0.0,,,0.0,unverified,Insufficient Data,Insufficient Data,Insufficient Data,Insufficient Data,Insufficient Data,False,False,,,,,,lane,MA,PB,Northeast,Northeast,True,True
MA>AM,1,0.0,0,0.0,1,0.0,0,0.0,1,0,0,0,1,0,1,0,0,0,0.0,0.0,0.7934506856227626,0.04530530961543637,-0.04530530961543637,-0.04530530961543637,0.7481453760073262,False,False,0.00723589001447178,0.0,-0.00723589001447178,1.0,0.0,0.0,0.7934506856227626,0.10605586470564225,-0.10605586470564225,-0.10605586470564225,0.6873948209171203,0.08634521195743962,-0.08634521195743962,0.08450684170807762,-0.08450684170807762,0.0,0.0,0.7934506856227626,0.0,,,0.0,unverified,Insufficient Data,Insufficient Data,Insufficient Data,Insufficient Data,Insufficient Data,False,False,,,,,,lane,MA,AM,Northeast,North,False,True
MS>SC,1,0.0,1,0.0,0,0.0,0,0.0,1,0,0,0,1,0,1,0,0,0,0.0,0.0,0.7934506856227626,0.04530530961543637,-0.04530530961543637,-0.04530530961543637,0.7481453760073262,False,False,0.020671834625323,0.0,-0.020671834625323,1.0,0.0,0.0,0.7934506856227626,0.10605586470564225,-0.10605586470564225,-0.10605586470564225,0.6873948209171203,0.08634521195743962,-0.08634521195743962,0.08450684170807762,-0.08450684170807762,0.0,0.0,0.7934506856227626,0.0,,0.0,,unverified,Insufficient Data,Insufficient Data,Insufficient Data,Insufficient Data,Insufficient Data,False,False,,,,,,lane,MS,SC,Central-West,South,False,False
PE>MS,1,0.0,1,0.0,0,0.0,0,0.0,1,0,0,0,1,0,1,0,0,0,0.0,0.0,0.7934506856227626,0.04530530961543637,-0.04530530961543637,-0.04530530961543637,0.7481453760073262,False,False,0.0429553264604811,0.0,-0.0429553264604811,1.0,0.0,0.0,0.7934506856227626,0.10605586470564225,-0.10605586470564225,-0.10605586470564225,0.6873948209171203,0.08634521195743962,-0.08634521195743962,0.08450684170807762,-0.08450684170807762,0.0,0.0,0.7934506856227626,0.0,,0.0,,unverified,Insufficient Data,Insufficient Data,Insufficient Data,Insufficient Data,Insufficient Data,False,False,,,,,,lane,PE,MS,Northeast,Central-West,False,True
MT>ES,1,0.0,1,0.0,0,0.0,0,0.0,1,0,0,0,1,0,1,0,0,0,0.0,0.0,0.7934506856227626,0.04530530961543637,-0.04530530961543637,-0.04530530961543637,0.7481453760073262,False,False,0.044767441860465114,0.0,-0.044767441860465114,1.0,0.0,0.0,0.7934506856227626,0.10605586470564225,-0.10605586470564225,-0.10605586470564225,0.6873948209171203,0.08634521195743962,-0.08634521195743962,0.08450684170807762,-0.08450684170807762,0.0,0.0,0.7934506856227626,0.0,,0.0,,unverified,Insufficient Data,Insufficient Data,Insufficient Data,Insufficient Data,Insufficient Data,False,False,,,,,,lane,MT,ES,Central-West,Southeast,False,False
MS>GO,1,0.0,1,0.0,0,0.0,0,0.0,1,0,0,0,1,0,1,0,0,0,0.0,0.0,0.7934506856227626,0.04530530961543637,-0.04530530961543637,-0.04530530961543637,0.7481453760073262,False,False,0.0326530612244898,0.0,-0.0326530612244898,1.0,0.0,0.0,0.7934506856227626,0.10605586470564225,-0.10605586470564225,-0.10605586470564225,0.6873948209171203,0.08634521195743962,-0.08634521195743962,0.08450684170807762,-0.08450684170807762,0.0,0.0,0.7934506856227626,0.0,,0.0,,unverified,Insufficient Data,Insufficient Data,Insufficient Data,Insufficient Data,Insufficient Data,False,False,,,,,,lane,MS,GO,Central-West,Central-West,False,False
PE>MT,1,0.0,0,0.0,1,0.0,0,0.0,1,0,0,0,1,0,1,0,0,0,0.0,0.0,0.7934506856227626,0.04530530961543637,-0.04530530961543637,-0.04530530961543637,0.7481453760073262,False,False,0.028824833702882482,0.0,-0.028824833702882482,1.0,0.0,0.0,0.7934506856227626,0.10605586470564225,-0.10605586470564225,-0.10605586470564225,0.6873948209171203,0.08634521195743962,-0.08634521195743962,0.08450684170807762,-0.08450684170807762,0.0,0.0,0.7934506856227626,0.0,,,0.0,unverified,Insufficient Data,Insufficient Data,Insufficient Data,Insufficient Data,Insufficient Data,False,False,,,,,,lane,PE,MT,Northeast,Central-West,False,True
PI>PB,1,0.0,0,0.0,1,0.0,0,0.0,1,0,0,0,1,0,1,0,0,0,0.0,0.0,0.7934506856227626,0.04530530961543637,-0.04530530961543637,-0.04530530961543637,0.7481453760073262,False,False,0.019637462235649546,0.0,-0.019637462235649546,1.0,0.0,0.0,0.7934506856227626,0.10605586470564225,-0.10605586470564225,-0.10605586470564225,0.6873948209171203,0.08634521195743962,-0.08634521195743962,0.08450684170807762,-0.08450684170807762,0.0,0.0,0.7934506856227626,0.0,,,0.0,unverified,Insufficient Data,Insufficient Data,Insufficient Data,Insufficient Data,Insufficient Data,False,False,,,,,,lane,PI,PB,Northeast,Northeast,True,True
PI>MA,1,0.0,0,0.0,1,0.0,0,0.0,1,0,0,0,1,0,1,0,0,0,0.0,0.0,0.7934506856227626,0.04530530961543637,-0.04530530961543637,-0.04530530961543637,0.7481453760073262,False,False,0.023705552089831567,0.0,-0.023705552089831567,1.0,0.0,0.0,0.7934506856227626,0.10605586470564225,-0.10605586470564225,-0.10605586470564225,0.6873948209171203,0.08634521195743962,-0.08634521195743962,0.08450684170807762,-0.08450684170807762,0.0,0.0,0.7934506856227626,0.0,,,0.0,unverified,Insufficient Data,Insufficient Data,Insufficient Data,Insufficient Data,Insufficient Data,False,False,,,,,,lane,PI,MA,Northeast,Northeast,True,True
PI>SP,1,0.0,0,0.0,1,0.0,0,0.0,1,0,0,0,1,0,1,0,0,0,0.0,0.0,0.7934506856227626,0.04530530961543637,-0.04530530961543637,-0.04530530961543637,0.7481453760073262,False,False,0.07009345794392523,0.0,-0.07009345794392523,1.0,0.0,0.0,0.7934506856227626,0.10605586470564225,-0.10605586470564225,-0.10605586470564225,0.6873948209171203,0.08634521195743962,-0.08634521195743962,0.08450684170807762,-0.08450684170807762,0.0,0.0,0.7934506856227626,0.0,,,0.0,unverified,Insufficient Data,Insufficient Data,Insufficient Data,Insufficient Data,Insufficient Data,False,False,,,,,,lane,PI,SP,Northeast,Southeast,False,True
PR>AC,1,0.0,1,0.0,0,0.0,0,0.0,1,1,0,0,1,1,1,1,0,0,0.0,0.0,0.7934506856227626,0.04530530961543637,-0.04530530961543637,-0.04530530961543637,0.7481453760073262,False,False,0.022377622377622378,0.0,-0.022377622377622378,1.0,1.0,0.20654931437723745,1.0,0.10605586470564225,0.8939441352943578,0.1004934496715952,0.8939441352943578,0.08634521195743962,0.9136547880425604,0.08450684170807762,0.9154931582919223,1.0,0.20654931437723745,1.0,0.0,,0.0,,unverified,Insufficient Data,Insufficient Data,Insufficient Data,Insufficient Data,Insufficient Data,False,False,,,,,,lane,PR,AC,South,North,False,False
PI>CE,1,0.0,0,0.0,1,0.0,0,0.0,1,0,0,0,1,0,1,0,0,0,0.0,0.0,0.7934506856227626,0.04530530961543637,-0.04530530961543637,-0.04530530961543637,0.7481453760073262,False,False,0.046341463414634146,0.0,-0.046341463414634146,1.0,0.0,0.0,0.7934506856227626,0.10605586470564225,-0.10605586470564225,-0.10605586470564225,0.6873948209171203,0.08634521195743962,-0.08634521195743962,0.08450684170807762,-0.08450684170807762,0.0,0.0,0.7934506856227626,0.0,,,0.0,unverified,Insufficient Data,Insufficient Data,Insufficient Data,Insufficient Data,Insufficient Data,False,False,,,,,,lane,PI,CE,Northeast,Northeast,True,True
PI>PE,1,0.0,0,0.0,1,0.0,0,0.0,1,0,0,0,1,0,1,0,0,0,0.0,0.0,0.7934506856227626,0.04530530961543637,-0.04530530961543637,-0.04530530961543637,0.7481453760073262,False,False,0.061611374407582936,0.0,-0.061611374407582936,1.0,0.0,0.0,0.7934506856227626,0.10605586470564225,-0.10605586470564225,-0.10605586470564225,0.6873948209171203,0.08634521195743962,-0.08634521195743962,0.08450684170807762,-0.08450684170807762,0.0,0.0,0.7934506856227626,0.0,,,0.0,unverified,Insufficient Data,Insufficient Data,Insufficient Data,Insufficient Data,Insufficient Data,False,False,,,,,,lane,PI,PE,Northeast,Northeast,True,True
MT>CE,1,0.0,0,0.0,1,0.0,0,0.0,1,0,0,0,1,0,1,0,0,0,0.0,0.0,0.7934506856227626,0.04530530961543637,-0.04530530961543637,-0.04530530961543637,0.7481453760073262,False,False,0.04965089216446858,0.0,-0.04965089216446858,1.0,0.0,0.0,0.7934506856227626,0.10605586470564225,-0.10605586470564225,-0.10605586470564225,0.6873948209171203,0.08634521195743962,-0.08634521195743962,0.08450684170807762,-0.08450684170807762,0.0,0.0,0.7934506856227626,0.0,,,0.0,unverified,Insufficient Data,Insufficient Data,Insufficient Data,Insufficient Data,Insufficient Data,False,False,,,,,,lane,MT,CE,Central-West,Northeast,True,False
PE>AP,1,0.0,0,0.0,1,0.0,0,0.0,1,0,0,0,1,0,1,0,0,0,0.0,0.0,0.7934506856227626,0.04530530961543637,-0.04530530961543637,-0.04530530961543637,0.7481453760073262,False,False,0.016689847009735744,0.0,-0.016689847009735744,1.0,0.0,0.0,0.7934506856227626,0.10605586470564225,-0.10605586470564225,-0.10605586470564225,0.6873948209171203,0.08634521195743962,-0.08634521195743962,0.08450684170807762,-0.08450684170807762,0.0,0.0,0.7934506856227626,0.0,,,0.0,unverified,Insufficient Data,Insufficient Data,Insufficient Data,Insufficient Data,Insufficient Data,False,False,,,,,,lane,PE,AP,Northeast,North,False,True
MS>AC,1,0.0,1,0.0,0,0.0,0,0.0,1,0,0,0,1,0,1,0,0,0,0.0,0.0,0.7934506856227626,0.04530530961543637,-0.04530530961543637,-0.04530530961543637,0.7481453760073262,False,False,0.03296703296703297,0.0,-0.03296703296703297,1.0,0.0,0.0,0.7934506856227626,0.10605586470564225,-0.10605586470564225,-0.10605586470564225,0.6873948209171203,0.08634521195743962,-0.08634521195743962,0.08450684170807762,-0.08450684170807762,0.0,0.0,0.7934506856227626,0.0,,0.0,,unverified,Insufficient Data,Insufficient Data,Insufficient Data,Insufficient Data,Insufficient Data,False,False,,,,,,lane,MS,AC,Central-West,North,False,False
MS>RS,1,0.0,1,0.0,0,0.0,0,0.0,1,0,0,0,1,0,1,0,0,0,0.0,0.0,0.7934506856227626,0.04530530961543637,-0.04530530961543637,-0.04530530961543637,0.7481453760073262,False,False,0.022377622377622378,0.0,-0.022377622377622378,1.0,0.0,0.0,0.7934506856227626,0.10605586470564225,-0.10605586470564225,-0.10605586470564225,0.6873948209171203,0.08634521195743962,-0.08634521195743962,0.08450684170807762,-0.08450684170807762,0.0,0.0,0.7934506856227626,0.0,,0.0,,unverified,Insufficient Data,Insufficient Data,Insufficient Data,Insufficient Data,Insufficient Data,False,False,,,,,,lane,MS,RS,Central-West,South,False,False
MT>RN,1,0.0,0,0.0,1,0.0,0,0.0,1,0,0,0,1,0,1,0,0,0,0.0,0.0,0.7934506856227626,0.04530530961543637,-0.04530530961543637,-0.04530530961543637,0.7481453760073262,False,False,0.06518282988871224,0.0,-0.06518282988871224,1.0,0.0,0.0,0.7934506856227626,0.10605586470564225,-0.10605586470564225,-0.10605586470564225,0.6873948209171203,0.08634521195743962,-0.08634521195743962,0.08450684170807762,-0.08450684170807762,0.0,0.0,0.7934506856227626,0.0,,,0.0,unverified,Insufficient Data,Insufficient Data,Insufficient Data,Insufficient Data,Insufficient Data,False,False,,,,,,lane,MT,RN,Central-West,Northeast,True,False
MT>PA,1,0.0,1,0.0,0,0.0,0,0.0,1,0,0,0,1,0,1,0,0,0,0.0,0.0,0.7934506856227626,0.04530530961543637,-0.04530530961543637,-0.04530530961543637,0.7481453760073262,False,False,0.026905829596412557,0.0,-0.026905829596412557,1.0,0.0,0.0,0.7934506856227626,0.10605586470564225,-0.10605586470564225,-0.10605586470564225,0.6873948209171203,0.08634521195743962,-0.08634521195743962,0.08450684170807762,-0.08450684170807762,0.0,0.0,0.7934506856227626,0.0,,0.0,,unverified,Insufficient Data,Insufficient Data,Insufficient Data,Insufficient Data,Insufficient Data,False,False,,,,,,lane,MT,PA,Central-West,North,False,False
PA>PR,1,0.0,1,0.0,0,0.0,0,0.0,1,0,0,0,1,0,1,0,0,0,0.0,0.0,0.7934506856227626,0.04530530961543637,-0.04530530961543637,-0.04530530961543637,0.7481453760073262,False,False,0.049107142857142856,0.0,-0.049107142857142856,1.0,0.0,0.0,0.7934506856227626,0.10605586470564225,-0.10605586470564225,-0.10605586470564225,0.6873948209171203,0.08634521195743962,-0.08634521195743962,0.08450684170807762,-0.08450684170807762,0.0,0.0,0.7934506856227626,0.0,,0.0,,unverified,Insufficient Data,Insufficient Data,Insufficient Data,Insufficient Data,Insufficient Data,False,False,,,,,,lane,PA,PR,North,South,False,False
MT>RO,1,0.0,0,0.0,1,0.0,0,0.0,1,0,0,0,1,0,1,0,0,0,0.0,0.0,0.7934506856227626,0.04530530961543637,-0.04530530961543637,-0.04530530961543637,0.7481453760073262,False,False,0.04850213980028531,0.0,-0.04850213980028531,1.0,0.0,0.0,0.7934506856227626,0.10605586470564225,-0.10605586470564225,-0.10605586470564225,0.6873948209171203,0.08634521195743962,-0.08634521195743962,0.08450684170807762,-0.08450684170807762,0.0,0.0,0.7934506856227626,0.0,,,0.0,unverified,Insufficient Data,Insufficient Data,Insufficient Data,Insufficient Data,Insufficient Data,False,False,,,,,,lane,MT,RO,Central-West,North,False,False
PB>CE,1,0.0,0,0.0,1,0.0,0,0.0,1,0,0,0,1,0,1,0,0,0,0.0,0.0,0.7934506856227626,0.04530530961543637,-0.04530530961543637,-0.04530530961543637,0.7481453760073262,False,False,0.00723589001447178,0.0,-0.00723589001447178,1.0,0.0,0.0,0.7934506856227626,0.10605586470564225,-0.10605586470564225,-0.10605586470564225,0.6873948209171203,0.08634521195743962,-0.08634521195743962,0.08450684170807762,-0.08450684170807762,0.0,0.0,0.7934506856227626,0.0,,,0.0,unverified,Insufficient Data,Insufficient Data,Insufficient Data,Insufficient Data,Insufficient Data,False,False,,,,,,lane,PB,CE,Northeast,Northeast,True,True
PB>PA,1,0.0,1,0.0,0,0.0,0,0.0,1,1,0,0,1,1,1,1,0,0,0.0,0.0,0.7934506856227626,0.04530530961543637,-0.04530530961543637,-0.04530530961543637,0.7481453760073262,False,False,0.07476635514018691,0.0,-0.07476635514018691,1.0,1.0,0.20654931437723745,1.0,0.10605586470564225,0.8939441352943578,0.1004934496715952,0.8939441352943578,0.08634521195743962,0.9136547880425604,0.08450684170807762,0.9154931582919223,1.0,0.20654931437723745,1.0,0.0,,0.0,,unverified,Insufficient Data,Insufficient Data,Insufficient Data,Insufficient Data,Insufficient Data,False,False,,,,,,lane,PB,PA,Northeast,North,False,True
PB>PB,1,0.0,1,0.0,0,0.0,0,0.0,1,0,0,0,1,0,1,0,0,0,0.0,0.0,0.7934506856227626,0.04530530961543637,-0.04530530961543637,-0.04530530961543637,0.7481453760073262,False,False,0.0326530612244898,0.0,-0.0326530612244898,1.0,0.0,0.0,0.7934506856227626,0.10605586470564225,-0.10605586470564225,-0.10605586470564225,0.6873948209171203,0.08634521195743962,-0.08634521195743962,0.08450684170807762,-0.08450684170807762,0.0,0.0,0.7934506856227626,0.0,,0.0,,unverified,Insufficient Data,Insufficient Data,Insufficient Data,Insufficient Data,Insufficient Data,False,False,,,,,,lane,PB,PB,Northeast,Northeast,True,True
PB>RN,1,0.0,0,0.0,1,0.0,0,0.0,1,0,0,0,1,0,1,0,0,0,0.0,0.0,0.7934506856227626,0.04530530961543637,-0.04530530961543637,-0.04530530961543637,0.7481453760073262,False,False,0.00723589001447178,0.0,-0.00723589001447178,1.0,0.0,0.0,0.7934506856227626,0.10605586470564225,-0.10605586470564225,-0.10605586470564225,0.6873948209171203,0.08634521195743962,-0.08634521195743962,0.08450684170807762,-0.08450684170807762,0.0,0.0,0.7934506856227626,0.0,,,0.0,unverified,Insufficient Data,Insufficient Data,Insufficient Data,Insufficient Data,Insufficient Data,False,False,,,,,,lane,PB,RN,Northeast,Northeast,True,True
PB>SE,1,0.0,0,0.0,1,0.0,0,0.0,1,0,0,0,1,0,1,0,0,0,0.0,0.0,0.7934506856227626,0.04530530961543637,-0.04530530961543637,-0.04530530961543637,0.7481453760073262,False,False,0.00723589001447178,0.0,-0.00723589001447178,1.0,0.0,0.0,0.7934506856227626,0.10605586470564225,-0.10605586470564225,-0.10605586470564225,0.6873948209171203,0.08634521195743962,-0.08634521195743962,0.08450684170807762,-0.08450684170807762,0.0,0.0,0.7934506856227626,0.0,,,0.0,unverified,Insufficient Data,Insufficient Data,Insufficient Data,Insufficient Data,Insufficient Data,False,False,,,,,,lane,PB,SE,Northeast,Northeast,True,True
PB>MT,1,0.0,1,0.0,0,0.0,0,0.0,1,0,0,0,1,0,1,0,0,0,0.0,0.0,0.7934506856227626,0.04530530961543637,-0.04530530961543637,-0.04530530961543637,0.7481453760073262,False,False,0.05539772727272727,0.0,-0.05539772727272727,1.0,0.0,0.0,0.7934506856227626,0.10605586470564225,-0.10605586470564225,-0.10605586470564225,0.6873948209171203,0.08634521195743962,-0.08634521195743962,0.08450684170807762,-0.08450684170807762,0.0,0.0,0.7934506856227626,0.0,,0.0,,unverified,Insufficient Data,Insufficient Data,Insufficient Data,Insufficient Data,Insufficient Data,False,False,,,,,,lane,PB,MT,Northeast,Central-West,False,True
PB>MA,1,0.0,1,0.0,0,0.0,0,0.0,1,0,0,0,1,0,1,0,0,0,0.0,0.0,0.7934506856227626,0.04530530961543637,-0.04530530961543637,-0.04530530961543637,0.7481453760073262,False,False,0.07476635514018691,0.0,-0.07476635514018691,1.0,0.0,0.0,0.7934506856227626,0.10605586470564225,-0.10605586470564225,-0.10605586470564225,0.6873948209171203,0.08634521195743962,-0.08634521195743962,0.08450684170807762,-0.08450684170807762,0.0,0.0,0.7934506856227626,0.0,,0.0,,unverified,Insufficient Data,Insufficient Data,Insufficient Data,Insufficient Data,Insufficient Data,False,False,,,,,,lane,PB,MA,Northeast,Northeast,True,True
PB>ES,1,0.0,0,0.0,1,0.0,0,0.0,1,0,0,0,1,0,1,0,0,0,0.0,0.0,0.7934506856227626,0.04530530961543637,-0.04530530961543637,-0.04530530961543637,0.7481453760073262,False,False,0.028824833702882482,0.0,-0.028824833702882482,1.0,0.0,0.0,0.7934506856227626,0.10605586470564225,-0.10605586470564225,-0.10605586470564225,0.6873948209171203,0.08634521195743962,-0.08634521195743962,0.08450684170807762,-0.08450684170807762,0.0,0.0,0.7934506856227626,0.0,,,0.0,unverified,Insufficient Data,Insufficient Data,Insufficient Data,Insufficient Data,Insufficient Data,False,False,,,,,,lane,PB,ES,Northeast,Southeast,False,True
BA>MS,1,0.0,0,0.0,1,0.0,0,0.0,1,0,0,0,1,0,1,0,0,0,0.0,0.0,0.7934506856227626,0.04530530961543637,-0.04530530961543637,-0.04530530961543637,0.7481453760073262,False,False,0.061611374407582936,0.0,-0.061611374407582936,1.0,0.0,0.0,0.7934506856227626,0.10605586470564225,-0.10605586470564225,-0.10605586470564225,0.6873948209171203,0.08634521195743962,-0.08634521195743962,0.08450684170807762,-0.08450684170807762,0.0,0.0,0.7934506856227626,0.0,,,0.0,unverified,Insufficient Data,Insufficient Data,Insufficient Data,Insufficient Data,Insufficient Data,False,False,,,,,,lane,BA,MS,Northeast,Central-West,False,True
RJ>MS,24,1.0,6,0.0,18,1.0,0,0.0,24,2,1,1,23,1,23,1,1,1,0.041666666666666664,0.0073934561655057685,0.20241806478655938,1.0873274307704728,-0.08732743077047278,-0.9098844827983344,3.770706124106952,False,False,1.1530161578456557,0.8672905346516934,-0.1530161578456557,1.0,0.08333333333333333,0.023158815297043306,0.25848802193210685,2.545340752935414,-0.545340752935414,-1.9895291858063748,3.65837177343515,1.9859398750211112,-0.9859398750211112,1.9436573592857853,-0.9436573592857853,0.043478260869565216,0.007716666143453149,0.20991155070258877,0.041666666666666664,0.0,0.0,0.05555555555555555,unverified,Insufficient Data,Insufficient Data,Insufficient Data,Insufficient Data,Insufficient Data,False,False,,,,,,lane,RJ,MS,Southeast,Central-West,False,False
PB>MG,2,0.0,0,0.0,2,0.0,0,0.0,2,1,0,0,2,1,2,1,0,0,0.0,0.0,0.6576197724933469,0.09061061923087274,-0.09061061923087274,-0.09061061923087274,1.2246289257558212,False,False,0.08482029212436179,0.0,-0.08482029212436179,1.0,0.5,0.09453120573423074,0.9054687942657693,0.2121117294112845,0.7878882705887155,-0.023049317942823028,1.5988258591202542,0.17269042391487924,0.8273095760851208,0.16901368341615525,0.8309863165838447,0.5,0.09453120573423074,0.9054687942657693,0.0,,,0.0,unverified,Insufficient Data,Insufficient Data,Insufficient Data,Insufficient Data,Insufficient Data,False,False,,,,,,lane,PB,MG,Northeast,Southeast,False,True
MT>MA,2,0.0,1,0.0,1,0.0,0,0.0,2,0,0,0,2,0,2,0,0,0,0.0,0.0,0.6576197724933469,0.09061061923087274,-0.09061061923087274,-0.09061061923087274,1.2246289257558212,False,False,0.09331582221607797,0.0,-0.09331582221607797,1.0,0.0,0.0,0.6576197724933469,0.2121117294112845,-0.2121117294112845,-0.2121117294112845,1.1031278155754094,0.17269042391487924,-0.17269042391487924,0.16901368341615525,-0.16901368341615525,0.0,0.0,0.6576197724933469,0.0,,0.0,0.0,unverified,Insufficient Data,Insufficient Data,Insufficient Data,Insufficient Data,Insufficient Data,False,False,,,,,,lane,MT,MA,Central-West,Northeast,True,False
MT>PB,2,0.0,1,0.0,1,0.0,0,0.0,2,0,0,0,2,0,2,0,0,0,0.0,0.0,0.6576197724933469,0.09061061923087274,-0.09061061923087274,-0.09061061923087274,1.2246289257558212,False,False,0.03927696361703111,0.0,-0.03927696361703111,1.0,0.0,0.0,0.6576197724933469,0.2121117294112845,-0.2121117294112845,-0.2121117294112845,1.1031278155754094,0.17269042391487924,-0.17269042391487924,0.16901368341615525,-0.16901368341615525,0.0,0.0,0.6576197724933469,0.0,,0.0,0.0,unverified,Insufficient Data,Insufficient Data,Insufficient Data,Insufficient Data,Insufficient Data,False,False,,,,,,lane,MT,PB,Central-West,Northeast,True,False
MS>MT,2,0.0,1,0.0,1,0.0,0,0.0,2,0,0,0,2,0,2,0,0,0,0.0,0.0,0.6576197724933469,0.09061061923087274,-0.09061061923087274,-0.09061061923087274,1.2246289257558212,False,False,0.13379681693150702,0.0,-0.13379681693150702,1.0,0.0,0.0,0.6576197724933469,0.2121117294112845,-0.2121117294112845,-0.2121117294112845,1.1031278155754094,0.17269042391487924,-0.17269042391487924,0.16901368341615525,-0.16901368341615525,0.0,0.0,0.6576197724933469,0.0,,0.0,0.0,unverified,Insufficient Data,Insufficient Data,Insufficient Data,Insufficient Data,Insufficient Data,False,False,,,,,,lane,MS,MT,Central-West,Central-West,False,False
MG>RR,2,0.0,2,0.0,0,0.0,0,0.0,2,0,0,0,2,0,2,0,0,0,0.0,0.0,0.6576197724933469,0.09061061923087274,-0.09061061923087274,-0.09061061923087274,1.2246289257558212,False,False,0.027630325302844698,0.0,-0.027630325302844698,1.0,0.0,0.0,0.6576197724933469,0.2121117294112845,-0.2121117294112845,-0.2121117294112845,1.1031278155754094,0.17269042391487924,-0.17269042391487924,0.16901368341615525,-0.16901368341615525,0.0,0.0,0.6576197724933469,0.0,,0.0,,unverified,Insufficient Data,Insufficient Data,Insufficient Data,Insufficient Data,Insufficient Data,False,False,,,,,,lane,MG,RR,Southeast,North,False,False
MG>AP,2,0.0,0,0.0,2,0.0,0,0.0,2,0,0,0,2,0,2,0,0,0,0.0,0.0,0.6576197724933469,0.09061061923087274,-0.09061061923087274,-0.09061061923087274,1.2246289257558212,False,False,0.05852720245692691,0.0,-0.05852720245692691,1.0,0.0,0.0,0.6576197724933469,0.2121117294112845,-0.2121117294112845,-0.2121117294112845,1.1031278155754094,0.17269042391487924,-0.17269042391487924,0.16901368341615525,-0.16901368341615525,0.0,0.0,0.6576197724933469,0.0,,,0.0,unverified,Insufficient Data,Insufficient Data,Insufficient Data,Insufficient Data,Insufficient Data,False,False,,,,,,lane,MG,AP,Southeast,North,False,False
PR>AP,2,0.0,1,0.0,1,0.0,0,0.0,2,0,0,0,2,0,2,0,0,0,0.0,0.0,0.6576197724933469,0.09061061923087274,-0.09061061923087274,-0.09061061923087274,1.2246289257558212,False,False,0.065379776931087,0.0,-0.065379776931087,1.0,0.0,0.0,0.6576197724933469,0.2121117294112845,-0.2121117294112845,-0.2121117294112845,1.1031278155754094,0.17269042391487924,-0.17269042391487924,0.16901368341615525,-0.16901368341615525,0.0,0.0,0.6576197724933469,0.0,,0.0,0.0,unverified,Insufficient Data,Insufficient Data,Insufficient Data,Insufficient Data,Insufficient Data,False,False,,,,,,lane,PR,AP,South,North,False,False
MA>TO,2,0.0,0,0.0,2,0.0,0,0.0,2,1,0,0,2,1,2,1,0,0,0.0,0.0,0.6576197724933469,0.09061061923087274,-0.09061061923087274,-0.09061061923087274,1.2246289257558212,False,False,0.06176652254478073,0.0,-0.06176652254478073,1.0,0.5,0.09453120573423074,0.9054687942657693,0.2121117294112845,0.7878882705887155,-0.023049317942823028,1.5988258591202542,0.17269042391487924,0.8273095760851208,0.16901368341615525,0.8309863165838447,0.5,0.09453120573423074,0.9054687942657693,0.0,,,0.0,unverified,Insufficient Data,Insufficient Data,Insufficient Data,Insufficient Data,Insufficient Data,False,False,,,,,,lane,MA,TO,Northeast,North,False,True
PB>PE,2,0.0,1,0.0,1,0.0,0,0.0,2,1,0,0,2,1,2,1,0,0,0.0,0.0,0.6576197724933469,0.09061061923087274,-0.09061061923087274,-0.09061061923087274,1.2246289257558212,False,False,0.11479934518847429,0.0,-0.11479934518847429,1.0,0.5,0.09453120573423074,0.9054687942657693,0.2121117294112845,0.7878882705887155,-0.023049317942823028,1.5988258591202542,0.17269042391487924,0.8273095760851208,0.16901368341615525,0.8309863165838447,0.5,0.09453120573423074,0.9054687942657693,0.0,,0.0,0.0,unverified,Insufficient Data,Insufficient Data,Insufficient Data,Insufficient Data,Insufficient Data,False,False,,,,,,lane,PB,PE,Northeast,Northeast,True,True
PB>BA,2,0.0,1,0.0,1,0.0,0,0.0,2,0,0,0,2,0,2,0,0,0,0.0,0.0,0.6576197724933469,0.09061061923087274,-0.09061061923087274,-0.09061061923087274,1.2246289257558212,False,False,0.04729045775020893,0.0,-0.04729045775020893,1.0,0.0,0.0,0.6576197724933469,0.2121117294112845,-0.2121117294112845,-0.2121117294112845,1.1031278155754094,0.17269042391487924,-0.17269042391487924,0.16901368341615525,-0.16901368341615525,0.0,0.0,0.6576197724933469,0.0,,0.0,0.0,unverified,Insufficient Data,Insufficient Data,Insufficient Data,Insufficient Data,Insufficient Data,False,False,,,,,,lane,PB,BA,Northeast,Northeast,True,True
CE>AL,2,0.0,0,0.0,2,0.0,0,0.0,2,0,0,0,2,0,2,0,0,0,0.0,0.0,0.6576197724933469,0.09061061923087274,-0.09061061923087274,-0.09061061923087274,1.2246289257558212,False,False,0.03927492447129909,0.0,-0.03927492447129909,1.0,0.0,0.0,0.6576197724933469,0.2121117294112845,-0.2121117294112845,-0.2121117294112845,1.1031278155754094,0.17269042391487924,-0.17269042391487924,0.16901368341615525,-0.16901368341615525,0.0,0.0,0.6576197724933469,0.0,,,0.0,unverified,Insufficient Data,Insufficient Data,Insufficient Data,Insufficient Data,Insufficient Data,False,False,,,,,,lane,CE,AL,Northeast,Northeast,True,True
ES>MA,2,0.0,0,0.0,2,0.0,0,0.0,2,0,0,0,2,0,2,0,0,0,0.0,0.0,0.6576197724933469,0.09061061923087274,-0.09061061923087274,-0.09061061923087274,1.2246289257558212,False,False,0.030883261272390366,0.0,-0.030883261272390366,1.0,0.0,0.0,0.6576197724933469,0.2121117294112845,-0.2121117294112845,-0.2121117294112845,1.1031278155754094,0.17269042391487924,-0.17269042391487924,0.16901368341615525,-0.16901368341615525,0.0,0.0,0.6576197724933469,0.0,,,0.0,unverified,Insufficient Data,Insufficient Data,Insufficient Data,Insufficient Data,Insufficient Data,False,False,,,,,,lane,ES,MA,Southeast,Northeast,True,False
RN>RS,2,0.0,2,0.0,0,0.0,0,0.0,2,0,0,0,2,0,2,0,0,0,0.0,0.0,0.6576197724933469,0.09061061923087274,-0.09061061923087274,-0.09061061923087274,1.2246289257558212,False,False,0.07716611060560105,0.0,-0.07716611060560105,1.0,0.0,0.0,0.6576197724933469,0.2121117294112845,-0.2121117294112845,-0.2121117294112845,1.1031278155754094,0.17269042391487924,-0.17269042391487924,0.16901368341615525,-0.16901368341615525,0.0,0.0,0.6576197724933469,0.0,,0.0,,unverified,Insufficient Data,Insufficient Data,Insufficient Data,Insufficient Data,Insufficient Data,False,False,,,,,,lane,RN,RS,Northeast,South,False,True
RN>RJ,2,0.0,2,0.0,0,0.0,0,0.0,2,1,0,0,2,1,2,1,0,0,0.0,0.0,0.6576197724933469,0.09061061923087274,-0.09061061923087274,-0.09061061923087274,1.2246289257558212,False,False,0.08801498127340823,0.0,-0.08801498127340823,1.0,0.5,0.09453120573423074,0.9054687942657693,0.2121117294112845,0.7878882705887155,-0.023049317942823028,1.5988258591202542,0.17269042391487924,0.8273095760851208,0.16901368341615525,0.8309863165838447,0.5,0.09453120573423074,0.9054687942657693,0.0,,0.0,,unverified,Insufficient Data,Insufficient Data,Insufficient Data,Insufficient Data,Insufficient Data,False,False,,,,,,lane,RN,RJ,Northeast,Southeast,False,True
ES>PI,2,0.0,1,0.0,1,0.0,0,0.0,2,0,0,0,2,0,2,0,0,0,0.0,0.0,0.6576197724933469,0.09061061923087274,-0.09061061923087274,-0.09061061923087274,1.2246289257558212,False,False,0.08628098854511763,0.0,-0.08628098854511763,1.0,0.0,0.0,0.6576197724933469,0.2121117294112845,-0.2121117294112845,-0.2121117294112845,1.1031278155754094,0.17269042391487924,-0.17269042391487924,0.16901368341615525,-0.16901368341615525,0.0,0.0,0.6576197724933469,0.0,,0.0,0.0,unverified,Insufficient Data,Insufficient Data,Insufficient Data,Insufficient Data,Insufficient Data,False,False,,,,,,lane,ES,PI,Southeast,Northeast,True,False
RO>RJ,2,0.0,2,0.0,0,0.0,0,0.0,2,0,0,0,2,0,2,0,0,0,0.0,0.0,0.6576197724933469,0.09061061923087274,-0.09061061923087274,-0.09061061923087274,1.2246289257558212,False,False,0.06126651126651127,0.0,-0.06126651126651127,1.0,0.0,0.0,0.6576197724933469,0.2121117294112845,-0.2121117294112845,-0.2121117294112845,1.1031278155754094,0.17269042391487924,-0.17269042391487924,0.16901368341615525,-0.16901368341615525,0.0,0.0,0.6576197724933469,0.0,,0.0,,unverified,Insufficient Data,Insufficient Data,Insufficient Data,Insufficient Data,Insufficient Data,False,False,,,,,,lane,RO,RJ,North,Southeast,False,False
GO>TO,2,0.0,0,0.0,2,0.0,0,0.0,2,0,0,0,2,0,2,0,0,0,0.0,0.0,0.6576197724933469,0.09061061923087274,-0.09061061923087274,-0.09061061923087274,1.2246289257558212,False,False,0.11974435010839381,0.0,-0.11974435010839381,1.0,0.0,0.0,0.6576197724933469,0.2121117294112845,-0.2121117294112845,-0.2121117294112845,1.1031278155754094,0.17269042391487924,-0.17269042391487924,0.16901368341615525,-0.16901368341615525,0.0,0.0,0.6576197724933469,0.0,,,0.0,unverified,Insufficient Data,Insufficient Data,Insufficient Data,Insufficient Data,Insufficient Data,False,False,,,,,,lane,GO,TO,Central-West,North,False,False
GO>PI,2,0.0,0,0.0,2,0.0,0,0.0,2,0,0,0,2,0,2,0,0,0,0.0,0.0,0.6576197724933469,0.09061061923087274,-0.09061061923087274,-0.09061061923087274,1.2246289257558212,False,False,0.060873273820903864,0.0,-0.060873273820903864,1.0,0.0,0.0,0.6576197724933469,0.2121117294112845,-0.2121117294112845,-0.2121117294112845,1.1031278155754094,0.17269042391487924,-0.17269042391487924,0.16901368341615525,-0.16901368341615525,0.0,0.0,0.6576197724933469,0.0,,,0.0,unverified,Insufficient Data,Insufficient Data,Insufficient Data,Insufficient Data,Insufficient Data,False,False,,,,,,lane,GO,PI,Central-West,Northeast,True,False
GO>AM,2,0.0,0,0.0,2,0.0,0,0.0,2,1,0,0,2,1,2,1,0,0,0.0,0.0,0.6576197724933469,0.09061061923087274,-0.09061061923087274,-0.09061061923087274,1.2246289257558212,False,False,0.09700427960057062,0.0,-0.09700427960057062,1.0,0.5,0.09453120573423074,0.9054687942657693,0.2121117294112845,0.7878882705887155,-0.023049317942823028,1.5988258591202542,0.17269042391487924,0.8273095760851208,0.16901368341615525,0.8309863165838447,0.5,0.09453120573423074,0.9054687942657693,0.0,,,0.0,unverified,Insufficient Data,Insufficient Data,Insufficient Data,Insufficient Data,Insufficient Data,False,False,,,,,,lane,GO,AM,Central-West,North,False,False
MT>MS,2,0.0,0,0.0,2,0.0,0,0.0,2,0,0,0,2,0,2,0,0,0,0.0,0.0,0.6576197724933469,0.09061061923087274,-0.09061061923087274,-0.09061061923087274,1.2246289257558212,False,False,0.11859559774421054,0.0,-0.11859559774421054,1.0,0.0,0.0,0.6576197724933469,0.2121117294112845,-0.2121117294112845,-0.2121117294112845,1.1031278155754094,0.17269042391487924,-0.17269042391487924,0.16901368341615525,-0.16901368341615525,0.0,0.0,0.6576197724933469,0.0,,,0.0,unverified,Insufficient Data,Insufficient Data,Insufficient Data,Insufficient Data,Insufficient Data,False,False,,,,,,lane,MT,MS,Central-West,Central-West,False,False
CE>SC,2,0.0,2,0.0,0,0.0,0,0.0,2,0,0,0,2,0,2,0,0,0,0.0,0.0,0.6576197724933469,0.09061061923087274,-0.09061061923087274,-0.09061061923087274,1.2246289257558212,False,False,0.07305741241170056,0.0,-0.07305741241170056,1.0,0.0,0.0,0.6576197724933469,0.2121117294112845,-0.2121117294112845,-0.2121117294112845,1.1031278155754094,0.17269042391487924,-0.17269042391487924,0.16901368341615525,-0.16901368341615525,0.0,0.0,0.6576197724933469,0.0,,0.0,,unverified,Insufficient Data,Insufficient Data,Insufficient Data,Insufficient Data,Insufficient Data,False,False,,,,,,lane,CE,SC,Northeast,South,False,True
CE>MT,2,0.0,2,0.0,0,0.0,0,0.0,2,0,0,0,2,0,2,0,0,0,0.0,0.0,0.6576197724933469,0.09061061923087274,-0.09061061923087274,-0.09061061923087274,1.2246289257558212,False,False,0.1393138111888112,0.0,-0.1393138111888112,1.0,0.0,0.0,0.6576197724933469,0.2121117294112845,-0.2121117294112845,-0.2121117294112845,1.1031278155754094,0.17269042391487924,-0.17269042391487924,0.16901368341615525,-0.16901368341615525,0.0,0.0,0.6576197724933469,0.0,,0.0,,unverified,Insufficient Data,Insufficient Data,Insufficient Data,Insufficient Data,Insufficient Data,False,False,,,,,,lane,CE,MT,Northeast,Central-West,False,True
BA>TO,2,0.0,1,0.0,1,0.0,0,0.0,2,0,0,0,2,0,2,0,0,0,0.0,0.0,0.6576197724933469,0.09061061923087274,-0.09061061923087274,-0.09061061923087274,1.2246289257558212,False,False,0.05027822020262983,0.0,-0.05027822020262983,1.0,0.0,0.0,0.6576197724933469,0.2121117294112845,-0.2121117294112845,-0.2121117294112845,1.1031278155754094,0.17269042391487924,-0.17269042391487924,0.16901368341615525,-0.16901368341615525,0.0,0.0,0.6576197724933469,0.0,,0.0,0.0,unverified,Insufficient Data,Insufficient Data,Insufficient Data,Insufficient Data,Insufficient Data,False,False,,,,,,lane,BA,TO,Northeast,North,False,True
BA>AP,2,0.0,1,0.0,1,0.0,0,0.0,2,0,0,0,2,0,2,0,0,0,0.0,0.0,0.6576197724933469,0.09061061923087274,-0.09061061923087274,-0.09061061923087274,1.2246289257558212,False,False,0.09208865948512479,0.0,-0.09208865948512479,1.0,0.0,0.0,0.6576197724933469,0.2121117294112845,-0.2121117294112845,-0.2121117294112845,1.1031278155754094,0.17269042391487924,-0.17269042391487924,0.16901368341615525,-0.16901368341615525,0.0,0.0,0.6576197724933469,0.0,,0.0,0.0,unverified,Insufficient Data,Insufficient Data,Insufficient Data,Insufficient Data,Insufficient Data,False,False,,,,,,lane,BA,AP,Northeast,North,False,True
CE>MA,2,0.0,0,0.0,2,0.0,0,0.0,2,0,0,0,2,0,2,0,0,0,0.0,0.0,0.6576197724933469,0.09061061923087274,-0.09061061923087274,-0.09061061923087274,1.2246289257558212,False,False,0.11643492135855937,0.0,-0.11643492135855937,1.0,0.0,0.0,0.6576197724933469,0.2121117294112845,-0.2121117294112845,-0.2121117294112845,1.1031278155754094,0.17269042391487924,-0.17269042391487924,0.16901368341615525,-0.16901368341615525,0.0,0.0,0.6576197724933469,0.0,,,0.0,unverified,Insufficient Data,Insufficient Data,Insufficient Data,Insufficient Data,Insufficient Data,False,False,,,,,,lane,CE,MA,Northeast,Northeast,True,True
BA>RO,2,0.0,2,0.0,0,0.0,0,0.0,2,0,0,0,2,0,2,0,0,0,0.0,0.0,0.6576197724933469,0.09061061923087274,-0.09061061923087274,-0.09061061923087274,1.2246289257558212,False,False,0.07464085808034852,0.0,-0.07464085808034852,1.0,0.0,0.0,0.6576197724933469,0.2121117294112845,-0.2121117294112845,-0.2121117294112845,1.1031278155754094,0.17269042391487924,-0.17269042391487924,0.16901368341615525,-0.16901368341615525,0.0,0.0,0.6576197724933469,0.0,,0.0,,unverified,Insufficient Data,Insufficient Data,Insufficient Data,Insufficient Data,Insufficient Data,False,False,,,,,,lane,BA,RO,Northeast,North,False,True
SC>GO,47,2.0,24,1.0,23,1.0,0,0.0,46,3,1,1,45,2,44,2,2,1,0.0425531914893617,0.011748275966789345,0.1424852767789945,2.1293495519255092,-0.12934955192550923,-1.5771805814864102,4.567458456687232,False,False,1.8038965677861174,1.1087110179795707,0.1961034322138826,0.9787234042553191,0.06521739130434782,0.022427861429288584,0.17502741081904216,4.8785697764595435,-1.8785697764595435,-3.8468881507122688,3.172691121216396,3.8855345380847828,-1.8855345380847828,3.7183010351554153,-1.7183010351554153,0.045454545454545456,0.012555109949594967,0.15134998437629657,0.021739130434782608,0.0,0.041666666666666664,0.043478260869565216,unverified,Insufficient Data,Insufficient Data,Insufficient Data,Insufficient Data,Insufficient Data,False,False,,,,,,lane,SC,GO,South,Central-West,False,False
DF>BA,25,1.0,13,0.0,12,1.0,0,0.0,25,4,1,1,24,3,24,3,1,1,0.04,0.007096233501987265,0.19544063736193734,1.1326327403859093,-0.13263274038590933,-0.9552269028362277,3.7533831936625237,False,False,1.1954392426174945,0.8365126092150303,-0.19543924261749446,1.0,0.16,0.0640345145667644,0.3465362160717886,2.651396617641056,1.3486033823589438,-1.0505337534719463,6.012008784153658,2.072285086978551,0.927714913021449,2.0281642009938627,0.9718357990061373,0.125,0.04344334080123444,0.31003881270500067,0.04,0.0,0.0,0.08333333333333333,unverified,Insufficient Data,Insufficient Data,Insufficient Data,Insufficient Data,Insufficient Data,False,False,,,,,,lane,DF,BA,Central-West,Northeast,True,False
PE>RO,3,0.0,0,0.0,3,0.0,0,0.0,3,0,0,0,3,0,3,0,0,0,0.0,5.551115123125783e-17,0.5614970317550454,0.1359159288463091,-0.1359159288463091,-0.13591592884630893,1.5485751664188272,False,False,0.14245049609695684,0.0,-0.14245049609695684,1.0,0.0,5.551115123125783e-17,0.5614970317550454,0.31816759411692674,-0.31816759411692674,-0.3181675941169266,1.3663235011482093,0.25903563587231887,-0.25903563587231887,0.25352052512423284,-0.25352052512423284,0.0,5.551115123125783e-17,0.5614970317550454,0.0,,,0.0,unverified,Insufficient Data,Insufficient Data,Insufficient Data,Insufficient Data,Insufficient Data,False,False,,,,,,lane,PE,RO,Northeast,North,False,True
MS>MG,3,0.0,1,0.0,2,0.0,0,0.0,3,0,0,0,3,0,3,0,0,0,0.0,5.551115123125783e-17,0.5614970317550454,0.1359159288463091,-0.1359159288463091,-0.13591592884630893,1.5485751664188272,False,False,0.12062762800733903,0.0,-0.12062762800733903,1.0,0.0,5.551115123125783e-17,0.5614970317550454,0.31816759411692674,-0.31816759411692674,-0.3181675941169266,1.3663235011482093,0.25903563587231887,-0.25903563587231887,0.25352052512423284,-0.25352052512423284,0.0,5.551115123125783e-17,0.5614970317550454,0.0,,0.0,0.0,unverified,Insufficient Data,Insufficient Data,Insufficient Data,Insufficient Data,Insufficient Data,False,False,,,,,,lane,MS,MG,Central-West,Southeast,False,False
MS>PR,3,0.0,3,0.0,0,0.0,0,0.0,3,0,0,0,3,0,3,0,0,0,0.0,5.551115123125783e-17,0.5614970317550454,0.1359159288463091,-0.1359159288463091,-0.13591592884630893,1.5485751664188272,False,False,0.10290930456462902,0.0,-0.10290930456462902,1.0,0.0,5.551115123125783e-17,0.5614970317550454,0.31816759411692674,-0.31816759411692674,-0.3181675941169266,1.3663235011482093,0.25903563587231887,-0.25903563587231887,0.25352052512423284,-0.25352052512423284,0.0,5.551115123125783e-17,0.5614970317550454,0.0,,0.0,,unverified,Insufficient Data,Insufficient Data,Insufficient Data,Insufficient Data,Insufficient Data,False,False,,,,,,lane,MS,PR,Central-West,South,False,False
MT>BA,3,0.0,3,0.0,0,0.0,0,0.0,3,0,0,0,3,0,3,0,0,0,0.0,5.551115123125783e-17,0.5614970317550454,0.1359159288463091,-0.1359159288463091,-0.13591592884630893,1.5485751664188272,False,False,0.083171814251144,0.0,-0.083171814251144,1.0,0.0,5.551115123125783e-17,0.5614970317550454,0.31816759411692674,-0.31816759411692674,-0.3181675941169266,1.3663235011482093,0.25903563587231887,-0.25903563587231887,0.25352052512423284,-0.25352052512423284,0.0,5.551115123125783e-17,0.5614970317550454,0.0,,0.0,,unverified,Insufficient Data,Insufficient Data,Insufficient Data,Insufficient Data,Insufficient Data,False,False,,,,,,lane,MT,BA,Central-West,Northeast,True,False
CE>ES,3,0.0,1,0.0,2,0.0,0,0.0,3,1,0,0,3,1,3,1,0,0,0.0,5.551115123125783e-17,0.5614970317550454,0.1359159288463091,-0.1359159288463091,-0.13591592884630893,1.5485751664188272,False,False,0.1426286813513366,0.0,-0.1426286813513366,1.0,0.3333333333333333,0.06149194472039621,0.7923403991979522,0.31816759411692674,0.6818324058830733,-0.13369175995573812,2.05885360347693,0.25903563587231887,0.7409643641276811,0.25352052512423284,0.7464794748757672,0.3333333333333333,0.06149194472039621,0.7923403991979522,0.0,,0.0,0.0,unverified,Insufficient Data,Insufficient Data,Insufficient Data,Insufficient Data,Insufficient Data,False,False,,,,,,lane,CE,ES,Northeast,Southeast,False,True
CE>MG,3,0.0,3,0.0,0,0.0,0,0.0,3,0,0,0,3,0,3,0,0,0,0.0,5.551115123125783e-17,0.5614970317550454,0.1359159288463091,-0.1359159288463091,-0.13591592884630893,1.5485751664188272,False,False,0.12317134342450799,0.0,-0.12317134342450799,1.0,0.0,5.551115123125783e-17,0.5614970317550454,0.31816759411692674,-0.31816759411692674,-0.3181675941169266,1.3663235011482093,0.25903563587231887,-0.25903563587231887,0.25352052512423284,-0.25352052512423284,0.0,5.551115123125783e-17,0.5614970317550454,0.0,,0.0,,unverified,Insufficient Data,Insufficient Data,Insufficient Data,Insufficient Data,Insufficient Data,False,False,,,,,,lane,CE,MG,Northeast,Southeast,False,True
PA>SP,3,0.0,1,0.0,2,0.0,0,0.0,3,0,0,0,3,0,3,0,0,0,0.0,5.551115123125783e-17,0.5614970317550454,0.1359159288463091,-0.1359159288463091,-0.13591592884630893,1.5485751664188272,False,False,0.2172024519745121,0.0,-0.2172024519745121,1.0,0.0,5.551115123125783e-17,0.5614970317550454,0.31816759411692674,-0.31816759411692674,-0.3181675941169266,1.3663235011482093,0.25903563587231887,-0.25903563587231887,0.25352052512423284,-0.25352052512423284,0.0,5.551115123125783e-17,0.5614970317550454,0.0,,0.0,0.0,unverified,Insufficient Data,Insufficient Data,Insufficient Data,Insufficient Data,Insufficient Data,False,False,,,,,,lane,PA,SP,North,Southeast,False,False
PE>MA,3,0.0,0,0.0,3,0.0,0,0.0,3,0,0,0,3,0,3,0,0,0,0.0,5.551115123125783e-17,0.5614970317550454,0.1359159288463091,-0.1359159288463091,-0.13591592884630893,1.5485751664188272,False,False,0.056760844843386,0.0,-0.056760844843386,1.0,0.0,5.551115123125783e-17,0.5614970317550454,0.31816759411692674,-0.31816759411692674,-0.3181675941169266,1.3663235011482093,0.25903563587231887,-0.25903563587231887,0.25352052512423284,-0.25352052512423284,0.0,5.551115123125783e-17,0.5614970317550454,0.0,,,0.0,unverified,Insufficient Data,Insufficient Data,Insufficient Data,Insufficient Data,Insufficient Data,False,False,,,,,,lane,PE,MA,Northeast,Northeast,True,True
SC>AM,3,0.0,1,0.0,2,0.0,0,0.0,3,0,0,0,3,0,3,0,0,0,0.0,5.551115123125783e-17,0.5614970317550454,0.1359159288463091,-0.1359159288463091,-0.13591592884630893,1.5485751664188272,False,False,0.03826118347468923,0.0,-0.03826118347468923,1.0,0.0,5.551115123125783e-17,0.5614970317550454,0.31816759411692674,-0.31816759411692674,-0.3181675941169266,1.3663235011482093,0.25903563587231887,-0.25903563587231887,0.25352052512423284,-0.25352052512423284,0.0,5.551115123125783e-17,0.5614970317550454,0.0,,0.0,0.0,unverified,Insufficient Data,Insufficient Data,Insufficient Data,Insufficient Data,Insufficient Data,False,False,,,,,,lane,SC,AM,South,North,False,False
CE>SE,3,0.0,0,0.0,3,0.0,0,0.0,3,1,0,0,3,1,3,1,0,0,0.0,5.551115123125783e-17,0.5614970317550454,0.1359159288463091,-0.1359159288463091,-0.13591592884630893,1.5485751664188272,False,False,0.030883261272390366,0.0,-0.030883261272390366,1.0,0.3333333333333333,0.06149194472039621,0.7923403991979522,0.31816759411692674,0.6818324058830733,-0.13369175995573812,2.05885360347693,0.25903563587231887,0.7409643641276811,0.25352052512423284,0.7464794748757672,0.3333333333333333,0.06149194472039621,0.7923403991979522,0.0,,,0.0,unverified,Insufficient Data,Insufficient Data,Insufficient Data,Insufficient Data,Insufficient Data,False,False,,,,,,lane,CE,SE,Northeast,Northeast,True,True
RO>SP,3,0.0,1,0.0,2,0.0,0,0.0,3,1,0,0,3,1,3,1,0,0,0.0,5.551115123125783e-17,0.5614970317550454,0.1359159288463091,-0.1359159288463091,-0.13591592884630893,1.5485751664188272,False,False,0.13352623953026738,0.0,-0.13352623953026738,1.0,0.3333333333333333,0.06149194472039621,0.7923403991979522,0.31816759411692674,0.6818324058830733,-0.13369175995573812,2.05885360347693,0.25903563587231887,0.7409643641276811,0.25352052512423284,0.7464794748757672,0.3333333333333333,0.06149194472039621,0.7923403991979522,0.0,,0.0,0.0,unverified,Insufficient Data,Insufficient Data,Insufficient Data,Insufficient Data,Insufficient Data,False,False,,,,,,lane,RO,SP,North,Southeast,False,False
RS>AP,3,0.0,2,0.0,1,0.0,0,0.0,3,0,0,0,3,0,3,0,0,0,0.0,5.551115123125783e-17,0.5614970317550454,0.1359159288463091,-0.1359159288463091,-0.13591592884630893,1.5485751664188272,False,False,0.11728216424611111,0.0,-0.11728216424611111,1.0,0.0,5.551115123125783e-17,0.5614970317550454,0.31816759411692674,-0.31816759411692674,-0.3181675941169266,1.3663235011482093,0.25903563587231887,-0.25903563587231887,0.25352052512423284,-0.25352052512423284,0.0,5.551115123125783e-17,0.5614970317550454,0.0,,0.0,0.0,unverified,Insufficient Data,Insufficient Data,Insufficient Data,Insufficient Data,Insufficient Data,False,False,,,,,,lane,RS,AP,South,North,False,False
MA>MS,3,0.0,0,0.0,3,0.0,0,0.0,3,0,0,0,3,0,3,0,0,0,0.0,5.551115123125783e-17,0.5614970317550454,0.1359159288463091,-0.1359159288463091,-0.13591592884630893,1.5485751664188272,False,False,0.10103490004822857,0.0,-0.10103490004822857,1.0,0.0,5.551115123125783e-17,0.5614970317550454,0.31816759411692674,-0.31816759411692674,-0.3181675941169266,1.3663235011482093,0.25903563587231887,-0.25903563587231887,0.25352052512423284,-0.25352052512423284,0.0,5.551115123125783e-17,0.5614970317550454,0.0,,,0.0,unverified,Insufficient Data,Insufficient Data,Insufficient Data,Insufficient Data,Insufficient Data,False,False,,,,,,lane,MA,MS,Northeast,Central-West,False,True
ES>CE,3,0.0,2,0.0,1,0.0,0,0.0,3,1,0,0,3,1,3,1,0,0,0.0,5.551115123125783e-17,0.5614970317550454,0.1359159288463091,-0.1359159288463091,-0.13591592884630893,1.5485751664188272,False,False,0.11611204122422553,0.0,-0.11611204122422553,1.0,0.3333333333333333,0.06149194472039621,0.7923403991979522,0.31816759411692674,0.6818324058830733,-0.13369175995573812,2.05885360347693,0.25903563587231887,0.7409643641276811,0.25352052512423284,0.7464794748757672,0.3333333333333333,0.06149194472039621,0.7923403991979522,0.0,,0.0,0.0,unverified,Insufficient Data,Insufficient Data,Insufficient Data,Insufficient Data,Insufficient Data,False,False,,,,,,lane,ES,CE,Southeast,Northeast,True,False
ES>GO,3,0.0,1,0.0,2,0.0,0,0.0,3,0,0,0,3,0,3,0,0,0,0.0,5.551115123125783e-17,0.5614970317550454,0.1359159288463091,-0.1359159288463091,-0.13591592884630893,1.5485751664188272,False,False,0.06967023612685845,0.0,-0.06967023612685845,1.0,0.0,5.551115123125783e-17,0.5614970317550454,0.31816759411692674,-0.31816759411692674,-0.3181675941169266,1.3663235011482093,0.25903563587231887,-0.25903563587231887,0.25352052512423284,-0.25352052512423284,0.0,5.551115123125783e-17,0.5614970317550454,0.0,,0.0,0.0,unverified,Insufficient Data,Insufficient Data,Insufficient Data,Insufficient Data,Insufficient Data,False,False,,,,,,lane,ES,GO,Southeast,Central-West,False,False
CE>BA,3,0.0,3,0.0,0,0.0,0,0.0,3,0,0,0,3,0,3,0,0,0,0.0,5.551115123125783e-17,0.5614970317550454,0.1359159288463091,-0.1359159288463091,-0.13591592884630893,1.5485751664188272,False,False,0.09827315541601256,0.0,-0.09827315541601256,1.0,0.0,5.551115123125783e-17,0.5614970317550454,0.31816759411692674,-0.31816759411692674,-0.3181675941169266,1.3663235011482093,0.25903563587231887,-0.25903563587231887,0.25352052512423284,-0.25352052512423284,0.0,5.551115123125783e-17,0.5614970317550454,0.0,,0.0,,unverified,Insufficient Data,Insufficient Data,Insufficient Data,Insufficient Data,Insufficient Data,False,False,,,,,,lane,CE,BA,Northeast,Northeast,True,True
SC>AP,3,0.0,1,0.0,2,0.0,0,0.0,3,0,0,0,3,0,3,0,0,0,0.0,5.551115123125783e-17,0.5614970317550454,0.1359159288463091,-0.1359159288463091,-0.13591592884630893,1.5485751664188272,False,False,0.185387995196654,0.0,-0.185387995196654,1.0,0.0,5.551115123125783e-17,0.5614970317550454,0.31816759411692674,-0.31816759411692674,-0.3181675941169266,1.3663235011482093,0.25903563587231887,-0.25903563587231887,0.25352052512423284,-0.25352052512423284,0.0,5.551115123125783e-17,0.5614970317550454,0.0,,0.0,0.0,unverified,Insufficient Data,Insufficient Data,Insufficient Data,Insufficient Data,Insufficient Data,False,False,,,,,,lane,SC,AP,South,North,False,False
RS>TO,3,0.0,1,0.0,2,0.0,0,0.0,3,0,0,0,3,0,3,0,0,0,0.0,5.551115123125783e-17,0.5614970317550454,0.1359159288463091,-0.1359159288463091,-0.13591592884630893,1.5485751664188272,False,False,0.07324729301104671,0.0,-0.07324729301104671,1.0,0.0,5.551115123125783e-17,0.5614970317550454,0.31816759411692674,-0.31816759411692674,-0.3181675941169266,1.3663235011482093,0.25903563587231887,-0.25903563587231887,0.25352052512423284,-0.25352052512423284,0.0,5.551115123125783e-17,0.5614970317550454,0.0,,0.0,0.0,unverified,Insufficient Data,Insufficient Data,Insufficient Data,Insufficient Data,Insufficient Data,False,False,,,,,,lane,RS,TO,South,North,False,False
RS>PR,114,5.0,44,0.0,70,5.0,0,0.0,113,8,3,1,110,7,109,7,4,1,0.043859649122807015,0.018877509553328058,0.09858080231087835,5.164805296159746,-0.16480529615974593,-3.0127692070803476,6.073406167280385,False,False,4.891257640250642,1.0222319836220661,0.10874235974935775,0.9912280701754386,0.07079646017699115,0.036307708145227546,0.13350751858129759,11.984312711737575,-3.9843127117375747,-7.881541691326862,3.1020368879490525,9.497973315318358,-2.497973315318358,9.211245746180461,-2.2112457461804613,0.06422018348623854,0.03145364631393962,0.126657202368408,0.02654867256637168,0.0,0.0,0.07142857142857142,inconsistent,No Signal,No Signal,No Signal,No Signal,No Signal,True,False,28.0,23.0,28.0,28.0,38.0,lane,RS,PR,South,South,False,False
PR>RR,4,0.0,0,0.0,4,0.0,0,0.0,4,0,0,0,4,0,4,0,0,0,0.0,0.0,0.4898908364545973,0.18122123846174548,-0.18122123846174548,-0.18122123846174548,1.7783421073566437,False,False,0.076683195973429,0.0,-0.076683195973429,1.0,0.0,0.0,0.4898908364545973,0.424223458822569,-0.424223458822569,-0.424223458822569,1.5353398869958201,0.3453808478297585,-0.3453808478297585,0.3380273668323105,-0.3380273668323105,0.0,0.0,0.4898908364545973,0.0,,,0.0,unverified,Insufficient Data,Insufficient Data,Insufficient Data,Insufficient Data,Insufficient Data,False,False,,,,,,lane,PR,RR,South,North,False,False
MS>DF,4,0.0,2,0.0,2,0.0,0,0.0,4,0,0,0,4,0,4,0,0,0,0.0,0.0,0.4898908364545973,0.18122123846174548,-0.18122123846174548,-0.18122123846174548,1.7783421073566437,False,False,0.1544860486031304,0.0,-0.1544860486031304,1.0,0.0,0.0,0.4898908364545973,0.424223458822569,-0.424223458822569,-0.424223458822569,1.5353398869958201,0.3453808478297585,-0.3453808478297585,0.3380273668323105,-0.3380273668323105,0.0,0.0,0.4898908364545973,0.0,,0.0,0.0,unverified,Insufficient Data,Insufficient Data,Insufficient Data,Insufficient Data,Insufficient Data,False,False,,,,,,lane,MS,DF,Central-West,Central-West,False,False
PE>RN,4,0.0,0,0.0,4,0.0,0,0.0,4,1,0,0,4,1,4,1,0,0,0.0,0.0,0.4898908364545973,0.18122123846174548,-0.18122123846174548,-0.18122123846174548,1.7783421073566437,False,False,0.15005857276703694,0.0,-0.15005857276703694,1.0,0.25,0.04558726080970055,0.6993581574175981,0.424223458822569,0.5757765411774309,-0.24187441558376682,2.3732091708478236,0.3453808478297585,0.6546191521702416,0.3380273668323105,0.6619726331676895,0.25,0.04558726080970055,0.6993581574175981,0.0,,,0.0,unverified,Insufficient Data,Insufficient Data,Insufficient Data,Insufficient Data,Insufficient Data,False,False,,,,,,lane,PE,RN,Northeast,Northeast,True,True
PE>PA,4,0.0,1,0.0,3,0.0,0,0.0,4,2,0,0,4,2,4,2,0,0,0.0,0.0,0.4898908364545973,0.18122123846174548,-0.18122123846174548,-0.18122123846174548,1.7783421073566437,False,False,0.09172503651811256,0.0,-0.09172503651811256,1.0,0.5,0.15003898915214947,0.8499610108478506,0.424223458822569,1.575776541177431,0.17593249778602887,2.9756205845688335,0.3453808478297585,1.6546191521702416,0.3380273668323105,1.6619726331676894,0.5,0.15003898915214947,0.8499610108478506,0.0,,0.0,0.0,unverified,Insufficient Data,Insufficient Data,Insufficient Data,Insufficient Data,Insufficient Data,False,False,,,,,,lane,PE,PA,Northeast,North,False,True
MT>MT,4,0.0,1,0.0,3,0.0,0,0.0,4,0,0,0,4,0,4,0,0,0,0.0,0.0,0.4898908364545973,0.18122123846174548,-0.18122123846174548,-0.18122123846174548,1.7783421073566437,False,False,0.17731596822471377,0.0,-0.17731596822471377,1.0,0.0,0.0,0.4898908364545973,0.424223458822569,-0.424223458822569,-0.424223458822569,1.5353398869958201,0.3453808478297585,-0.3453808478297585,0.3380273668323105,-0.3380273668323105,0.0,0.0,0.4898908364545973,0.0,,0.0,0.0,unverified,Insufficient Data,Insufficient Data,Insufficient Data,Insufficient Data,Insufficient Data,False,False,,,,,,lane,MT,MT,Central-West,Central-West,False,False
DF>AL,4,0.0,2,0.0,2,0.0,0,0.0,4,0,0,0,4,0,4,0,0,0,0.0,0.0,0.4898908364545973,0.18122123846174548,-0.18122123846174548,-0.18122123846174548,1.7783421073566437,False,False,0.1433101975960801,0.0,-0.1433101975960801,1.0,0.0,0.0,0.4898908364545973,0.424223458822569,-0.424223458822569,-0.424223458822569,1.5353398869958201,0.3453808478297585,-0.3453808478297585,0.3380273668323105,-0.3380273668323105,0.0,0.0,0.4898908364545973,0.0,,0.0,0.0,unverified,Insufficient Data,Insufficient Data,Insufficient Data,Insufficient Data,Insufficient Data,False,False,,,,,,lane,DF,AL,Central-West,Northeast,True,False
ES>PE,4,0.0,3,0.0,1,0.0,0,0.0,4,0,0,0,4,0,4,0,0,0,0.0,0.0,0.4898908364545973,0.18122123846174548,-0.18122123846174548,-0.18122123846174548,1.7783421073566437,False,False,0.10997720767673572,0.0,-0.10997720767673572,1.0,0.0,0.0,0.4898908364545973,0.424223458822569,-0.424223458822569,-0.424223458822569,1.5353398869958201,0.3453808478297585,-0.3453808478297585,0.3380273668323105,-0.3380273668323105,0.0,0.0,0.4898908364545973,0.0,,0.0,0.0,unverified,Insufficient Data,Insufficient Data,Insufficient Data,Insufficient Data,Insufficient Data,False,False,,,,,,lane,ES,PE,Southeast,Northeast,True,False
DF>MA,4,0.0,2,0.0,2,0.0,0,0.0,4,2,0,0,4,2,4,2,0,0,0.0,0.0,0.4898908364545973,0.18122123846174548,-0.18122123846174548,-0.18122123846174548,1.7783421073566437,False,False,0.15822697312985887,0.0,-0.15822697312985887,1.0,0.5,0.15003898915214947,0.8499610108478506,0.424223458822569,1.575776541177431,0.17593249778602887,2.9756205845688335,0.3453808478297585,1.6546191521702416,0.3380273668323105,1.6619726331676894,0.5,0.15003898915214947,0.8499610108478506,0.0,,0.0,0.0,unverified,Insufficient Data,Insufficient Data,Insufficient Data,Insufficient Data,Insufficient Data,False,False,,,,,,lane,DF,MA,Central-West,Northeast,True,False
SC>AC,4,0.0,0,0.0,4,0.0,0,0.0,4,0,0,0,4,0,4,0,0,0,0.0,0.0,0.4898908364545973,0.18122123846174548,-0.18122123846174548,-0.18122123846174548,1.7783421073566437,False,False,0.1221956079868699,0.0,-0.1221956079868699,1.0,0.0,0.0,0.4898908364545973,0.424223458822569,-0.424223458822569,-0.424223458822569,1.5353398869958201,0.3453808478297585,-0.3453808478297585,0.3380273668323105,-0.3380273668323105,0.0,0.0,0.4898908364545973,0.0,,,0.0,unverified,Insufficient Data,Insufficient Data,Insufficient Data,Insufficient Data,Insufficient Data,False,False,,,,,,lane,SC,AC,South,North,False,False
RN>SP,4,0.0,1,0.0,3,0.0,0,0.0,4,0,0,0,4,0,4,0,0,0,0.0,0.0,0.4898908364545973,0.18122123846174548,-0.18122123846174548,-0.18122123846174548,1.7783421073566437,False,False,0.2664416427160638,0.0,-0.2664416427160638,1.0,0.0,0.0,0.4898908364545973,0.424223458822569,-0.424223458822569,-0.424223458822569,1.5353398869958201,0.3453808478297585,-0.3453808478297585,0.3380273668323105,-0.3380273668323105,0.0,0.0,0.4898908364545973,0.0,,0.0,0.0,unverified,Insufficient Data,Insufficient Data,Insufficient Data,Insufficient Data,Insufficient Data,False,False,,,,,,lane,RN,SP,Northeast,Southeast,False,True
CE>PR,4,0.0,2,0.0,2,0.0,0,0.0,4,0,1,0,3,0,4,0,0,0,0.0,0.0,0.4898908364545973,0.18122123846174548,-0.18122123846174548,-0.18122123846174548,1.7783421073566437,False,False,0.07466359819063534,0.0,-0.07466359819063534,1.0,0.0,0.0,0.4898908364545973,0.424223458822569,-0.424223458822569,-0.424223458822569,1.5353398869958201,0.25903563587231887,-0.25903563587231887,0.3380273668323105,-0.3380273668323105,0.0,0.0,0.4898908364545973,0.25,,0.0,0.0,unverified,Insufficient Data,Insufficient Data,Insufficient Data,Insufficient Data,Insufficient Data,False,False,,,,,,lane,CE,PR,Northeast,South,False,True
GO>ES,4,0.0,3,0.0,1,0.0,0,0.0,4,0,0,0,4,0,4,0,0,0,0.0,0.0,0.4898908364545973,0.18122123846174548,-0.18122123846174548,-0.18122123846174548,1.7783421073566437,False,False,0.13898279123045365,0.0,-0.13898279123045365,1.0,0.0,0.0,0.4898908364545973,0.424223458822569,-0.424223458822569,-0.424223458822569,1.5353398869958201,0.3453808478297585,-0.3453808478297585,0.3380273668323105,-0.3380273668323105,0.0,0.0,0.4898908364545973,0.0,,0.0,0.0,unverified,Insufficient Data,Insufficient Data,Insufficient Data,Insufficient Data,Insufficient Data,False,False,,,,,,lane,GO,ES,Central-West,Southeast,False,False
PE>AL,5,0.0,0,0.0,5,0.0,0,0.0,5,0,0,0,5,0,5,0,0,0,0.0,0.0,0.43448246478317476,0.22652654807718187,-0.22652654807718187,-0.22652654807718187,1.9458857758386918,False,False,0.230746131981351,0.0,-0.230746131981351,1.0,0.0,0.0,0.43448246478317476,0.5302793235282113,-0.5302793235282113,-0.5302793235282113,1.6421330003876624,0.4317260597871981,-0.4317260597871981,0.42253420854038815,-0.42253420854038815,0.0,0.0,0.43448246478317476,0.0,,,0.0,unverified,Insufficient Data,Insufficient Data,Insufficient Data,Insufficient Data,Insufficient Data,False,False,,,,,,lane,PE,AL,Northeast,Northeast,True,True
GO>MS,5,0.0,2,0.0,3,0.0,0,0.0,5,0,0,0,5,0,5,0,0,0,0.0,0.0,0.43448246478317476,0.22652654807718187,-0.22652654807718187,-0.22652654807718187,1.9458857758386918,False,False,0.12429523033857491,0.0,-0.12429523033857491,1.0,0.0,0.0,0.43448246478317476,0.5302793235282113,-0.5302793235282113,-0.5302793235282113,1.6421330003876624,0.4317260597871981,-0.4317260597871981,0.42253420854038815,-0.42253420854038815,0.0,0.0,0.43448246478317476,0.0,,0.0,0.0,unverified,Insufficient Data,Insufficient Data,Insufficient Data,Insufficient Data,Insufficient Data,False,False,,,,,,lane,GO,MS,Central-West,Central-West,False,False
MT>SC,5,0.0,0,0.0,5,0.0,0,0.0,5,0,0,0,5,0,5,0,0,0,0.0,0.0,0.43448246478317476,0.22652654807718187,-0.22652654807718187,-0.22652654807718187,1.9458857758386918,False,False,0.3135228007830849,0.0,-0.3135228007830849,1.0,0.0,0.0,0.43448246478317476,0.5302793235282113,-0.5302793235282113,-0.5302793235282113,1.6421330003876624,0.4317260597871981,-0.4317260597871981,0.42253420854038815,-0.42253420854038815,0.0,0.0,0.43448246478317476,0.0,,,0.0,unverified,Insufficient Data,Insufficient Data,Insufficient Data,Insufficient Data,Insufficient Data,False,False,,,,,,lane,MT,SC,Central-West,South,False,False
MT>PR,5,0.0,3,0.0,2,0.0,0,0.0,5,0,0,0,5,0,5,0,0,0,0.0,0.0,0.43448246478317476,0.22652654807718187,-0.22652654807718187,-0.22652654807718187,1.9458857758386918,False,False,0.23321703204004376,0.0,-0.23321703204004376,1.0,0.0,0.0,0.43448246478317476,0.5302793235282113,-0.5302793235282113,-0.5302793235282113,1.6421330003876624,0.4317260597871981,-0.4317260597871981,0.42253420854038815,-0.42253420854038815,0.0,0.0,0.43448246478317476,0.0,,0.0,0.0,unverified,Insufficient Data,Insufficient Data,Insufficient Data,Insufficient Data,Insufficient Data,False,False,,,,,,lane,MT,PR,Central-West,South,False,False
MT>RS,5,0.0,1,0.0,4,0.0,0,0.0,5,0,0,0,5,0,5,0,0,0,0.0,0.0,0.43448246478317476,0.22652654807718187,-0.22652654807718187,-0.22652654807718187,1.9458857758386918,False,False,0.24514907612948889,0.0,-0.24514907612948889,1.0,0.0,0.0,0.43448246478317476,0.5302793235282113,-0.5302793235282113,-0.5302793235282113,1.6421330003876624,0.4317260597871981,-0.4317260597871981,0.42253420854038815,-0.42253420854038815,0.0,0.0,0.43448246478317476,0.0,,0.0,0.0,unverified,Insufficient Data,Insufficient Data,Insufficient Data,Insufficient Data,Insufficient Data,False,False,,,,,,lane,MT,RS,Central-West,South,False,False
MT>DF,5,0.0,2,0.0,3,0.0,0,0.0,5,0,0,0,5,0,5,0,0,0,0.0,0.0,0.43448246478317476,0.22652654807718187,-0.22652654807718187,-0.22652654807718187,1.9458857758386918,False,False,0.15282001676075854,0.0,-0.15282001676075854,1.0,0.0,0.0,0.43448246478317476,0.5302793235282113,-0.5302793235282113,-0.5302793235282113,1.6421330003876624,0.4317260597871981,-0.4317260597871981,0.42253420854038815,-0.42253420854038815,0.0,0.0,0.43448246478317476,0.0,,0.0,0.0,unverified,Insufficient Data,Insufficient Data,Insufficient Data,Insufficient Data,Insufficient Data,False,False,,,,,,lane,MT,DF,Central-West,Central-West,False,False
BA>MT,5,0.0,3,0.0,2,0.0,0,0.0,5,1,0,0,5,1,5,1,0,0,0.0,0.0,0.43448246478317476,0.22652654807718187,-0.22652654807718187,-0.22652654807718187,1.9458857758386918,False,False,0.1095396465699202,0.0,-0.1095396465699202,1.0,0.2,0.03622410863243014,0.6244653702374747,0.5302793235282113,0.4697206764717887,-0.3491587803660606,2.5920475276591626,0.4317260597871981,0.5682739402128019,0.42253420854038815,0.5774657914596119,0.2,0.03622410863243014,0.6244653702374747,0.0,,0.0,0.0,unverified,Insufficient Data,Insufficient Data,Insufficient Data,Insufficient Data,Insufficient Data,False,False,,,,,,lane,BA,MT,Northeast,Central-West,False,True
PE>SE,5,0.0,0,0.0,5,0.0,0,0.0,5,0,0,0,5,0,5,0,0,0,0.0,0.0,0.43448246478317476,0.22652654807718187,-0.22652654807718187,-0.22652654807718187,1.9458857758386918,False,False,0.22572402731964092,0.0,-0.22572402731964092,1.0,0.0,0.0,0.43448246478317476,0.5302793235282113,-0.5302793235282113,-0.5302793235282113,1.6421330003876624,0.4317260597871981,-0.4317260597871981,0.42253420854038815,-0.42253420854038815,0.0,0.0,0.43448246478317476,0.0,,,0.0,unverified,Insufficient Data,Insufficient Data,Insufficient Data,Insufficient Data,Insufficient Data,False,False,,,,,,lane,PE,SE,Northeast,Northeast,True,True
GO>AL,5,0.0,3,0.0,2,0.0,0,0.0,5,0,0,0,5,0,5,0,0,0,0.0,0.0,0.43448246478317476,0.22652654807718187,-0.22652654807718187,-0.22652654807718187,1.9458857758386918,False,False,0.20366844513221438,0.0,-0.20366844513221438,1.0,0.0,0.0,0.43448246478317476,0.5302793235282113,-0.5302793235282113,-0.5302793235282113,1.6421330003876624,0.4317260597871981,-0.4317260597871981,0.42253420854038815,-0.42253420854038815,0.0,0.0,0.43448246478317476,0.0,,0.0,0.0,unverified,Insufficient Data,Insufficient Data,Insufficient Data,Insufficient Data,Insufficient Data,False,False,,,,,,lane,GO,AL,Central-West,Northeast,True,False
SC>RO,5,0.0,4,0.0,1,0.0,0,0.0,5,1,0,0,5,1,5,1,0,0,0.0,0.0,0.43448246478317476,0.22652654807718187,-0.22652654807718187,-0.22652654807718187,1.9458857758386918,False,False,0.18771513604824352,0.0,-0.18771513604824352,1.0,0.2,0.03622410863243014,0.6244653702374747,0.5302793235282113,0.4697206764717887,-0.3491587803660606,2.5920475276591626,0.4317260597871981,0.5682739402128019,0.42253420854038815,0.5774657914596119,0.2,0.03622410863243014,0.6244653702374747,0.0,,0.0,0.0,unverified,Insufficient Data,Insufficient Data,Insufficient Data,Insufficient Data,Insufficient Data,False,False,,,,,,lane,SC,RO,South,North,False,False
RS>AM,5,0.0,4,0.0,1,0.0,0,0.0,5,0,0,0,5,0,5,0,0,0,0.0,0.0,0.43448246478317476,0.22652654807718187,-0.22652654807718187,-0.22652654807718187,1.9458857758386918,False,False,0.18730078392742083,0.0,-0.18730078392742083,1.0,0.0,0.0,0.43448246478317476,0.5302793235282113,-0.5302793235282113,-0.5302793235282113,1.6421330003876624,0.4317260597871981,-0.4317260597871981,0.42253420854038815,-0.42253420854038815,0.0,0.0,0.43448246478317476,0.0,,0.0,0.0,unverified,Insufficient Data,Insufficient Data,Insufficient Data,Insufficient Data,Insufficient Data,False,False,,,,,,lane,RS,AM,South,North,False,False
MG>PI,28,1.0,10,0.0,18,1.0,0,0.0,28,5,1,1,27,4,27,4,1,1,0.03571428571428571,0.0063325198490377516,0.1771219774335332,1.2685486692322183,-0.2685486692322183,-1.0912381134591613,3.690866698906711,False,False,1.431668716594114,0.6984856122154868,-0.431668716594114,1.0,0.17857142857142858,0.07878501945604277,0.35591424789342946,2.9695642117579832,2.0304357882420168,-0.7635836669887854,6.996034729258041,2.3313207228508697,1.6686792771491303,2.2816847261180957,1.7183152738819043,0.14814814814814814,0.05915927776244326,0.3247868542781298,0.03571428571428571,0.0,0.0,0.05555555555555555,unverified,Insufficient Data,Insufficient Data,Insufficient Data,Insufficient Data,Insufficient Data,False,False,,,,,,lane,MG,PI,Southeast,Northeast,True,False
BA>SE,6,0.0,2,0.0,4,0.0,0,0.0,6,1,0,0,6,1,6,1,0,0,0.0,2.7755575615628914e-17,0.3903342879021653,0.2718318576926182,-0.2718318576926182,-0.2718318576926181,2.0701738697203735,False,False,0.12337749890639815,0.0,-0.12337749890639815,1.0,0.16666666666666666,0.030053369748306635,0.5635028221864702,0.6363351882338535,0.3636648117661465,-0.4560149697440137,2.7446817448849674,0.5180712717446377,0.48192872825536226,0.5070410502484657,0.4929589497515343,0.16666666666666666,0.030053369748306635,0.5635028221864702,0.0,,0.0,0.0,unverified,Insufficient Data,Insufficient Data,Insufficient Data,Insufficient Data,Insufficient Data,False,False,,,,,,lane,BA,SE,Northeast,Northeast,True,True
PB>RJ,6,0.0,2,0.0,4,0.0,0,0.0,6,0,0,0,6,0,6,0,0,0,0.0,2.7755575615628914e-17,0.3903342879021653,0.2718318576926182,-0.2718318576926182,-0.2718318576926181,2.0701738697203735,False,False,0.10636556827436872,0.0,-0.10636556827436872,1.0,0.0,2.7755575615628914e-17,0.3903342879021653,0.6363351882338535,-0.6363351882338535,-0.6363351882338534,1.7056705391791382,0.5180712717446377,-0.5180712717446377,0.5070410502484657,-0.5070410502484657,0.0,2.7755575615628914e-17,0.3903342879021653,0.0,,0.0,0.0,unverified,Insufficient Data,Insufficient Data,Insufficient Data,Insufficient Data,Insufficient Data,False,False,,,,,,lane,PB,RJ,Northeast,Southeast,False,True
PB>SP,6,0.0,3,0.0,3,0.0,0,0.0,6,1,0,0,6,1,6,1,0,0,0.0,2.7755575615628914e-17,0.3903342879021653,0.2718318576926182,-0.2718318576926182,-0.2718318576926181,2.0701738697203735,False,False,0.20825585313663622,0.0,-0.20825585313663622,1.0,0.16666666666666666,0.030053369748306635,0.5635028221864702,0.6363351882338535,0.3636648117661465,-0.4560149697440137,2.7446817448849674,0.5180712717446377,0.48192872825536226,0.5070410502484657,0.4929589497515343,0.16666666666666666,0.030053369748306635,0.5635028221864702,0.0,,0.0,0.0,unverified,Insufficient Data,Insufficient Data,Insufficient Data,Insufficient Data,Insufficient Data,False,False,,,,,,lane,PB,SP,Northeast,Southeast,False,True
PE>SC,6,0.0,0,0.0,6,0.0,0,0.0,5,0,0,0,5,0,5,0,0,0,0.0,2.7755575615628914e-17,0.3903342879021653,0.2718318576926182,-0.2718318576926182,-0.2718318576926181,2.0701738697203735,False,False,0.27037196148917797,0.0,-0.27037196148917797,0.8333333333333334,0.0,0.0,0.43448246478317476,0.5302793235282113,-0.5302793235282113,-0.5302793235282113,1.6421330003876624,0.4317260597871981,-0.4317260597871981,0.42253420854038815,-0.42253420854038815,0.0,0.0,0.43448246478317476,0.0,,,0.0,unverified,Insufficient Data,Insufficient Data,Insufficient Data,Insufficient Data,Insufficient Data,False,False,,,,,,lane,PE,SC,Northeast,South,False,True
PE>PB,6,0.0,0,0.0,6,0.0,0,0.0,6,0,0,0,6,0,6,0,0,0,0.0,2.7755575615628914e-17,0.3903342879021653,0.2718318576926182,-0.2718318576926182,-0.2718318576926181,2.0701738697203735,False,False,0.16958479070656787,0.0,-0.16958479070656787,1.0,0.0,2.7755575615628914e-17,0.3903342879021653,0.6363351882338535,-0.6363351882338535,-0.6363351882338534,1.7056705391791382,0.5180712717446377,-0.5180712717446377,0.5070410502484657,-0.5070410502484657,0.0,2.7755575615628914e-17,0.3903342879021653,0.0,,,0.0,unverified,Insufficient Data,Insufficient Data,Insufficient Data,Insufficient Data,Insufficient Data,False,False,,,,,,lane,PE,PB,Northeast,Northeast,True,True
RS>RN,6,0.0,4,0.0,2,0.0,0,0.0,6,0,0,0,6,0,6,0,0,0,0.0,2.7755575615628914e-17,0.3903342879021653,0.2718318576926182,-0.2718318576926182,-0.2718318576926181,2.0701738697203735,False,False,0.20510294717631042,0.0,-0.20510294717631042,1.0,0.0,2.7755575615628914e-17,0.3903342879021653,0.6363351882338535,-0.6363351882338535,-0.6363351882338534,1.7056705391791382,0.5180712717446377,-0.5180712717446377,0.5070410502484657,-0.5070410502484657,0.0,2.7755575615628914e-17,0.3903342879021653,0.0,,0.0,0.0,unverified,Insufficient Data,Insufficient Data,Insufficient Data,Insufficient Data,Insufficient Data,False,False,,,,,,lane,RS,RN,South,Northeast,True,False
GO>BA,6,0.0,5,0.0,1,0.0,0,0.0,6,1,0,0,6,1,6,1,0,0,0.0,2.7755575615628914e-17,0.3903342879021653,0.2718318576926182,-0.2718318576926182,-0.2718318576926181,2.0701738697203735,False,False,0.2659040342298342,0.0,-0.2659040342298342,1.0,0.16666666666666666,0.030053369748306635,0.5635028221864702,0.6363351882338535,0.3636648117661465,-0.4560149697440137,2.7446817448849674,0.5180712717446377,0.48192872825536226,0.5070410502484657,0.4929589497515343,0.16666666666666666,0.030053369748306635,0.5635028221864702,0.0,,0.0,0.0,unverified,Insufficient Data,Insufficient Data,Insufficient Data,Insufficient Data,Insufficient Data,False,False,,,,,,lane,GO,BA,Central-West,Northeast,True,False
ES>MT,6,0.0,4,0.0,2,0.0,0,0.0,6,2,0,0,6,2,6,2,0,0,0.0,2.7755575615628914e-17,0.3903342879021653,0.2718318576926182,-0.2718318576926182,-0.2718318576926181,2.0701738697203735,False,False,0.2773025797543846,0.0,-0.2773025797543846,1.0,0.3333333333333333,0.09677141110578041,0.700006684861608,0.6363351882338535,1.3636648117661465,-0.05570672159917103,3.5637049209357947,0.5180712717446377,1.4819287282553621,0.5070410502484657,1.4929589497515343,0.3333333333333333,0.09677141110578041,0.700006684861608,0.0,,0.0,0.0,unverified,Insufficient Data,Insufficient Data,Insufficient Data,Insufficient Data,Insufficient Data,False,False,,,,,,lane,ES,MT,Southeast,Central-West,False,False
GO>PR,7,0.0,3,0.0,4,0.0,0,0.0,7,0,0,0,7,0,7,0,0,0,0.0,5.551115123125783e-17,0.35433043506668743,0.3171371673080546,-0.3171371673080546,-0.3171371673080542,2.163175878158757,False,False,0.38994683784685913,0.0,-0.38994683784685913,1.0,0.0,5.551115123125783e-17,0.35433043506668743,0.7423910529394958,-0.7423910529394958,-0.7423910529394954,1.7379219925273162,0.6044164837020773,-0.6044164837020773,0.5915478919565433,-0.5915478919565433,0.0,5.551115123125783e-17,0.35433043506668743,0.0,,0.0,0.0,unverified,Insufficient Data,Insufficient Data,Insufficient Data,Insufficient Data,Insufficient Data,False,False,,,,,,lane,GO,PR,Central-West,South,False,False
GO>RS,7,0.0,4,0.0,3,0.0,0,0.0,7,0,0,0,7,0,7,0,0,0,0.0,5.551115123125783e-17,0.35433043506668743,0.3171371673080546,-0.3171371673080546,-0.3171371673080542,2.163175878158757,False,False,0.4002039356695125,0.0,-0.4002039356695125,1.0,0.0,5.551115123125783e-17,0.35433043506668743,0.7423910529394958,-0.7423910529394958,-0.7423910529394954,1.7379219925273162,0.6044164837020773,-0.6044164837020773,0.5915478919565433,-0.5915478919565433,0.0,5.551115123125783e-17,0.35433043506668743,0.0,,0.0,0.0,unverified,Insufficient Data,Insufficient Data,Insufficient Data,Insufficient Data,Insufficient Data,False,False,,,,,,lane,GO,RS,Central-West,South,False,False
RS>SE,7,0.0,2,0.0,5,0.0,0,0.0,7,3,0,0,7,3,7,3,0,0,0.0,5.551115123125783e-17,0.35433043506668743,0.3171371673080546,-0.3171371673080546,-0.3171371673080542,2.163175878158757,False,False,0.2871027652831314,0.0,-0.2871027652831314,1.0,0.42857142857142855,0.15821985525146975,0.7495416354723428,0.7423910529394958,2.257608947060504,0.3651479338207925,4.504400395366904,0.6044164837020773,2.395583516297923,0.5915478919565433,2.4084521080434564,0.42857142857142855,0.15821985525146975,0.7495416354723428,0.0,,0.0,0.0,unverified,Insufficient Data,Insufficient Data,Insufficient Data,Insufficient Data,Insufficient Data,False,False,,,,,,lane,RS,SE,South,Northeast,True,False
DF>MS,7,0.0,3,0.0,4,0.0,0,0.0,7,0,0,0,7,0,7,0,0,0,0.0,5.551115123125783e-17,0.35433043506668743,0.3171371673080546,-0.3171371673080546,-0.3171371673080542,2.163175878158757,False,False,0.22339755567820505,0.0,-0.22339755567820505,1.0,0.0,5.551115123125783e-17,0.35433043506668743,0.7423910529394958,-0.7423910529394958,-0.7423910529394954,1.7379219925273162,0.6044164837020773,-0.6044164837020773,0.5915478919565433,-0.5915478919565433,0.0,5.551115123125783e-17,0.35433043506668743,0.0,,0.0,0.0,unverified,Insufficient Data,Insufficient Data,Insufficient Data,Insufficient Data,Insufficient Data,False,False,,,,,,lane,DF,MS,Central-West,Central-West,False,False
CE>RJ,7,0.0,2,0.0,5,0.0,0,0.0,7,0,0,0,7,0,7,0,0,0,0.0,5.551115123125783e-17,0.35433043506668743,0.3171371673080546,-0.3171371673080546,-0.3171371673080542,2.163175878158757,False,False,0.190486152164138,0.0,-0.190486152164138,1.0,0.0,5.551115123125783e-17,0.35433043506668743,0.7423910529394958,-0.7423910529394958,-0.7423910529394954,1.7379219925273162,0.6044164837020773,-0.6044164837020773,0.5915478919565433,-0.5915478919565433,0.0,5.551115123125783e-17,0.35433043506668743,0.0,,0.0,0.0,unverified,Insufficient Data,Insufficient Data,Insufficient Data,Insufficient Data,Insufficient Data,False,False,,,,,,lane,CE,RJ,Northeast,Southeast,False,True
DF>RJ,74,3.0,28,0.0,46,3.0,0,0.0,73,18,3,3,70,15,70,15,3,3,0.04054054054054054,0.013882431221978866,0.11254709579091647,3.3525929115422914,-0.35259291154229144,-2.3252930011158552,4.9758921769855275,False,False,3.203883758286234,0.9363635594584455,-0.20388375828623406,0.9864864864864865,0.2465753424657534,0.16204464648051795,0.35644445344224973,7.7420781235118845,10.257921876488115,4.087181069565926,18.278366977772343,6.044164837020773,8.955835162979227,5.915478919565434,9.084521080434566,0.21428571428571427,0.1343870301710779,0.3239118626347889,0.0410958904109589,0.0,0.0,0.06521739130434782,unverified,Insufficient Data,Insufficient Data,Insufficient Data,Insufficient Data,Insufficient Data,False,False,,,,,,lane,DF,RJ,Central-West,Southeast,False,False
RJ>PA,30,1.0,11,0.0,19,1.0,0,0.0,30,1,1,1,29,0,29,0,1,1,0.03333333333333333,0.005908590381612455,0.16670390991409173,1.3591592884630912,-0.3591592884630912,-1.1819015770147174,3.641958008959661,False,False,0.8986807660138394,1.1127421858994146,0.1013192339861606,1.0,0.03333333333333333,0.005908590381612455,0.16670390991409173,3.1816759411692677,-2.1816759411692677,-3.004418229720894,1.8194413562534844,2.504011146765749,-2.504011146765749,2.450698409534251,-2.450698409534251,0.0,0.0,0.11696979849974075,0.03333333333333333,0.0,0.0,0.05263157894736842,unverified,Insufficient Data,Insufficient Data,Insufficient Data,Insufficient Data,Insufficient Data,False,False,,,,,,lane,RJ,PA,Southeast,North,False,False
MS>RJ,8,0.0,7,0.0,1,0.0,0,0.0,8,0,0,0,8,0,8,0,0,0,0.0,0.0,0.32440756488388023,0.36244247692349096,-0.36244247692349096,-0.36244247692349096,2.2328180421475508,False,False,0.2878049202049369,0.0,-0.2878049202049369,1.0,0.0,0.0,0.32440756488388023,0.848446917645138,-0.848446917645138,-0.848446917645138,1.7468136014259037,0.690761695659517,-0.690761695659517,0.676054733664621,-0.676054733664621,0.0,0.0,0.32440756488388023,0.0,,0.0,0.0,unverified,Insufficient Data,Insufficient Data,Insufficient Data,Insufficient Data,Insufficient Data,False,False,,,,,,lane,MS,RJ,Central-West,Southeast,False,False
BA>GO,8,0.0,5,0.0,3,0.0,0,0.0,8,1,0,0,8,1,8,1,0,0,0.0,0.0,0.32440756488388023,0.36244247692349096,-0.36244247692349096,-0.36244247692349096,2.2328180421475508,False,False,0.24136939766712043,0.0,-0.24136939766712043,1.0,0.125,0.02241749145005667,0.4708881822128535,0.848446917645138,0.15155308235486198,-0.6691069860446847,2.91865854005769,0.690761695659517,0.30923830434048305,0.676054733664621,0.323945266335379,0.125,0.02241749145005667,0.4708881822128535,0.0,,0.0,0.0,unverified,Insufficient Data,Insufficient Data,Insufficient Data,Insufficient Data,Insufficient Data,False,False,,,,,,lane,BA,GO,Northeast,Central-West,False,True
BA>PR,8,0.0,7,0.0,1,0.0,0,0.0,8,1,0,0,8,1,8,1,0,0,0.0,0.0,0.32440756488388023,0.36244247692349096,-0.36244247692349096,-0.36244247692349096,2.2328180421475508,False,False,0.32065170999520454,0.0,-0.32065170999520454,1.0,0.125,0.02241749145005667,0.4708881822128535,0.848446917645138,0.15155308235486198,-0.6691069860446847,2.91865854005769,0.690761695659517,0.30923830434048305,0.676054733664621,0.323945266335379,0.125,0.02241749145005667,0.4708881822128535,0.0,,0.0,0.0,unverified,Insufficient Data,Insufficient Data,Insufficient Data,Insufficient Data,Insufficient Data,False,False,,,,,,lane,BA,PR,Northeast,South,False,True
MT>GO,8,0.0,2,0.0,6,0.0,0,0.0,8,0,0,0,8,0,8,0,0,0,0.0,0.0,0.32440756488388023,0.36244247692349096,-0.36244247692349096,-0.36244247692349096,2.2328180421475508,False,False,0.4693576451801002,0.0,-0.4693576451801002,1.0,0.0,0.0,0.32440756488388023,0.848446917645138,-0.848446917645138,-0.848446917645138,1.7468136014259037,0.690761695659517,-0.690761695659517,0.676054733664621,-0.676054733664621,0.0,0.0,0.32440756488388023,0.0,,0.0,0.0,unverified,Insufficient Data,Insufficient Data,Insufficient Data,Insufficient Data,Insufficient Data,False,False,,,,,,lane,MT,GO,Central-West,Central-West,False,False
BA>AL,8,0.0,3,0.0,5,0.0,0,0.0,8,0,0,0,8,0,8,0,0,0,0.0,0.0,0.32440756488388023,0.36244247692349096,-0.36244247692349096,-0.36244247692349096,2.2328180421475508,False,False,0.22397040422464692,0.0,-0.22397040422464692,1.0,0.0,0.0,0.32440756488388023,0.848446917645138,-0.848446917645138,-0.848446917645138,1.7468136014259037,0.690761695659517,-0.690761695659517,0.676054733664621,-0.676054733664621,0.0,0.0,0.32440756488388023,0.0,,0.0,0.0,unverified,Insufficient Data,Insufficient Data,Insufficient Data,Insufficient Data,Insufficient Data,False,False,,,,,,lane,BA,AL,Northeast,Northeast,True,True
DF>MT,8,0.0,6,0.0,2,0.0,0,0.0,8,0,0,0,8,0,8,0,0,0,0.0,0.0,0.32440756488388023,0.36244247692349096,-0.36244247692349096,-0.36244247692349096,2.2328180421475508,False,False,0.3008251882188244,0.0,-0.3008251882188244,1.0,0.0,0.0,0.32440756488388023,0.848446917645138,-0.848446917645138,-0.848446917645138,1.7468136014259037,0.690761695659517,-0.690761695659517,0.676054733664621,-0.676054733664621,0.0,0.0,0.32440756488388023,0.0,,0.0,0.0,unverified,Insufficient Data,Insufficient Data,Insufficient Data,Insufficient Data,Insufficient Data,False,False,,,,,,lane,DF,MT,Central-West,Central-West,False,False
GO>SC,8,0.0,2,0.0,6,0.0,0,0.0,8,0,0,0,8,0,8,0,0,0,0.0,0.0,0.32440756488388023,0.36244247692349096,-0.36244247692349096,-0.36244247692349096,2.2328180421475508,False,False,0.45881137646646897,0.0,-0.45881137646646897,1.0,0.0,0.0,0.32440756488388023,0.848446917645138,-0.848446917645138,-0.848446917645138,1.7468136014259037,0.690761695659517,-0.690761695659517,0.676054733664621,-0.676054733664621,0.0,0.0,0.32440756488388023,0.0,,0.0,0.0,unverified,Insufficient Data,Insufficient Data,Insufficient Data,Insufficient Data,Insufficient Data,False,False,,,,,,lane,GO,SC,Central-West,South,False,False
RS>PB,8,0.0,4,0.0,4,0.0,0,0.0,8,0,0,0,8,0,8,0,0,0,0.0,0.0,0.32440756488388023,0.36244247692349096,-0.36244247692349096,-0.36244247692349096,2.2328180421475508,False,False,0.21321850029667833,0.0,-0.21321850029667833,1.0,0.0,0.0,0.32440756488388023,0.848446917645138,-0.848446917645138,-0.848446917645138,1.7468136014259037,0.690761695659517,-0.690761695659517,0.676054733664621,-0.676054733664621,0.0,0.0,0.32440756488388023,0.0,,0.0,0.0,unverified,Insufficient Data,Insufficient Data,Insufficient Data,Insufficient Data,Insufficient Data,False,False,,,,,,lane,RS,PB,South,Northeast,True,False
GO>PA,8,0.0,4,0.0,4,0.0,0,0.0,8,1,0,0,8,1,8,1,0,0,0.0,0.0,0.32440756488388023,0.36244247692349096,-0.36244247692349096,-0.36244247692349096,2.2328180421475508,False,False,0.40991301928579776,0.0,-0.40991301928579776,1.0,0.125,0.02241749145005667,0.4708881822128535,0.848446917645138,0.15155308235486198,-0.6691069860446847,2.91865854005769,0.690761695659517,0.30923830434048305,0.676054733664621,0.323945266335379,0.125,0.02241749145005667,0.4708881822128535,0.0,,0.0,0.0,unverified,Insufficient Data,Insufficient Data,Insufficient Data,Insufficient Data,Insufficient Data,False,False,,,,,,lane,GO,PA,Central-West,North,False,False
GO>MT,8,0.0,3,0.0,5,0.0,0,0.0,8,1,0,0,8,1,8,1,0,0,0.0,0.0,0.32440756488388023,0.36244247692349096,-0.36244247692349096,-0.36244247692349096,2.2328180421475508,False,False,0.3598955591832078,0.0,-0.3598955591832078,1.0,0.125,0.02241749145005667,0.4708881822128535,0.848446917645138,0.15155308235486198,-0.6691069860446847,2.91865854005769,0.690761695659517,0.30923830434048305,0.676054733664621,0.323945266335379,0.125,0.02241749145005667,0.4708881822128535,0.0,,0.0,0.0,unverified,Insufficient Data,Insufficient Data,Insufficient Data,Insufficient Data,Insufficient Data,False,False,,,,,,lane,GO,MT,Central-West,Central-West,False,False
RJ>AM,8,0.0,2,0.0,6,0.0,0,0.0,7,1,0,0,7,1,7,1,0,0,0.0,0.0,0.32440756488388023,0.36244247692349096,-0.36244247692349096,-0.36244247692349096,2.2328180421475508,False,False,0.19468958088291535,0.0,-0.19468958088291535,0.875,0.14285714285714285,0.02567962434474355,0.5131278292743189,0.7423910529394958,0.2576089470605042,-0.5626336825262909,2.8495037519807362,0.6044164837020773,0.39558351629792265,0.5915478919565433,0.40845210804345666,0.14285714285714285,0.02567962434474355,0.5131278292743189,0.0,,0.0,0.0,unverified,Insufficient Data,Insufficient Data,Insufficient Data,Insufficient Data,Insufficient Data,False,False,,,,,,lane,RJ,AM,Southeast,North,False,False
GO>MA,8,0.0,5,0.0,3,0.0,0,0.0,8,1,0,0,8,1,8,1,0,0,0.0,0.0,0.32440756488388023,0.36244247692349096,-0.36244247692349096,-0.36244247692349096,2.2328180421475508,False,False,0.2818245165415634,0.0,-0.2818245165415634,1.0,0.125,0.02241749145005667,0.4708881822128535,0.848446917645138,0.15155308235486198,-0.6691069860446847,2.91865854005769,0.690761695659517,0.30923830434048305,0.676054733664621,0.323945266335379,0.125,0.02241749145005667,0.4708881822128535,0.0,,0.0,0.0,unverified,Insufficient Data,Insufficient Data,Insufficient Data,Insufficient Data,Insufficient Data,False,False,,,,,,lane,GO,MA,Central-West,Northeast,True,False
MA>CE,8,0.0,0,0.0,8,0.0,0,0.0,8,1,0,0,8,1,8,1,0,0,0.0,0.0,0.32440756488388023,0.36244247692349096,-0.36244247692349096,-0.36244247692349096,2.2328180421475508,False,False,0.1530354407858669,0.0,-0.1530354407858669,1.0,0.125,0.02241749145005667,0.4708881822128535,0.848446917645138,0.15155308235486198,-0.6691069860446847,2.91865854005769,0.690761695659517,0.30923830434048305,0.676054733664621,0.323945266335379,0.125,0.02241749145005667,0.4708881822128535,0.0,,,0.0,unverified,Insufficient Data,Insufficient Data,Insufficient Data,Insufficient Data,Insufficient Data,False,False,,,,,,lane,MA,CE,Northeast,Northeast,True,True
BA>PI,9,0.0,5,0.0,4,0.0,0,0.0,9,1,0,0,9,1,9,1,0,0,0.0,0.0,0.2991450484195441,0.40774778653892735,-0.40774778653892735,-0.40774778653892735,2.2845576492369695,False,False,0.3425377206761215,0.0,-0.3425377206761215,1.0,0.1111111111111111,0.019890887638544907,0.434999705576656,0.9545027823507802,0.04549721764921977,-0.7754847936038761,2.960494567839124,0.7771069076169566,0.22289309238304345,0.7605615753726986,0.23943842462730136,0.1111111111111111,0.019890887638544907,0.434999705576656,0.0,,0.0,0.0,unverified,Insufficient Data,Insufficient Data,Insufficient Data,Insufficient Data,Insufficient Data,False,False,,,,,,lane,BA,PI,Northeast,Northeast,True,True
CE>CE,9,0.0,3,0.0,6,0.0,0,0.0,9,0,0,0,9,0,9,0,0,0,0.0,0.0,0.2991450484195441,0.40774778653892735,-0.40774778653892735,-0.40774778653892735,2.2845576492369695,False,False,0.34388613609399654,0.0,-0.34388613609399654,1.0,0.0,0.0,0.2991450484195441,0.9545027823507802,-0.9545027823507802,-0.9545027823507802,1.7378026534251165,0.7771069076169566,-0.7771069076169566,0.7605615753726986,-0.7605615753726986,0.0,0.0,0.2991450484195441,0.0,,0.0,0.0,unverified,Insufficient Data,Insufficient Data,Insufficient Data,Insufficient Data,Insufficient Data,False,False,,,,,,lane,CE,CE,Northeast,Northeast,True,True
DF>CE,9,0.0,5,0.0,4,0.0,0,0.0,9,0,0,0,9,0,9,0,0,0,0.0,0.0,0.2991450484195441,0.40774778653892735,-0.40774778653892735,-0.40774778653892735,2.2845576492369695,False,False,0.2948177826291438,0.0,-0.2948177826291438,1.0,0.0,0.0,0.2991450484195441,0.9545027823507802,-0.9545027823507802,-0.9545027823507802,1.7378026534251165,0.7771069076169566,-0.7771069076169566,0.7605615753726986,-0.7605615753726986,0.0,0.0,0.2991450484195441,0.0,,0.0,0.0,unverified,Insufficient Data,Insufficient Data,Insufficient Data,Insufficient Data,Insufficient Data,False,False,,,,,,lane,DF,CE,Central-West,Northeast,True,False
RS>RO,9,0.0,4,0.0,5,0.0,0,0.0,9,2,0,0,9,2,9,2,0,0,0.0,0.0,0.2991450484195441,0.40774778653892735,-0.40774778653892735,-0.40774778653892735,2.2845576492369695,False,False,0.30357455209862944,0.0,-0.30357455209862944,1.0,0.2222222222222222,0.06322510711784671,0.5474110308930111,0.9545027823507802,1.0454972176492197,-0.3854768182901599,3.97219649568632,0.7771069076169566,1.2228930923830434,0.7605615753726986,1.2394384246273014,0.2222222222222222,0.06322510711784671,0.5474110308930111,0.0,,0.0,0.0,unverified,Insufficient Data,Insufficient Data,Insufficient Data,Insufficient Data,Insufficient Data,False,False,,,,,,lane,RS,RO,South,North,False,False
DF>PE,9,0.0,2,0.0,7,0.0,0,0.0,9,0,0,0,9,0,9,0,0,0,0.0,0.0,0.2991450484195441,0.40774778653892735,-0.40774778653892735,-0.40774778653892735,2.2845576492369695,False,False,0.39650298716616406,0.0,-0.39650298716616406,1.0,0.0,0.0,0.2991450484195441,0.9545027823507802,-0.9545027823507802,-0.9545027823507802,1.7378026534251165,0.7771069076169566,-0.7771069076169566,0.7605615753726986,-0.7605615753726986,0.0,0.0,0.2991450484195441,0.0,,0.0,0.0,unverified,Insufficient Data,Insufficient Data,Insufficient Data,Insufficient Data,Insufficient Data,False,False,,,,,,lane,DF,PE,Central-West,Northeast,True,False
BA>ES,9,0.0,3,0.0,6,0.0,0,0.0,9,1,0,0,9,1,9,1,0,0,0.0,0.0,0.2991450484195441,0.40774778653892735,-0.40774778653892735,-0.40774778653892735,2.2845576492369695,False,False,0.32443197371889454,0.0,-0.32443197371889454,1.0,0.1111111111111111,0.019890887638544907,0.434999705576656,0.9545027823507802,0.04549721764921977,-0.7754847936038761,2.960494567839124,0.7771069076169566,0.22289309238304345,0.7605615753726986,0.23943842462730136,0.1111111111111111,0.019890887638544907,0.434999705576656,0.0,,0.0,0.0,unverified,Insufficient Data,Insufficient Data,Insufficient Data,Insufficient Data,Insufficient Data,False,False,,,,,,lane,BA,ES,Northeast,Southeast,False,True
PE>GO,9,0.0,2,0.0,7,0.0,0,0.0,9,0,0,0,9,0,9,0,0,0,0.0,0.0,0.2991450484195441,0.40774778653892735,-0.40774778653892735,-0.40774778653892735,2.2845576492369695,False,False,0.5123123156576406,0.0,-0.5123123156576406,1.0,0.0,0.0,0.2991450484195441,0.9545027823507802,-0.9545027823507802,-0.9545027823507802,1.7378026534251165,0.7771069076169566,-0.7771069076169566,0.7605615753726986,-0.7605615753726986,0.0,0.0,0.2991450484195441,0.0,,0.0,0.0,unverified,Insufficient Data,Insufficient Data,Insufficient Data,Insufficient Data,Insufficient Data,False,False,,,,,,lane,PE,GO,Northeast,Central-West,False,True
PE>RS,9,0.0,4,0.0,5,0.0,0,0.0,9,1,0,0,9,1,9,1,0,0,0.0,0.0,0.2991450484195441,0.40774778653892735,-0.40774778653892735,-0.40774778653892735,2.2845576492369695,False,False,0.26205003027471024,0.0,-0.26205003027471024,1.0,0.1111111111111111,0.019890887638544907,0.434999705576656,0.9545027823507802,0.04549721764921977,-0.7754847936038761,2.960494567839124,0.7771069076169566,0.22289309238304345,0.7605615753726986,0.23943842462730136,0.1111111111111111,0.019890887638544907,0.434999705576656,0.0,,0.0,0.0,unverified,Insufficient Data,Insufficient Data,Insufficient Data,Insufficient Data,Insufficient Data,False,False,,,,,,lane,PE,RS,Northeast,South,False,True
RS>AL,9,0.0,4,0.0,5,0.0,0,0.0,9,0,0,0,9,0,9,0,0,0,0.0,0.0,0.2991450484195441,0.40774778653892735,-0.40774778653892735,-0.40774778653892735,2.2845576492369695,False,False,0.398212902447801,0.0,-0.398212902447801,1.0,0.0,0.0,0.2991450484195441,0.9545027823507802,-0.9545027823507802,-0.9545027823507802,1.7378026534251165,0.7771069076169566,-0.7771069076169566,0.7605615753726986,-0.7605615753726986,0.0,0.0,0.2991450484195441,0.0,,0.0,0.0,unverified,Insufficient Data,Insufficient Data,Insufficient Data,Insufficient Data,Insufficient Data,False,False,,,,,,lane,RS,AL,South,Northeast,True,False
MG>AC,9,0.0,5,0.0,4,0.0,0,0.0,9,1,0,0,9,1,9,1,0,0,0.0,0.0,0.2991450484195441,0.40774778653892735,-0.40774778653892735,-0.40774778653892735,2.2845576492369695,False,False,0.40085344493736463,0.0,-0.40085344493736463,1.0,0.1111111111111111,0.019890887638544907,0.434999705576656,0.9545027823507802,0.04549721764921977,-0.7754847936038761,2.960494567839124,0.7771069076169566,0.22289309238304345,0.7605615753726986,0.23943842462730136,0.1111111111111111,0.019890887638544907,0.434999705576656,0.0,,0.0,0.0,unverified,Insufficient Data,Insufficient Data,Insufficient Data,Insufficient Data,Insufficient Data,False,False,,,,,,lane,MG,AC,Southeast,North,False,False
PR>AM,9,0.0,5,0.0,4,0.0,0,0.0,8,0,0,0,8,0,8,0,0,0,0.0,0.0,0.2991450484195441,0.40774778653892735,-0.40774778653892735,-0.40774778653892735,2.2845576492369695,False,False,0.3455523192942091,0.0,-0.3455523192942091,0.8888888888888888,0.0,0.0,0.32440756488388023,0.848446917645138,-0.848446917645138,-0.848446917645138,1.7468136014259037,0.690761695659517,-0.690761695659517,0.676054733664621,-0.676054733664621,0.0,0.0,0.32440756488388023,0.0,,0.0,0.0,unverified,Insufficient Data,Insufficient Data,Insufficient Data,Insufficient Data,Insufficient Data,False,False,,,,,,lane,PR,AM,South,North,False,False
SC>SC,208,9.0,94,3.0,114,6.0,0,0.0,208,17,8,5,200,12,199,12,9,5,0.04326923076923077,0.022928471674678104,0.08017438147920372,9.423504400010765,-0.4235044000107653,-4.654382291677719,7.252766947663609,False,False,10.193735062515543,0.8828952238610603,-1.1937350625155432,1.0,0.08173076923076923,0.05165287981199956,0.1269781541289238,22.059619858773587,-5.059619858773587,-11.31582085787768,4.351836200042562,17.269042391487925,-5.269042391487925,16.816861499907446,-4.816861499907446,0.06030150753768844,0.034828024751301506,0.10242921537387994,0.038461538461538464,0.0,0.031914893617021274,0.05263157894736842,inconsistent,No Signal,No Signal,No Signal,No Signal,No Signal,True,False,29.0,33.0,29.0,32.0,41.0,lane,SC,SC,South,South,False,False
BA>SC,10,0.0,7,0.0,3,0.0,0,0.0,10,0,0,0,10,0,10,0,0,0,0.0,0.0,0.2775327998628892,0.45305309615436373,-0.45305309615436373,-0.45305309615436373,2.322274902474528,False,False,0.2772035332583388,0.0,-0.2772035332583388,1.0,0.0,0.0,0.2775327998628892,1.0605586470564226,-1.0605586470564226,-1.0605586470564226,1.7147693515724693,0.8634521195743962,-0.8634521195743962,0.8450684170807763,-0.8450684170807763,0.0,0.0,0.2775327998628892,0.0,,0.0,0.0,unverified,Insufficient Data,Insufficient Data,Insufficient Data,Insufficient Data,Insufficient Data,False,False,,,,,,lane,BA,SC,Northeast,South,False,True
SC>AL,10,0.0,8,0.0,2,0.0,0,0.0,10,1,0,0,10,1,10,1,0,0,0.0,0.0,0.2775327998628892,0.45305309615436373,-0.45305309615436373,-0.45305309615436373,2.322274902474528,False,False,0.36002348622671515,0.0,-0.36002348622671515,1.0,0.1,0.017876213095072896,0.4041500267952385,1.0605586470564226,-0.060558647056422554,-0.8817965161056935,2.9809416208959623,0.8634521195743962,0.13654788042560384,0.8450684170807763,0.1549315829192237,0.1,0.017876213095072896,0.4041500267952385,0.0,,0.0,0.0,unverified,Insufficient Data,Insufficient Data,Insufficient Data,Insufficient Data,Insufficient Data,False,False,,,,,,lane,SC,AL,South,Northeast,True,False
DF>PA,10,0.0,4,0.0,6,0.0,0,0.0,10,2,0,0,10,2,10,2,0,0,0.0,0.0,0.2775327998628892,0.45305309615436373,-0.45305309615436373,-0.45305309615436373,2.322274902474528,False,False,0.4860550110367104,0.0,-0.4860550110367104,1.0,0.2,0.05668215145437519,0.5098375284633583,1.0605586470564226,0.9394413529435774,-0.4937371325126706,4.03781663757716,0.8634521195743962,1.1365478804256037,0.8450684170807763,1.1549315829192237,0.2,0.05668215145437519,0.5098375284633583,0.0,,0.0,0.0,unverified,Insufficient Data,Insufficient Data,Insufficient Data,Insufficient Data,Insufficient Data,False,False,,,,,,lane,DF,PA,Central-West,North,False,False
SC>TO,10,0.0,6,0.0,4,0.0,0,0.0,10,2,0,0,10,2,10,2,0,0,0.0,0.0,0.2775327998628892,0.45305309615436373,-0.45305309615436373,-0.45305309615436373,2.322274902474528,False,False,0.38962107678807995,0.0,-0.38962107678807995,1.0,0.2,0.05668215145437519,0.5098375284633583,1.0605586470564226,0.9394413529435774,-0.4937371325126706,4.03781663757716,0.8634521195743962,1.1365478804256037,0.8450684170807763,1.1549315829192237,0.2,0.05668215145437519,0.5098375284633583,0.0,,0.0,0.0,unverified,Insufficient Data,Insufficient Data,Insufficient Data,Insufficient Data,Insufficient Data,False,False,,,,,,lane,SC,TO,South,North,False,False
RS>PI,10,0.0,4,0.0,6,0.0,0,0.0,9,1,0,0,9,1,9,1,0,0,0.0,0.0,0.2775327998628892,0.45305309615436373,-0.45305309615436373,-0.45305309615436373,2.322274902474528,False,False,0.39967569060921,0.0,-0.39967569060921,0.9,0.1111111111111111,0.019890887638544907,0.434999705576656,0.9545027823507802,0.04549721764921977,-0.7754847936038761,2.960494567839124,0.7771069076169566,0.22289309238304345,0.7605615753726986,0.23943842462730136,0.1111111111111111,0.019890887638544907,0.434999705576656,0.0,,0.0,0.0,unverified,Insufficient Data,Insufficient Data,Insufficient Data,Insufficient Data,Insufficient Data,False,False,,,,,,lane,RS,PI,South,Northeast,True,False
GO>CE,10,0.0,5,0.0,5,0.0,0,0.0,10,0,0,0,10,0,10,0,0,0,0.0,0.0,0.2775327998628892,0.45305309615436373,-0.45305309615436373,-0.45305309615436373,2.322274902474528,False,False,0.3150659335859504,0.0,-0.3150659335859504,1.0,0.0,0.0,0.2775327998628892,1.0605586470564226,-1.0605586470564226,-1.0605586470564226,1.7147693515724693,0.8634521195743962,-0.8634521195743962,0.8450684170807763,-0.8450684170807763,0.0,0.0,0.2775327998628892,0.0,,0.0,0.0,unverified,Insufficient Data,Insufficient Data,Insufficient Data,Insufficient Data,Insufficient Data,False,False,,,,,,lane,GO,CE,Central-West,Northeast,True,False
MG>AM,10,0.0,5,0.0,5,0.0,0,0.0,10,0,0,0,10,0,10,0,0,0,0.0,0.0,0.2775327998628892,0.45305309615436373,-0.45305309615436373,-0.45305309615436373,2.322274902474528,False,False,0.4388030842373774,0.0,-0.4388030842373774,1.0,0.0,0.0,0.2775327998628892,1.0605586470564226,-1.0605586470564226,-1.0605586470564226,1.7147693515724693,0.8634521195743962,-0.8634521195743962,0.8450684170807763,-0.8450684170807763,0.0,0.0,0.2775327998628892,0.0,,0.0,0.0,unverified,Insufficient Data,Insufficient Data,Insufficient Data,Insufficient Data,Insufficient Data,False,False,,,,,,lane,MG,AM,Southeast,North,False,False
ES>SP,77,3.0,43,2.0,34,1.0,0,0.0,77,7,0,0,77,7,74,7,3,0,0.03896103896103896,0.013337950040590962,0.10839981872632877,3.4885088403886004,-0.48850884038860043,-2.4614866872630965,4.858277201538715,False,False,3.4368766819295145,0.8728855520983531,-0.43687668192951445,1.0,0.09090909090909091,0.044735710601777307,0.1759611828111233,8.166301582334453,-1.1663015823344534,-4.721651865997601,5.38270949412204,6.648581320722851,0.351418679277149,6.253506286397744,0.7464937136022556,0.0945945945945946,0.0465799379842249,0.18262258585068275,0.0,0.0,0.046511627906976744,0.029411764705882353,inconsistent,Insufficient Data,Insufficient Data,Insufficient Data,Insufficient Data,Insufficient Data,False,False,,,,,,lane,ES,SP,Southeast,Southeast,False,False
BA>DF,11,0.0,7,0.0,4,0.0,0,0.0,11,1,0,0,11,1,11,1,0,0,0.0,0.0,0.2588329669680317,0.49835840576980006,-0.49835840576980006,-0.49835840576980006,2.3488042308785486,False,False,0.37085912112929026,0.0,-0.37085912112929026,1.0,0.09090909090909091,0.016232172885884855,0.37735843645159567,1.1666145117620648,-0.16661451176206477,-0.9880606100173314,2.9843282892054876,0.9497973315318358,0.050202668468164235,0.9295752587888538,0.07042474121114617,0.09090909090909091,0.016232172885884855,0.37735843645159567,0.0,,0.0,0.0,unverified,Insufficient Data,Insufficient Data,Insufficient Data,Insufficient Data,Insufficient Data,False,False,,,,,,lane,BA,DF,Northeast,Central-West,False,True
MG>RO,11,0.0,8,0.0,3,0.0,0,0.0,11,0,0,0,11,0,11,0,0,0,0.0,0.0,0.2588329669680317,0.49835840576980006,-0.49835840576980006,-0.49835840576980006,2.3488042308785486,False,False,0.304748530555922,0.0,-0.304748530555922,1.0,0.0,0.0,0.2588329669680317,1.1666145117620648,-1.1666145117620648,-1.1666145117620648,1.680548124886284,0.9497973315318358,-0.9497973315318358,0.9295752587888538,-0.9295752587888538,0.0,0.0,0.2588329669680317,0.0,,0.0,0.0,unverified,Insufficient Data,Insufficient Data,Insufficient Data,Insufficient Data,Insufficient Data,False,False,,,,,,lane,MG,RO,Southeast,North,False,False
PR>RO,12,0.0,7,0.0,5,0.0,0,0.0,12,2,0,0,12,2,12,2,0,0,0.0,2.7755575615628914e-17,0.24249400665524085,0.5436637153852364,-0.5436637153852364,-0.5436637153852362,2.3662643644776535,False,False,0.48423453802378447,0.0,-0.48423453802378447,1.0,0.16666666666666666,0.04696514218385378,0.4480308622529734,1.272670376467707,0.727329623532293,-0.7090886702614616,4.103699970567973,1.0361425434892755,0.9638574565107245,1.0140821004969314,0.9859178995030686,0.16666666666666666,0.04696514218385378,0.4480308622529734,0.0,,0.0,0.0,unverified,Insufficient Data,Insufficient Data,Insufficient Data,Insufficient Data,Insufficient Data,False,False,,,,,,lane,PR,RO,South,North,False,False
PE>ES,12,0.0,1,0.0,11,0.0,0,0.0,12,2,0,0,12,2,12,2,0,0,0.0,2.7755575615628914e-17,0.24249400665524085,0.5436637153852364,-0.5436637153852364,-0.5436637153852362,2.3662643644776535,False,False,0.4594276646857436,0.0,-0.4594276646857436,1.0,0.16666666666666666,0.04696514218385378,0.4480308622529734,1.272670376467707,0.727329623532293,-0.7090886702614616,4.103699970567973,1.0361425434892755,0.9638574565107245,1.0140821004969314,0.9859178995030686,0.16666666666666666,0.04696514218385378,0.4480308622529734,0.0,,0.0,0.0,unverified,Insufficient Data,Insufficient Data,Insufficient Data,Insufficient Data,Insufficient Data,False,False,,,,,,lane,PE,ES,Northeast,Southeast,False,True
MT>MG,12,0.0,4,0.0,8,0.0,0,0.0,12,0,0,0,12,0,12,0,0,0,0.0,2.7755575615628914e-17,0.24249400665524085,0.5436637153852364,-0.5436637153852364,-0.5436637153852362,2.3662643644776535,False,False,0.531794436473248,0.0,-0.531794436473248,1.0,0.0,2.7755575615628914e-17,0.24249400665524085,1.272670376467707,-1.272670376467707,-1.2726703764677068,1.637257703395183,1.0361425434892755,-1.0361425434892755,1.0140821004969314,-1.0140821004969314,0.0,2.7755575615628914e-17,0.24249400665524085,0.0,,0.0,0.0,unverified,Insufficient Data,Insufficient Data,Insufficient Data,Insufficient Data,Insufficient Data,False,False,,,,,,lane,MT,MG,Central-West,Southeast,False,False
SC>SE,12,0.0,10,0.0,2,0.0,0,0.0,12,0,0,0,12,0,12,0,0,0,0.0,2.7755575615628914e-17,0.24249400665524085,0.5436637153852364,-0.5436637153852364,-0.5436637153852362,2.3662643644776535,False,False,0.6109114144764793,0.0,-0.6109114144764793,1.0,0.0,2.7755575615628914e-17,0.24249400665524085,1.272670376467707,-1.272670376467707,-1.2726703764677068,1.637257703395183,1.0361425434892755,-1.0361425434892755,1.0140821004969314,-1.0140821004969314,0.0,2.7755575615628914e-17,0.24249400665524085,0.0,,0.0,0.0,unverified,Insufficient Data,Insufficient Data,Insufficient Data,Insufficient Data,Insufficient Data,False,False,,,,,,lane,SC,SE,South,Northeast,True,False
SC>PA,12,0.0,7,0.0,5,0.0,0,0.0,12,1,0,0,12,1,12,1,0,0,0.0,2.7755575615628914e-17,0.24249400665524085,0.5436637153852364,-0.5436637153852364,-0.5436637153852362,2.3662643644776535,False,False,0.5172289727465142,0.0,-0.5172289727465142,1.0,0.08333333333333333,0.014865094404917095,0.35387991114111694,1.272670376467707,-0.272670376467707,-1.094289243608702,2.9738885572256963,1.0361425434892755,-0.03614254348927548,1.0140821004969314,-0.014082100496931371,0.08333333333333333,0.014865094404917095,0.35387991114111694,0.0,,0.0,0.0,unverified,Insufficient Data,Insufficient Data,Insufficient Data,Insufficient Data,Insufficient Data,False,False,,,,,,lane,SC,PA,South,North,False,False
RJ>PB,13,0.0,2,0.0,11,0.0,0,0.0,13,1,0,0,13,1,13,1,0,0,0.0,0.0,0.22809537235419838,0.5889690250006728,-0.5889690250006728,-0.5889690250006728,2.3762708156039065,False,False,0.6539884256794158,0.0,-0.6539884256794158,1.0,0.07692307692307693,0.013710421242556586,0.3331395092109959,1.3787262411733492,-0.3787262411733492,-1.2004907650201138,2.952087378569597,1.122487755446715,-0.12248775544671497,1.098588942205009,-0.09858894220500902,0.07692307692307693,0.013710421242556586,0.3331395092109959,0.0,,0.0,0.0,unverified,Insufficient Data,Insufficient Data,Insufficient Data,Insufficient Data,Insufficient Data,False,False,,,,,,lane,RJ,PB,Southeast,Northeast,True,False
RS>MS,13,0.0,8,0.0,5,0.0,0,0.0,12,1,0,0,12,1,12,1,0,0,0.0,0.0,0.22809537235419838,0.5889690250006728,-0.5889690250006728,-0.5889690250006728,2.3762708156039065,False,False,0.47356271205547273,0.0,-0.47356271205547273,0.9230769230769231,0.08333333333333333,0.014865094404917095,0.35387991114111694,1.272670376467707,-0.272670376467707,-1.094289243608702,2.9738885572256963,1.0361425434892755,-0.03614254348927548,1.0140821004969314,-0.014082100496931371,0.08333333333333333,0.014865094404917095,0.35387991114111694,0.0,,0.0,0.0,unverified,Insufficient Data,Insufficient Data,Insufficient Data,Insufficient Data,Insufficient Data,False,False,,,,,,lane,RS,MS,South,Central-West,False,False
ES>BA,14,0.0,8,0.0,6,0.0,0,0.0,14,1,0,0,14,1,14,1,0,0,0.0,1.3877787807814457e-17,0.2153108027376358,0.6342743346161092,-0.6342743346161092,-0.634274334616109,2.380076903710792,False,False,0.6137672457758696,0.0,-0.6137672457758696,1.0,0.07142857142857142,0.012722215247890939,0.31468704424151117,1.4847821058789916,-0.4847821058789916,-1.3066710924085183,2.9208365135021648,1.2088329674041547,-0.2088329674041547,1.1830957839130867,-0.18309578391308667,0.07142857142857142,0.012722215247890939,0.31468704424151117,0.0,,0.0,0.0,unverified,Insufficient Data,Insufficient Data,Insufficient Data,Insufficient Data,Insufficient Data,False,False,,,,,,lane,ES,BA,Southeast,Northeast,True,False
ES>PR,14,0.0,9,0.0,5,0.0,0,0.0,14,1,0,0,14,1,14,1,0,0,0.0,1.3877787807814457e-17,0.2153108027376358,0.6342743346161092,-0.6342743346161092,-0.634274334616109,2.380076903710792,False,False,0.5059178883745431,0.0,-0.5059178883745431,1.0,0.07142857142857142,0.012722215247890939,0.31468704424151117,1.4847821058789916,-0.4847821058789916,-1.3066710924085183,2.9208365135021648,1.2088329674041547,-0.2088329674041547,1.1830957839130867,-0.18309578391308667,0.07142857142857142,0.012722215247890939,0.31468704424151117,0.0,,0.0,0.0,unverified,Insufficient Data,Insufficient Data,Insufficient Data,Insufficient Data,Insufficient Data,False,False,,,,,,lane,ES,PR,Southeast,South,False,False
BA>MA,15,0.0,11,0.0,4,0.0,0,0.0,15,1,0,0,15,1,15,1,0,0,0.0,0.0,0.20388330103584862,0.6795796442315456,-0.6795796442315456,-0.6795796442315456,2.3786698713061836,False,False,0.483582905219446,0.0,-0.483582905219446,1.0,0.06666666666666667,0.011866895493268553,0.2981652987378003,1.5908379705846338,-0.5908379705846338,-1.4128345381856056,2.8816415104823703,1.2951781793615942,-0.2951781793615942,1.2676026256211643,-0.2676026256211643,0.06666666666666667,0.011866895493268553,0.2981652987378003,0.0,,0.0,0.0,unverified,Insufficient Data,Insufficient Data,Insufficient Data,Insufficient Data,Insufficient Data,False,False,,,,,,lane,BA,MA,Northeast,Northeast,True,True
PE>BA,15,0.0,1,0.0,14,0.0,0,0.0,15,1,0,0,15,1,15,1,0,0,0.0,0.0,0.20388330103584862,0.6795796442315456,-0.6795796442315456,-0.6795796442315456,2.3786698713061836,False,False,0.6306939515400339,0.0,-0.6306939515400339,1.0,0.06666666666666667,0.011866895493268553,0.2981652987378003,1.5908379705846338,-0.5908379705846338,-1.4128345381856056,2.8816415104823703,1.2951781793615942,-0.2951781793615942,1.2676026256211643,-0.2676026256211643,0.06666666666666667,0.011866895493268553,0.2981652987378003,0.0,,0.0,0.0,unverified,Insufficient Data,Insufficient Data,Insufficient Data,Insufficient Data,Insufficient Data,False,False,,,,,,lane,PE,BA,Northeast,Northeast,True,True
RS>DF,38,1.0,18,1.0,20,0.0,0,0.0,37,4,1,1,36,3,36,3,1,1,0.02631578947368421,0.004660587685768783,0.1349487611595213,1.721601765386582,-0.721601765386582,-1.5444994333273683,3.4064511586752277,False,False,1.5430300326583168,0.6480755259683507,-0.5430300326583168,0.9736842105263158,0.10810810810810811,0.04285189940411473,0.24708531544126028,3.924066994108763,0.07593300589123686,-2.3385467161565185,5.218089677217867,3.108427630467826,-0.10842763046782622,3.0422463014907946,-0.04224630149079456,0.08333333333333333,0.02874861133599338,0.2182669124927263,0.02702702702702703,0.0,0.05555555555555555,0.0,unverified,Insufficient Data,Insufficient Data,Insufficient Data,Insufficient Data,Insufficient Data,False,False,,,,,,lane,RS,DF,South,Central-West,False,False
RS>PA,16,0.0,8,0.0,8,0.0,0,0.0,15,1,0,0,15,1,15,1,0,0,0.0,0.0,0.1936076805344365,0.7248849538469819,-0.7248849538469819,-0.7248849538469819,2.372837934704002,False,False,0.6352808615130313,0.0,-0.6352808615130313,0.9375,0.06666666666666667,0.011866895493268553,0.2981652987378003,1.5908379705846338,-0.5908379705846338,-1.4128345381856056,2.8816415104823703,1.2951781793615942,-0.2951781793615942,1.2676026256211643,-0.2676026256211643,0.06666666666666667,0.011866895493268553,0.2981652987378003,0.0,,0.0,0.0,unverified,Insufficient Data,Insufficient Data,Insufficient Data,Insufficient Data,Insufficient Data,False,False,,,,,,lane,RS,PA,South,North,False,False
PE>CE,16,0.0,3,0.0,13,0.0,0,0.0,16,2,0,0,16,2,16,2,0,0,0.0,0.0,0.1936076805344365,0.7248849538469819,-0.7248849538469819,-0.7248849538469819,2.372837934704002,False,False,0.6766703541801483,0.0,-0.6766703541801483,1.0,0.125,0.03497748774324047,0.36022827265758695,1.696893835290276,0.30310616470972396,-1.1372540313984285,4.066758527231115,1.381523391319034,0.6184766086809661,1.352109467329242,0.647890532670758,0.125,0.03497748774324047,0.36022827265758695,0.0,,0.0,0.0,unverified,Insufficient Data,Insufficient Data,Insufficient Data,Insufficient Data,Insufficient Data,False,False,,,,,,lane,PE,CE,Northeast,Northeast,True,True
SP>TO,151,6.0,73,0.0,78,6.0,0,0.0,150,13,5,2,145,11,144,11,6,2,0.039735099337748346,0.018336067205401298,0.08397153788529008,6.841101751930892,-0.8411017519308919,-4.072355603915296,5.838600468747909,False,False,6.267008209848705,0.9573946289987146,-0.2670082098487052,0.9933774834437086,0.08666666666666667,0.051347178274724174,0.14262822373621914,15.908379705846338,-2.908379705846338,-8.206302964637711,5.485853854586533,12.520055733828745,-1.5200557338287446,12.168985205963178,-1.1689852059631782,0.0763888888888889,0.04318732966175298,0.13160436291776428,0.03333333333333333,0.0,0.0,0.07692307692307693,inconsistent,No Signal,No Signal,No Signal,No Signal,No Signal,True,False,30.0,29.0,32.0,30.0,36.0,lane,SP,TO,Southeast,North,False,False
RS>MT,19,0.0,8,0.0,11,0.0,0,0.0,18,1,0,0,18,1,18,1,0,0,0.0,0.0,0.16817922405261626,0.860800882693291,-0.860800882693291,-0.860800882693291,2.334604374306418,False,False,0.8631284842278156,0.0,-0.8631284842278156,0.9473684210526315,0.05555555555555555,0.009875190978303097,0.25757300781872594,1.9090055647015605,-0.9090055647015605,-1.7312521270921049,2.7273085760355062,1.554213815233913,-0.5542138152339131,1.5211231507453973,-0.5211231507453973,0.05555555555555555,0.009875190978303097,0.25757300781872594,0.0,,0.0,0.0,unverified,Insufficient Data,Insufficient Data,Insufficient Data,Insufficient Data,Insufficient Data,False,False,,,,,,lane,RS,MT,South,Central-West,False,False
PR>PI,19,0.0,7,0.0,12,0.0,0,0.0,19,1,1,0,18,1,19,1,0,0,0.0,0.0,0.16817922405261626,0.860800882693291,-0.860800882693291,-0.860800882693291,2.334604374306418,False,False,0.750724476406001,0.0,-0.750724476406001,1.0,0.05263157894736842,0.009351994062300362,0.24638731166898786,2.015061429407203,-1.015061429407203,-1.837373542223496,2.6662974923035665,1.554213815233913,-0.5542138152339131,1.605629992453475,-0.6056299924534749,0.05263157894736842,0.009351994062300362,0.24638731166898786,0.05263157894736842,,0.0,0.0,unverified,Insufficient Data,Insufficient Data,Insufficient Data,Insufficient Data,Insufficient Data,False,False,,,,,,lane,PR,PI,South,Northeast,True,False
RN>RN,19,0.0,1,0.0,18,0.0,0,0.0,19,0,0,0,19,0,19,0,0,0,0.0,0.0,0.16817922405261626,0.860800882693291,-0.860800882693291,-0.860800882693291,2.334604374306418,False,False,0.9547196646119618,0.0,-0.9547196646119618,1.0,0.0,0.0,0.16817922405261626,2.015061429407203,-2.015061429407203,-2.015061429407203,1.1803438275925062,1.6405590271913528,-1.6405590271913528,1.605629992453475,-1.605629992453475,0.0,0.0,0.16817922405261626,0.0,,0.0,0.0,unverified,Insufficient Data,Insufficient Data,Insufficient Data,Insufficient Data,Insufficient Data,False,False,,,,,,lane,RN,RN,Northeast,Northeast,True,True
MG>MA,42,1.0,23,1.0,19,0.0,0,0.0,42,1,0,0,42,1,41,0,1,1,0.023809523809523808,0.004215404134432499,0.12321201573766646,1.9028230038483276,-0.9028230038483276,-1.7257760302021625,3.272081657133664,False,False,1.7335189072177575,0.5768613170795859,-0.7335189072177575,1.0,0.023809523809523808,0.004215404134432499,0.12321201573766646,4.454346317636975,-3.4543463176369746,-4.277299343990809,0.7205583433450169,3.626498902212464,-2.626498902212464,3.4647805100311824,-3.4647805100311824,0.0,0.0,0.08566757018443186,0.0,0.0,0.043478260869565216,0.0,unverified,Insufficient Data,Insufficient Data,Insufficient Data,Insufficient Data,Insufficient Data,False,False,,,,,,lane,MG,MA,Southeast,Northeast,True,False
DF>PR,21,0.0,13,0.0,8,0.0,0,0.0,21,2,0,0,21,2,21,2,0,0,0.0,0.0,0.154639018924847,0.9514115019241638,-0.9514115019241638,-0.9514115019241638,2.296007895497623,False,False,0.918576800841001,0.0,-0.918576800841001,1.0,0.09523809523809523,0.02651876743807452,0.2891413907391826,2.2271731588184873,-0.22717315881848732,-1.6702790426189225,3.844796046704347,1.813249451106232,0.18675054889376796,1.77464367586963,0.22535632413037,0.09523809523809523,0.02651876743807452,0.2891413907391826,0.0,,0.0,0.0,unverified,Insufficient Data,Insufficient Data,Insufficient Data,Insufficient Data,Insufficient Data,False,False,,,,,,lane,DF,PR,Central-West,South,False,False
RS>GO,21,0.0,17,0.0,4,0.0,0,0.0,21,4,0,0,21,4,21,4,0,0,0.0,0.0,0.154639018924847,0.9514115019241638,-0.9514115019241638,-0.9514115019241638,2.296007895497623,False,False,0.7864805625427186,0.0,-0.7864805625427186,1.0,0.19047619047619047,0.07667565052761793,0.40000564690204926,2.2271731588184873,1.7728268411815127,-0.6169844977385107,6.172945426124547,1.813249451106232,2.1867505488937677,1.77464367586963,2.22535632413037,0.19047619047619047,0.07667565052761793,0.40000564690204926,0.0,,0.0,0.0,unverified,Insufficient Data,Insufficient Data,Insufficient Data,Insufficient Data,Insufficient Data,False,False,,,,,,lane,RS,GO,South,Central-West,False,False
RJ>MA,22,0.0,5,0.0,17,0.0,0,0.0,22,0,0,0,22,0,22,0,0,0,0.0,0.0,0.14865487460862087,0.9967168115396001,-0.9967168115396001,-0.9967168115396001,2.273690429850059,False,False,0.7710407737412754,0.0,-0.7710407737412754,1.0,0.0,0.0,0.14865487460862087,2.3332290235241295,-2.3332290235241295,-2.3332290235241295,0.9371782178655296,1.8995946630636715,-1.8995946630636715,1.8591505175777077,-1.8591505175777077,0.0,0.0,0.14865487460862087,0.0,,0.0,0.0,unverified,Insufficient Data,Insufficient Data,Insufficient Data,Insufficient Data,Insufficient Data,False,False,,,,,,lane,RJ,MA,Southeast,Northeast,True,False
MG>RN,22,0.0,13,0.0,9,0.0,0,0.0,22,2,0,0,22,2,22,2,0,0,0.0,0.0,0.14865487460862087,0.9967168115396001,-0.9967168115396001,-0.9967168115396001,2.273690429850059,False,False,0.9900081412317454,0.0,-0.9900081412317454,1.0,0.09090909090909091,0.025295428990995267,0.27814946841605814,2.3332290235241295,-0.33322902352412953,-1.7767295857222336,3.786059281629149,1.8995946630636715,0.10040533693632847,1.8591505175777077,0.14084948242229234,0.09090909090909091,0.025295428990995267,0.27814946841605814,0.0,,0.0,0.0,unverified,Insufficient Data,Insufficient Data,Insufficient Data,Insufficient Data,Insufficient Data,False,False,,,,,,lane,MG,RN,Southeast,Northeast,True,False
DF>GO,24,0.0,7,0.0,17,0.0,0,0.0,24,2,0,0,24,2,24,2,0,0,0.0,1.3877787807814457e-17,0.13797620467498017,1.0873274307704728,-1.0873274307704728,-1.0873274307704726,2.2241014814290514,False,False,1.4072367363155323,0.0,-1.4072367363155323,1.0,0.08333333333333333,0.023158815297043306,0.25848802193210685,2.545340752935414,-0.545340752935414,-1.9895291858063748,3.65837177343515,2.072285086978551,-0.07228508697855096,2.0281642009938627,-0.028164200993862742,0.08333333333333333,0.023158815297043306,0.25848802193210685,0.0,,0.0,0.0,unverified,Insufficient Data,Insufficient Data,Insufficient Data,Insufficient Data,Insufficient Data,False,False,,,,,,lane,DF,GO,Central-West,Central-West,False,False
BA>RJ,69,2.0,34,1.0,35,1.0,0,0.0,68,10,1,1,67,9,66,9,2,1,0.028985507246376812,0.007985202692364197,0.09966583763065553,3.1260663634651094,-1.1260663634651094,-2.57508737769198,3.7508764330501223,False,False,2.85140214102704,0.7014093070995677,-0.85140214102704,0.9855072463768116,0.14705882352941177,0.08188817736343271,0.24997394253308772,7.211798799983673,2.788201200016327,-1.643402739270249,9.786429292266293,5.785129201148455,3.2148707988515453,5.577451552733123,3.422548447266877,0.13636363636363635,0.07343320265668933,0.2392959297167952,0.014705882352941176,0.0,0.029411764705882353,0.02857142857142857,inconsistent,Insufficient Data,Insufficient Data,Insufficient Data,Insufficient Data,Insufficient Data,False,False,,,,,,lane,BA,RJ,Northeast,Southeast,False,True
GO>GO,25,0.0,6,0.0,19,0.0,0,0.0,25,2,0,0,25,2,25,2,0,0,0.0,1.3877787807814457e-17,0.13319225093904846,1.1326327403859093,-1.1326327403859093,-1.1326327403859089,2.1971735330903024,False,False,1.627346150994132,0.0,-1.627346150994132,1.0,0.08,0.022220401284847563,0.24966108950395313,2.651396617641056,-0.6513966176410562,-2.0958865855198674,3.5901306199577725,2.1586302989359907,-0.15863029893599068,2.1126710427019404,-0.1126710427019404,0.08,0.022220401284847563,0.24966108950395313,0.0,,0.0,0.0,unverified,Insufficient Data,Insufficient Data,Insufficient Data,Insufficient Data,Insufficient Data,False,False,,,,,,lane,GO,GO,Central-West,Central-West,False,False
BA>SP,115,4.0,69,2.0,46,2.0,0,0.0,114,14,4,3,110,11,110,11,4,3,0.034782608695652174,0.013607842790201288,0.08603296386263783,5.210110605775182,-1.2101106057751823,-3.6452086849020344,4.683680238428168,False,False,5.289178539608849,0.7562611036941499,-1.2891785396088489,0.991304347826087,0.12280701754385964,0.07458120778594021,0.19562470394792278,12.090368576443216,1.9096314235567835,-3.5881108888460327,10.21084767361998,9.497973315318358,1.502026684681642,9.295752587888538,1.704247412111462,0.1,0.056760120140964467,0.17023502809756688,0.03508771929824561,0.0,0.028985507246376812,0.043478260869565216,inconsistent,No Signal,No Signal,No Signal,No Signal,No Signal,True,False,31.0,25.0,39.0,41.0,29.0,lane,BA,SP,Northeast,Southeast,False,True
RJ>DF,71,2.0,17,0.0,54,2.0,0,0.0,71,5,2,2,69,3,69,3,2,2,0.028169014084507043,0.007759263582683522,0.0970150011664947,3.2166769826959825,-1.2166769826959825,-2.665769268325452,3.671388100125141,False,False,3.596338742290527,0.5561211396694488,-1.596338742290527,1.0,0.07042253521126761,0.030453602439710924,0.15449013113789908,7.5299663941006,-2.5299663941006,-5.367760620881125,3.438832916690235,5.957819625063333,-2.9578196250633333,5.830972077857356,-2.830972077857356,0.043478260869565216,0.014895903896212308,0.12021202749379145,0.028169014084507043,0.0,0.0,0.037037037037037035,unverified,Insufficient Data,Insufficient Data,Insufficient Data,Insufficient Data,Insufficient Data,False,False,,,,,,lane,RJ,DF,Southeast,Central-West,False,False
SP>AC,49,1.0,32,0.0,17,1.0,0,0.0,49,8,3,2,46,6,48,7,1,1,0.02040816326530612,0.0036116725898252405,0.10693521523391616,2.2199601711563823,-1.2199601711563823,-2.0429882142549456,3.01986537530551,False,False,1.893590270044983,0.5280973481006769,-0.8935902700449829,1.0,0.16326530612244897,0.08512698370728837,0.2903633843391683,5.196737370576471,2.8032626294235294,-1.0255151689193402,9.031068462042777,3.9718797500422225,2.0281202499577775,4.0563284019877255,2.9436715980122745,0.14583333333333334,0.07248249326603709,0.27167176524746284,0.061224489795918366,0.0,0.0,0.058823529411764705,unverified,Insufficient Data,Insufficient Data,Insufficient Data,Insufficient Data,Insufficient Data,False,False,,,,,,lane,SP,AC,Southeast,North,False,False
PE>RJ,27,0.0,2,0.0,25,0.0,0,0.0,27,3,0,0,27,3,27,3,0,0,0.0,0.0,0.12455502974186705,1.223243359616782,-1.223243359616782,-1.223243359616782,2.1397424434136285,False,False,0.9533724318881434,0.0,-0.9533724318881434,1.0,0.1111111111111111,0.038520348283098374,0.2805780081827982,2.863508347052341,0.13649165294765897,-1.8234589434086848,4.71209787388321,2.3313207228508697,0.6686792771491303,2.2816847261180957,0.7183152738819043,0.1111111111111111,0.038520348283098374,0.2805780081827982,0.0,,0.0,0.0,unverified,Insufficient Data,Insufficient Data,Insufficient Data,Insufficient Data,Insufficient Data,False,False,,,,,,lane,PE,RJ,Northeast,Southeast,False,True
MG>MS,52,1.0,31,0.0,21,1.0,0,0.0,52,4,0,0,52,4,51,4,1,0,0.019230769230769232,0.0034028080709451597,0.10120511127892247,2.3558761000026913,-1.3558761000026913,-2.1789300803135427,2.906789686501277,False,False,2.042779193977303,0.48952916837428434,-1.042779193977303,1.0,0.07692307692307693,0.030319345184930124,0.1817356238429534,5.514904964693397,-1.5149049646933967,-3.9382990150770305,3.935347475140179,4.48995102178686,-0.4899510217868599,4.309848927111958,-0.30984892711195844,0.0784313725490196,0.03092219678848919,0.18499946312595889,0.0,0.0,0.0,0.047619047619047616,unverified,Insufficient Data,Insufficient Data,Insufficient Data,Insufficient Data,Insufficient Data,False,False,,,,,,lane,MG,MS,Southeast,Central-West,False,False
RJ>GO,77,2.0,28,1.0,49,1.0,0,0.0,75,7,0,0,75,7,73,7,2,0,0.025974025974025976,0.007152159807893181,0.08984582779753134,3.4885088403886004,-1.4885088403886004,-2.9377925351808254,3.4296199000213123,False,False,3.21075816046129,0.6229058372034659,-1.2107581604612898,0.974025974025974,0.09333333333333334,0.04594852339060043,0.18034686849541504,7.954189852923169,-0.9541898529231689,-4.508050598628136,5.5718252842329585,6.475890896807972,0.5241091031920284,6.168999444689667,0.8310005553103332,0.0958904109589041,0.04722895459680575,0.18495636690166184,0.0,0.0,0.03571428571428571,0.02040816326530612,unverified,Insufficient Data,Insufficient Data,Insufficient Data,Insufficient Data,Insufficient Data,False,False,,,,,,lane,RJ,GO,Southeast,Central-West,False,False
MG>GO,122,4.0,67,2.0,55,2.0,0,0.0,121,16,4,4,117,12,117,12,4,4,0.03278688524590164,0.012822598471338105,0.08127563379380506,5.5272477730832374,-1.5272477730832374,-3.9628907595799885,4.38837954976098,False,False,4.954359401334357,0.8073697679103943,-0.954359401334357,0.9918032786885246,0.1322314049586777,0.08305917829459442,0.2040366243279309,12.832759629382712,3.1672403706172876,-2.7825990557367883,11.855671914296927,10.102389799020436,1.897610200979564,9.887300479845083,2.1126995201549175,0.10256410256410256,0.05964962202773447,0.17074695785802796,0.03305785123966942,0.0,0.029850746268656716,0.03636363636363636,inconsistent,No Signal,No Signal,No Signal,No Signal,No Signal,True,False,32.0,28.0,41.0,36.0,25.0,lane,MG,GO,Southeast,Central-West,False,False
ES>MG,35,0.0,24,0.0,11,0.0,0,0.0,33,5,0,0,33,5,33,5,0,0,0.0,6.938893903907228e-18,0.09890099232440402,1.585685836540273,-1.585685836540273,-1.5856858365402726,1.8758488948138679,False,False,1.275646960598802,0.0,-1.275646960598802,0.9428571428571428,0.15151515151515152,0.06650457281607568,0.3091987588044212,3.4998435352861943,1.5001564647138057,-1.305192632355697,6.703715505259705,2.8493919945955075,2.1506080054044925,2.7887257763665616,2.2112742236334384,0.15151515151515152,0.06650457281607568,0.3091987588044212,0.0,,0.0,0.0,unverified,Insufficient Data,Insufficient Data,Insufficient Data,Insufficient Data,Insufficient Data,False,False,,,,,,lane,ES,MG,Southeast,Southeast,False,False
PR>GO,58,1.0,25,0.0,33,1.0,0,0.0,56,6,1,1,55,5,55,5,1,1,0.017241379310344827,0.0030500384460675004,0.09140858093468013,2.6277079576953093,-1.6277079576953093,-2.4508057278233943,2.673989736516138,False,False,2.6489071030015965,0.37751418268570264,-1.6489071030015965,0.9655172413793104,0.10714285714285714,0.05003935571117074,0.21468445171071482,5.9391284235159665,0.06087157648403352,-3.1369245036904045,6.083200872284063,4.748986657659179,0.25101334234082096,4.647876293944269,0.35212370605573096,0.09090909090909091,0.03945815507418035,0.1957749458397994,0.017857142857142856,0.0,0.0,0.030303030303030304,unverified,Insufficient Data,Insufficient Data,Insufficient Data,Insufficient Data,Insufficient Data,False,False,,,,,,lane,PR,GO,South,Central-West,False,False
RJ>PR,147,5.0,43,1.0,104,4.0,0,0.0,146,21,4,2,142,19,142,19,4,2,0.034013605442176874,0.014614424794915794,0.07714720976437026,6.659880513469147,-1.6598805134691466,-4.511560068616525,4.680759321893281,False,False,6.403868955735816,0.780778000699343,-1.403868955735816,0.9931972789115646,0.14383561643835616,0.0960414154239858,0.20989166332126136,15.484156247023769,5.515843752976231,-1.4621095951218428,15.160026597880389,12.261020097956425,6.7389799020435746,11.999971522547023,7.000028477452977,0.13380281690140844,0.08736073902500471,0.19953613624649416,0.0273972602739726,0.0,0.023255813953488372,0.038461538461538464,inconsistent,No Signal,No Signal,No Signal,No Signal,No Signal,True,False,33.0,31.0,40.0,37.0,19.0,lane,RJ,PR,Southeast,South,False,False
PE>MG,37,0.0,2,0.0,35,0.0,0,0.0,37,2,0,0,37,2,37,2,0,0,0.0,0.0,0.09405782583720251,1.6762964557711457,-1.6762964557711457,-1.6762964557711457,1.8038431002053472,False,False,1.4289007641866287,0.0,-1.4289007641866287,1.0,0.05405405405405406,0.014950976833157673,0.17704654350813104,3.924066994108763,-1.9240669941087631,-3.3708808512819295,2.626655115692085,3.194772842425266,-1.194772842425266,3.126753143198872,-1.1267531431988722,0.05405405405405406,0.014950976833157673,0.17704654350813104,0.0,,0.0,0.0,unverified,Insufficient Data,Insufficient Data,Insufficient Data,Insufficient Data,Insufficient Data,False,False,,,,,,lane,PE,MG,Northeast,Southeast,False,True
BA>MG,41,0.0,25,0.0,16,0.0,0,0.0,41,5,0,0,41,5,41,5,0,0,0.0,0.0,0.08566757018443186,1.8575176942328913,-1.8575176942328913,-1.8575176942328913,1.6548526833288149,False,False,1.7235996093844608,0.0,-1.7235996093844608,1.0,0.12195121951219512,0.053233364685777176,0.25544211520976884,4.348290452931332,0.651709547068668,-2.1657225008144683,6.1248362706691895,3.5401536902550244,1.4598463097449756,3.4647805100311824,1.5352194899688176,0.12195121951219512,0.053233364685777176,0.25544211520976884,0.0,,0.0,0.0,unverified,Insufficient Data,Insufficient Data,Insufficient Data,Insufficient Data,Insufficient Data,False,False,,,,,,lane,BA,MG,Northeast,Southeast,False,True
PR>SC,284,11.0,107,6.0,177,5.0,0,0.0,282,24,10,6,272,18,272,18,10,6,0.03873239436619718,0.02176288678780715,0.06801382198294575,12.86670793078393,-1.8667079307839298,-6.686048083046698,6.449217512372665,False,False,14.152855260557256,0.777228325838675,-3.1528552605572564,0.9929577464788732,0.0851063829787234,0.05785683390002339,0.12350754562203126,29.907753846991117,-5.907753846991117,-13.59212668718452,4.921374018421699,23.485897652423578,-5.485897652423578,22.985860944597114,-4.985860944597114,0.0661764705882353,0.04226627986203255,0.10216979943883994,0.03546099290780142,0.0,0.056074766355140186,0.02824858757062147,inconsistent,No Signal,No Signal,No Signal,No Signal,No Signal,True,False,34.0,38.0,34.0,39.0,43.0,lane,PR,SC,South,South,False,False
GO>RJ,43,0.0,17,0.0,26,0.0,0,0.0,42,4,0,0,42,4,42,4,0,0,0.0,0.0,0.08200980322579117,1.948128313463764,-1.948128313463764,-1.948128313463764,1.5782932252452564,False,False,1.9943270489765241,0.0,-1.9943270489765241,0.9767441860465116,0.09523809523809523,0.03766224880557388,0.22065105808571023,4.454346317636975,-0.45434631763697464,-2.8725318678028717,4.812998121962855,3.626498902212464,0.37350109778753593,3.54928735173926,0.45071264826074,0.09523809523809523,0.03766224880557388,0.22065105808571023,0.0,,0.0,0.0,unverified,Insufficient Data,Insufficient Data,Insufficient Data,Insufficient Data,Insufficient Data,False,False,,,,,,lane,GO,RJ,Central-West,Southeast,False,False
SC>MG,331,13.0,144,2.0,187,11.0,0,0.0,328,42,9,8,319,34,315,35,13,7,0.03927492447129909,0.023093813087061488,0.06602734570192251,14.996057482709439,-1.996057482709439,-7.352005350892086,6.858993944626912,False,False,13.230132160411657,0.9826054526423947,-0.23013216041165663,0.9909365558912386,0.12804878048780488,0.09614616722234492,0.16856294758466905,34.786323623450656,7.213676376549344,-3.2503807745215236,20.50232318432079,27.544122614423237,6.455877385576763,26.61965513804445,8.38034486195555,0.1111111111111111,0.08098420917970255,0.15060881857087022,0.027439024390243903,0.0,0.013888888888888888,0.058823529411764705,inconsistent,No Signal,No Signal,No Signal,No Signal,No Signal,True,False,35.0,40.0,33.0,29.0,16.0,lane,SC,MG,South,Southeast,False,False
RJ>ES,72,1.0,25,1.0,47,0.0,0,0.0,72,2,1,1,71,1,71,1,1,1,0.013888888888888888,0.002455951882905767,0.07456602147476155,3.261982292311419,-2.261982292311419,-3.0851537567422036,2.1067712538714125,False,False,3.2450647700774318,0.30816025899419525,-2.2450647700774318,1.0,0.027777777777777776,0.007651021904494577,0.09574175221438225,7.636022258806242,-5.636022258806242,-7.085148681682632,-0.7426160993707204,6.130510048978213,-5.130510048978213,5.9999857612735115,-4.9999857612735115,0.014084507042253521,0.002490603270544213,0.07556050520249005,0.013888888888888888,0.0,0.04,0.0,unverified,Insufficient Data,Insufficient Data,Insufficient Data,Insufficient Data,Insufficient Data,False,False,,,,,,lane,RJ,ES,Southeast,Southeast,False,False
SC>DF,55,0.0,32,0.0,23,0.0,0,0.0,55,4,0,0,55,4,55,4,0,0,0.0,0.0,0.06528490111708637,2.4917920288490003,-2.4917920288490003,-2.4917920288490003,1.0988775325907503,False,False,2.1924394830947094,0.0,-2.1924394830947094,1.0,0.07272727272727272,0.02864406023304053,0.17259940072156052,5.833072558810324,-1.8330725588103238,-4.257649245993095,3.6598944808755047,4.748986657659179,-0.748986657659179,4.647876293944269,-0.647876293944269,0.07272727272727272,0.02864406023304053,0.17259940072156052,0.0,,0.0,0.0,unverified,Insufficient Data,Insufficient Data,Insufficient Data,Insufficient Data,Insufficient Data,False,False,,,,,,lane,SC,DF,South,Central-West,False,False
DF>MG,78,1.0,43,0.0,35,1.0,0,0.0,78,13,1,0,77,13,77,12,1,1,0.01282051282051282,0.0022667317538337325,0.06910857001702223,3.5338141500040368,-2.5338141500040368,-3.3570090732050057,1.8566543113236966,False,False,3.7800995803091513,0.2645432954224492,-2.7800995803091513,1.0,0.16666666666666666,0.10006945416721649,0.26455575230757966,8.272357447040095,4.727642552959905,-0.4669400219972093,12.362991232951117,6.648581320722851,6.351418679277149,6.507026811521977,5.492973188478023,0.15584415584415584,0.09145872222481814,0.2529370769955585,0.01282051282051282,0.0,0.0,0.02857142857142857,inconsistent,Insufficient Data,Insufficient Data,Insufficient Data,Insufficient Data,Insufficient Data,False,False,,,,,,lane,DF,MG,Central-West,Southeast,False,False
PE>SP,66,0.0,5,0.0,61,0.0,0,0.0,66,6,0,0,66,6,66,6,0,0,0.0,0.0,0.05500255701354129,2.9901504346188004,-2.9901504346188004,-2.9901504346188004,0.6400183282749244,False,False,3.410459540533328,0.0,-3.410459540533328,1.0,0.09090909090909091,0.04233297507051134,0.18448729884965878,6.999687070572389,-0.9996870705723886,-4.20571071591864,5.176474653505091,5.698783989191015,0.30121601080898497,5.577451552733123,0.4225484472668768,0.09090909090909091,0.04233297507051134,0.18448729884965878,0.0,,0.0,0.0,unverified,Insufficient Data,Insufficient Data,Insufficient Data,Insufficient Data,Insufficient Data,False,False,,,,,,lane,PE,SP,Northeast,Southeast,False,True
GO>MG,72,0.0,28,0.0,44,0.0,0,0.0,72,6,0,0,72,6,72,6,0,0,0.0,0.0,0.05065117259645781,3.261982292311419,-3.261982292311419,-3.261982292311419,0.3849021346335435,False,False,3.539074642505873,0.0,-3.539074642505873,1.0,0.08333333333333333,0.038752424956949666,0.17012355220676517,7.636022258806242,-1.6360222588062419,-4.845847661905866,4.61287350008085,6.216855260935652,-0.21685526093565244,6.084492602981589,-0.08449260298158912,0.08333333333333333,0.038752424956949666,0.17012355220676517,0.0,,0.0,0.0,unverified,Insufficient Data,Insufficient Data,Insufficient Data,Insufficient Data,Insufficient Data,False,False,,,,,,lane,GO,MG,Central-West,Southeast,False,False
PR>DF,97,1.0,33,1.0,64,0.0,0,0.0,97,6,2,0,95,6,96,6,1,0,0.010309278350515464,0.0018221648082868518,0.05610499024289903,4.394615032697328,-3.3946150326973283,-4.217865046293503,1.0475690208638777,False,False,4.56617232474993,0.21900180914761377,-3.56617232474993,1.0,0.061855670103092786,0.028654885715718267,0.1284378319616586,10.2874188764473,-4.287418876447299,-7.507894962022626,2.1710508238335846,8.202795135956764,-2.202795135956764,8.112656803975451,-2.112656803975451,0.0625,0.028956674311051346,0.12970946506441489,0.020618556701030927,0.0,0.030303030303030304,0.0,inconsistent,Insufficient Data,Insufficient Data,Insufficient Data,Insufficient Data,Insufficient Data,False,False,,,,,,lane,PR,DF,South,Central-West,False,False
SP>RO,142,3.0,72,2.0,70,1.0,0,0.0,141,12,2,2,139,10,138,10,3,2,0.02112676056338028,0.007210620362483801,0.060269908838707066,6.433353965391965,-3.433353965391965,-5.409445873919265,2.1249730897044388,False,False,5.626966876955338,0.5331469094453337,-2.626966876955338,0.9929577464788732,0.0851063829787234,0.049353746803088794,0.14286648521736015,14.953876923495558,-2.9538769234955584,-7.994998624260037,5.190297492152223,12.001984462084106,-2.0019844620841063,11.661944155714712,-1.6619441557147123,0.07246376811594203,0.039834286943926704,0.1282509754251864,0.014184397163120567,0.0,0.027777777777777776,0.014285714285714285,inconsistent,No Signal,No Signal,No Signal,No Signal,No Signal,True,False,36.0,34.0,54.0,50.0,37.0,lane,SP,RO,Southeast,North,False,False
MG>RS,211,6.0,126,2.0,85,4.0,0,0.0,210,15,5,3,205,12,204,12,6,3,0.02843601895734597,0.013096274109495307,0.06063930238328649,9.559420328857074,-3.5594203288570743,-6.796106491753564,3.2354724740163756,False,False,8.453122699239655,0.7097968660196652,-2.453122699239655,0.995260663507109,0.07142857142857142,0.04376128147898465,0.11449361917182957,22.271731588184874,-7.271731588184874,-13.081862477598097,1.7719284378993365,17.70076845127512,-5.70076845127512,17.239395708447834,-5.239395708447834,0.058823529411764705,0.03396627690998608,0.09998899350944015,0.023809523809523808,0.0,0.015873015873015872,0.047058823529411764,inconsistent,No Signal,No Signal,No Signal,No Signal,No Signal,True,False,37.0,39.0,46.0,42.0,44.0,lane,MG,RS,Southeast,South,False,False
SP>AM,80,0.0,39,0.0,41,0.0,0,0.0,80,11,1,0,79,11,80,11,0,0,0.0,0.0,0.0458181295355271,3.62442476923491,-3.62442476923491,-3.62442476923491,0.04102559360725844,False,False,2.7672887250496054,0.0,-2.7672887250496054,1.0,0.1375,0.07854714324339108,0.22967100066986607,8.48446917645138,2.5155308235486196,-2.2006977169800934,9.889210877137906,6.82127174463773,4.17872825536227,6.76054733664621,4.23945266335379,0.1375,0.07854714324339108,0.22967100066986607,0.0125,,0.0,0.0,inconsistent,Insufficient Data,Insufficient Data,Insufficient Data,Insufficient Data,Insufficient Data,False,False,,,,,,lane,SP,AM,Southeast,North,False,False
MG>DF,148,3.0,73,3.0,75,0.0,0,0.0,146,10,3,2,143,8,143,8,3,2,0.02027027027027027,0.006917294269242244,0.057896748595794134,6.705185823084583,-3.705185823084583,-5.681426271236731,1.863532969092949,False,False,6.340481959271176,0.4731501515611667,-3.340481959271176,0.9864864864864865,0.0684931506849315,0.037626454370113936,0.12148477564816626,15.484156247023769,-5.484156247023769,-9.990693908987135,2.252620997608505,12.347365309913865,-4.347365309913865,12.0844783642551,-4.0844783642551,0.055944055944055944,0.028617235305217863,0.1065044052726126,0.02054794520547945,0.0,0.0410958904109589,0.0,inconsistent,No Signal,No Signal,No Signal,No Signal,No Signal,True,False,38.0,35.0,56.0,53.0,42.0,lane,MG,DF,Southeast,Central-West,False,False
GO>SP,104,1.0,43,0.0,61,1.0,0,0.0,104,6,1,0,103,6,103,6,1,0,0.009615384615384616,0.0016993728496512567,0.05246772470794581,4.711752200005383,-3.7117522000053826,-4.535017423641651,0.7448911696209821,False,False,5.302353104682665,0.18859551226734983,-4.302353104682665,1.0,0.057692307692307696,0.026706545635334457,0.12018926784798839,11.029809929386793,-5.0298099293867935,-8.25232918331201,1.4698739268039982,8.89355683161628,-2.89355683161628,8.704204695931995,-2.7042046959319954,0.05825242718446602,0.02696849732835717,0.12130221139792423,0.009615384615384616,0.0,0.0,0.01639344262295082,inconsistent,No Signal,No Signal,No Signal,No Signal,No Signal,True,False,39.0,32.0,59.0,59.0,40.0,lane,GO,SP,Central-West,Southeast,False,False
RS>RS,243,7.0,101,1.0,142,6.0,0,0.0,243,9,9,2,234,7,236,7,7,2,0.02880658436213992,0.014022572831742262,0.058256447499498674,11.009190236551039,-4.009190236551039,-7.601705038437668,3.14712650582714,False,False,11.098572509441317,0.6307117418970098,-4.098572509441317,1.0,0.037037037037037035,0.01960553730552222,0.06887821629504201,25.771575123471067,-16.771575123471067,-21.007429558229166,-9.034168563775859,20.204779598040872,-13.204779598040872,19.94361464310632,-12.943614643106319,0.029661016949152543,0.014440610120900643,0.05994794183513308,0.037037037037037035,0.0,0.009900990099009901,0.04225352112676056,inconsistent,No Signal,No Signal,No Signal,No Signal,No Signal,True,False,40.0,42.0,45.0,46.0,53.0,lane,RS,RS,South,South,False,False
RJ>SP,1000,41.0,294,7.0,706,34.0,0,0.0,990,96,25,17,965,79,950,75,40,21,0.041,0.030364971082098315,0.0551479932076413,45.30530961543637,-4.3053096154363715,-14.940338533338055,9.84268359220493,False,False,48.94865430419407,0.8376124039121335,-7.948654304194072,0.99,0.09696969696969697,0.08006418239617871,0.11699084794345138,104.99530605858583,-8.995306058585825,-25.731765486368904,10.825633405431038,83.32312953892924,-4.323129538929237,80.28149962267375,-5.281499622673749,0.07894736842105263,0.06344648753819798,0.09783970672190459,0.025252525252525252,0.0,0.023809523809523808,0.04815864022662889,inconsistent,No Signal,No Signal,No Signal,No Signal,No Signal,True,False,41.0,48.0,30.0,35.0,47.0,lane,RJ,SP,Southeast,Southeast,False,False
RS>SC,97,0.0,46,0.0,51,0.0,0,0.0,97,4,0,0,97,4,97,4,0,0,0.0,0.0,0.03809404252594769,4.394615032697328,-4.394615032697328,-4.394615032697328,-0.6994929076804021,False,True,4.177654381012197,0.0,-4.177654381012197,1.0,0.041237113402061855,0.016151236586163194,0.10127525604073725,10.2874188764473,-6.287418876447299,-8.720748927589469,-0.4637190404957848,8.375485559871644,-4.375485559871644,8.19716364568353,-4.1971636456835295,0.041237113402061855,0.016151236586163194,0.10127525604073725,0.0,,0.0,0.0,inconsistent,Insufficient Data,Insufficient Data,Insufficient Data,Insufficient Data,Insufficient Data,False,False,,,,,,lane,RS,SC,South,South,False,False
SC>PR,214,5.0,101,2.0,113,3.0,0,0.0,214,15,3,2,211,13,209,13,5,2,0.02336448598130841,0.010020251388798557,0.0535188880184851,9.695336257703383,-4.695336257703383,-7.551002460500492,1.7577057782524288,False,False,9.900027973544889,0.5050490779784794,-4.900027973544889,1.0,0.07009345794392523,0.04293439735745308,0.11241463034323412,22.69595504700744,-7.695955047007441,-13.507994012512484,1.3607758464446602,18.21883972301976,-5.218839723019759,17.661929916988225,-4.661929916988225,0.06220095693779904,0.03670738070939712,0.10349772306145104,0.014018691588785047,0.0,0.019801980198019802,0.02654867256637168,inconsistent,No Signal,No Signal,No Signal,No Signal,No Signal,True,False,42.0,41.0,50.0,51.0,46.0,lane,SC,PR,South,South,False,False
SP>GO,1067,43.0,448,15.0,619,28.0,0,0.0,1055,125,28,22,1027,103,1014,98,41,27,0.04029990627928772,0.03005520626585991,0.05384279570320424,48.340765359670606,-5.3407653596706055,-16.271860273998083,9.109497655648314,False,False,49.15415872856108,0.8747988189047126,-6.154158728561079,0.9887535145267105,0.11848341232227488,0.1003524037598386,0.1393826922793882,111.88893726445258,13.11106273554742,-6.017151297822852,35.159803090301985,88.67653268029049,14.323467319709508,85.6899374919907,12.310062508009295,0.09664694280078895,0.07995326035322844,0.11638523331771836,0.026540284360189573,0.0,0.033482142857142856,0.045234248788368334,inconsistent,No Signal,No Signal,No Signal,No Signal,No Signal,True,False,43.0,50.0,31.0,34.0,11.0,lane,SP,GO,Southeast,Central-West,False,False
DF>SP,231,5.0,100,1.0,131,4.0,0,0.0,230,28,5,3,225,25,225,25,5,3,0.021645021645021644,0.009280057056677206,0.04965953091131587,10.4655265211658,-5.465526521165801,-8.321833341073367,1.0058251193481644,False,False,11.41086690414876,0.4381788028902608,-6.41086690414876,0.9956709956709957,0.12173913043478261,0.08558522702553813,0.17032088612687596,24.392848882297717,3.6071511177022835,-4.708246666423949,14.780954926883753,19.427672690423915,5.572327309576085,19.014039384317464,5.9859606156825365,0.1111111111111111,0.0764015240621393,0.15887690449778757,0.021739130434782608,0.0,0.01,0.030534351145038167,inconsistent,No Signal,No Signal,No Signal,No Signal,No Signal,True,False,44.0,43.0,51.0,56.0,23.0,lane,DF,SP,Central-West,Southeast,False,False
RS>MG,148,1.0,59,1.0,89,0.0,0,0.0,147,5,0,0,147,5,146,4,1,1,0.006756756756756757,0.0011937308904065753,0.03727704557646182,6.705185823084583,-5.705185823084583,-6.52851365130441,-1.1881830777682338,False,True,6.589744058202024,0.15175096197481827,-5.589744058202024,0.9932432432432432,0.034013605442176874,0.014614424794915794,0.07714720976437026,15.59021211172941,-10.59021211172941,-13.441891666876788,-4.249572276366983,12.692746157743624,-7.692746157743624,12.337998889379334,-8.337998889379334,0.0273972602739726,0.01070472314747331,0.0683218621106431,0.0,0.0,0.01694915254237288,0.0,inconsistent,No Signal,No Signal,No Signal,No Signal,No Signal,True,False,45.0,37.0,61.0,61.0,49.0,lane,RS,MG,South,Southeast,False,False
PR>RS,421,13.0,164,2.0,257,11.0,0,0.0,418,30,9,7,409,23,405,23,13,7,0.030878859857482184,0.018133020363854394,0.05210837957750307,19.073535348098712,-6.073535348098712,-11.439533774916011,2.8640924540300805,False,False,19.107218231074796,0.6803711478449336,-6.107218231074796,0.9928741092636579,0.07177033492822966,0.05073264799991474,0.10060728667405071,44.331351446958465,-14.331351446958465,-23.1251045829941,-2.2775056172052657,35.315191690592805,-12.315191690592805,34.22527089177144,-11.225270891771437,0.056790123456790124,0.03813703868761635,0.08377197456280629,0.0215311004784689,0.0,0.012195121951219513,0.042801556420233464,inconsistent,No Signal,No Signal,No Signal,No Signal,No Signal,True,False,46.0,44.0,42.0,43.0,52.0,lane,PR,RS,South,South,False,False
RJ>MG,402,11.0,124,1.0,278,10.0,0,0.0,400,38,8,3,392,35,389,34,11,4,0.02736318407960199,0.015346563767305602,0.04832721390879724,18.212734465405422,-7.212734465405422,-12.04341583094857,1.2148055259310695,False,False,18.87123571562046,0.5828977055749915,-7.871235715620461,0.9950248756218906,0.095,0.06999661149327467,0.12770834691750552,42.4223458822569,-4.422345882256899,-14.423701284947033,8.660992884745305,33.84732308731633,1.152676912683667,32.873161424442195,1.1268385755578052,0.08740359897172237,0.0632200751996832,0.11965639368514741,0.02,0.0,0.008064516129032258,0.03597122302158273,inconsistent,No Signal,No Signal,No Signal,No Signal,No Signal,True,False,47.0,45.0,47.0,48.0,39.0,lane,RJ,MG,Southeast,Southeast,False,False
SC>SP,1021,38.0,468,14.0,553,24.0,0,0.0,1016,118,31,24,985,94,978,92,38,26,0.03721841332027424,0.02723453510004109,0.05067162114833054,46.256721117360534,-8.256721117360534,-18.45026078021858,5.47900407508495,False,False,43.079081918672074,0.8820986499141104,-5.079081918672074,0.9951028403525954,0.11614173228346457,0.0978707429738768,0.1373044960265436,107.75275854093253,10.247241459067467,-8.316083679473705,31.748609422035766,85.05003377807803,8.949966221921969,82.64769119049991,9.352308809500087,0.09406952965235174,0.07732885616435686,0.11398661247180522,0.03051181102362205,0.0,0.029914529914529916,0.0433996383363472,inconsistent,No Signal,No Signal,No Signal,No Signal,No Signal,True,False,48.0,51.0,36.0,33.0,12.0,lane,SC,SP,South,Southeast,False,False
PR>PR,542,16.0,203,3.0,339,13.0,0,0.0,536,31,9,2,527,29,520,28,16,3,0.02952029520295203,0.01825109442348656,0.04741166944595386,24.55547781156651,-8.555477811566512,-14.663384634036797,1.1416470281404796,False,False,26.228844746168257,0.6100154297622057,-10.228844746168257,0.988929889298893,0.05783582089552239,0.041041022435331184,0.08092341313159897,56.84594348222425,-25.84594348222425,-34.84795545688673,-13.4709940436872,45.50392670157068,-16.503926701570677,43.943557688200364,-15.943557688200364,0.05384615384615385,0.037514097823662926,0.07672172260073247,0.016791044776119403,0.0,0.014778325123152709,0.038348082595870206,inconsistent,No Signal,No Signal,No Signal,No Signal,No Signal,True,False,49.0,47.0,44.0,47.0,56.0,lane,PR,PR,South,South,False,False
SP>MT,501,13.0,204,7.0,297,6.0,0,0.0,495,51,10,5,485,46,483,46,12,5,0.02594810379241517,0.015225808952782005,0.04388474605275092,22.697960117333622,-9.697960117333622,-15.069829831989836,-0.7117023449054122,False,True,20.548932854649365,0.632636258629783,-7.548932854649365,0.9880239520958084,0.10303030303030303,0.07923561744795952,0.1329389260851959,52.49765302929291,-1.4976530292929127,-13.27602239255295,13.30711538287905,41.877427799358216,4.122572200641784,40.81680454500149,5.183195454998511,0.09523809523809523,0.07216188139615591,0.1247019170421627,0.020202020202020204,0.0,0.03431372549019608,0.020202020202020204,inconsistent,No Signal,No Signal,No Signal,No Signal,No Signal,True,False,50.0,49.0,49.0,45.0,33.0,lane,SP,MT,Southeast,Central-West,False,False
SP>DF,1046,37.0,378,7.0,668,30.0,0,0.0,1028,126,30,23,998,103,991,99,37,27,0.03537284894837476,0.02577055942125148,0.048375358675881816,47.38935385774644,-10.389353857746443,-20.433348703117396,3.211271317225936,False,False,48.49406806355992,0.7629799164612269,-11.494068063559922,0.982791586998088,0.122568093385214,0.10391442721417277,0.14403205393720375,109.02542891740023,16.974571082599766,-2.2013977412306316,39.03952253004522,86.17252153352474,16.827478466475256,83.74628013270492,15.253719867295075,0.09989909182643794,0.08274646332604986,0.12014160193407829,0.029182879377431907,0.0,0.018518518518518517,0.04491017964071856,inconsistent,No Signal,No Signal,No Signal,No Signal,No Signal,True,False,51.0,52.0,38.0,40.0,8.0,lane,SP,DF,Southeast,Central-West,False,False
MG>PR,289,2.0,135,0.0,154,2.0,0,0.0,289,23,4,1,285,22,287,22,2,1,0.006920415224913495,0.0018998835371339309,0.02487726356584996,13.093234478861111,-11.093234478861111,-12.544168136629404,-5.903705308330473,False,True,11.709861529712235,0.1707962126559108,-9.709861529712235,1.0,0.07958477508650519,0.05361460763985612,0.11658485462689855,30.650144899930613,-7.650144899930613,-15.155523292012193,3.0428780872430696,24.60838540787029,-2.6083854078702906,24.25346357021828,-2.2534635702182797,0.07665505226480836,0.051164132936143455,0.11332912402482072,0.01384083044982699,0.0,0.0,0.012987012987012988,inconsistent,No Signal,No Signal,No Signal,No Signal,No Signal,True,False,52.0,46.0,60.0,60.0,45.0,lane,MG,PR,Southeast,South,False,False
PR>MG,574,9.0,225,1.0,349,8.0,0,0.0,570,50,9,5,561,45,561,47,9,3,0.0156794425087108,0.008270518675990643,0.029527840177093298,26.005247719260478,-17.005247719260478,-21.257969999241848,-9.056267457608923,False,True,24.22374062830992,0.37153634271834285,-15.223740628309919,0.9930313588850174,0.08771929824561403,0.06716989250725948,0.11378855381012488,60.451842882216084,-10.451842882216084,-22.16500415307818,4.4076327895551,48.43966390812363,-3.4396639081236273,47.40833819823155,-0.40833819823154727,0.08377896613190731,0.06358675958047039,0.10963257000799981,0.015789473684210527,0.0,0.0044444444444444444,0.022922636103151862,inconsistent,No Signal,No Signal,No Signal,No Signal,No Signal,True,False,53.0,53.0,57.0,57.0,48.0,lane,PR,MG,South,Southeast,False,False
RS>SP,553,7.0,221,3.0,332,4.0,0,0.0,550,38,4,3,546,35,543,34,7,4,0.012658227848101266,0.006144884954024477,0.025895579235692346,25.05383621733631,-18.05383621733631,-21.65571483776078,-10.733580899998445,False,True,23.132492160938856,0.30260466322863755,-16.132492160938856,0.9945750452079566,0.06909090909090909,0.05074804477195992,0.09341136682337671,58.33072558810324,-20.330725588103242,-30.419300963525284,-6.9544738352460485,47.144485728762035,-12.144485728762035,45.88721504748615,-11.887215047486151,0.06261510128913444,0.045150899142964995,0.08622439741122423,0.007272727272727273,0.0,0.013574660633484163,0.012048192771084338,inconsistent,No Signal,No Signal,No Signal,No Signal,No Signal,True,False,54.0,54.0,58.0,58.0,54.0,lane,RS,SP,South,Southeast,False,False
SP>RS,2743,99.0,1278,41.0,1465,58.0,0,0.0,2721,277,76,45,2645,232,2626,224,95,53,0.03609187021509296,0.029735384660537382,0.04374590716012381,124.27246427514197,-25.27246427514197,-42.708304151287926,-4.2774409349223514,False,True,106.31338478740695,0.9312091812142809,-7.313384787406946,0.991979584396646,0.1018008085262771,0.09099456414418527,0.11372980872341149,288.57800786405255,-11.578007864052552,-40.98179882772444,20.88080167235008,228.3830856274278,3.616914372572211,221.91496632541183,2.085033674588175,0.0853008377760853,0.07521365738286497,0.09659953588214444,0.02793090775450202,0.0,0.032081377151799685,0.039590443686006824,inconsistent,No Signal,No Signal,No Signal,No Signal,No Signal,True,False,55.0,56.0,37.0,31.0,50.0,lane,SP,RS,Southeast,South,False,False
MG>MG,1210,26.0,507,15.0,703,11.0,0,0.0,1203,95,19,14,1184,81,1177,78,26,17,0.021487603305785124,0.014705322702434825,0.0312985919067653,54.81942463467801,-28.819424634678008,-37.02598416473187,-16.94812842749199,False,True,56.32445554824943,0.4616112086112847,-30.324455548249432,0.9942148760330578,0.07896924355777224,0.06503490870383602,0.09558391774095057,127.58520524088763,-32.58520524088763,-49.3482100701729,-12.597752198524095,102.23273095760851,-21.23273095760851,99.46455269040736,-21.46455269040736,0.06627017841971113,0.05342315371617873,0.08193918271493517,0.015793848711554447,0.0,0.029585798816568046,0.015647226173541962,inconsistent,No Signal,No Signal,No Signal,No Signal,No Signal,True,False,56.0,55.0,52.0,54.0,58.0,lane,MG,MG,Southeast,Southeast,False,False
MG>SP,2049,62.0,1015,33.0,1034,29.0,0,0.0,2032,180,39,18,1993,162,1973,155,59,25,0.030258662762323085,0.02367564424982887,0.0385997244940077,92.83057940202913,-30.83057940202913,-44.31918433412977,-13.73974391380735,False,True,93.53118486515129,0.6628805150858357,-31.53118486515129,0.9917032698877501,0.08858267716535433,0.07699192602870933,0.10172604694717122,215.50551708186507,-35.505517081865065,-59.0579233915277,-8.798189685213144,172.08600743117717,-10.086007431177165,166.73199869003716,-11.731998690037159,0.07856056766345666,0.06749092096503023,0.09126812236660833,0.019192913385826772,0.0,0.03251231527093596,0.02804642166344294,inconsistent,No Signal,No Signal,No Signal,No Signal,No Signal,True,False,57.0,57.0,43.0,44.0,59.0,lane,MG,SP,Southeast,Southeast,False,False
PR>SP,2106,44.0,768,18.0,1338,26.0,0,0.0,2082,171,35,26,2047,145,2040,142,42,29,0.020892687559354226,0.01560009657906886,0.027929931915123943,95.412982050109,-51.412982050108994,-62.55917865458998,-36.59254543685797,False,True,96.2580660817113,0.45710455020620705,-52.258066081711306,0.9886039886039886,0.08213256484149856,0.07109405990089063,0.09471022851143582,220.80831031714717,-49.808310317147175,-72.79047760349289,-23.621614556337796,176.7486488768789,-31.74864887687889,172.39395708447836,-30.39395708447836,0.0696078431372549,0.05935433985202873,0.08147921530384916,0.01681075888568684,0.0,0.0234375,0.01943198804185351,inconsistent,No Signal,No Signal,No Signal,No Signal,No Signal,True,False,58.0,58.0,55.0,55.0,60.0,lane,PR,SP,South,Southeast,False,False
SP>PR,2399,51.0,985,19.0,1414,32.0,0,0.0,2375,231,41,21,2334,210,2326,207,49,24,0.0212588578574406,0.01620614235997352,0.027842314699961148,108.68743776743186,-57.68743776743186,-69.80890224585538,-41.89372480222506,False,True,107.55874290788148,0.4741595022515173,-56.55874290788148,0.9899958315964985,0.09726315789473684,0.0859882812236792,0.10983874923829794,251.88267867590034,-20.882678675900337,-47.66051076966225,8.984350765057249,201.52972470866408,8.470275291335923,196.56291381298854,10.43708618701146,0.08899398108340499,0.07808999715046408,0.10125330418824363,0.01726315789473684,0.0,0.019289340101522844,0.02263083451202263,inconsistent,No Signal,No Signal,No Signal,No Signal,No Signal,True,False,59.0,59.0,53.0,52.0,55.0,lane,SP,PR,Southeast,South,False,False
SP>MG,5644,147.0,2419,33.0,3225,114.0,0,0.0,5581,565,103,65,5478,500,5437,488,144,77,0.026045357902197024,0.022201474652399675,0.030533974986600175,255.70316746952287,-108.70316746952287,-130.3980445313791,-83.36941264515148,False,True,260.67133215027656,0.563928525578159,-113.67133215027656,0.9888377037562013,0.10123633757391148,0.09359482747482095,0.10942641622224156,591.8977809221894,-26.89778092218944,-69.54504878521368,18.811048014140717,472.99907110285426,27.00092889714574,459.46369836681805,28.53630163318195,0.08975537980503955,0.08244456802040169,0.09764549088623577,0.018455473929403332,0.0,0.01364200082678793,0.035348837209302326,inconsistent,No Signal,No Signal,No Signal,No Signal,No Signal,True,False,60.0,60.0,48.0,49.0,57.0,lane,SP,MG,Southeast,Southeast,False,False
SP>SP,23933,913.0,8689,295.0,15244,618.0,0,0.0,23682,2252,579,371,23103,1881,22785,1817,897,435,0.03814816362344879,0.035794510098003315,0.04065005598932396,1084.2919750262386,-171.29197502623856,-227.6219648507253,-111.41418503374831,False,True,1169.805003107069,0.7804719569287357,-256.80500310706907,0.9895123887519325,0.09509331982096107,0.09142263806726839,0.09889534015013449,2511.61498795902,-259.6149879590198,-346.5440732499699,-169.57554252353492,1994.8334318527275,-113.83343185272747,1925.4883883185487,-108.48838831854869,0.07974544656572306,0.07629840009632607,0.08333417558305861,0.024448948568533063,0.0,0.03395097249395788,0.04054054054054054,inconsistent,No Signal,No Signal,No Signal,No Signal,No Signal,True,False,61.0,61.0,35.0,38.0,61.0,lane,SP,SP,Southeast,Southeast,False,False
