segment,n_delivered,n_late,n_h1,late_h1,n_h2,late_h2,n_ep,late_ep,n_rev,n_low,n_rev_early,n_low_early,n_rev_after,n_low_after,n_rev_ontime,n_low_ontime,n_rev_late,n_low_late,late_rate,late_rate_lo,late_rate_hi,expected_late,excess_late,excess_late_lo,excess_late_hi,signal,below_signal,exp_s1,oe_s1,excess_vs_s1,coverage,low_rate,low_rate_lo,low_rate_hi,expected_low,excess_low,excess_low_lo,excess_low_hi,expected_low_after,excess_low_after,expected_low_ontime,excess_low_ontime,low_ontime_rate,low_ontime_rate_lo,low_ontime_rate_hi,early_review_share,episode_late_share,rate_h1,rate_h2,consistency,tier_x10,tier_x20,tier_x30,tier,tier_no_consistency_rule,eligible,low_confidence,rank_excess_late,rank_excess_late_lo,rank_late_rate,rank_oe_s1,rank_excess_low,level,origin_state,destination_state,origin_region,destination_region,northeast_bound,northeast_origin
SP>RJ,8031,1147.0,2771,126.0,5260,1021.0,1843,694.0,7896,1557,966,784,6930,773,6780,723,1116,834,0.14282156643008342,0.13533989037384586,0.15064477660400855,551.4116358197006,595.5883641802994,535.5030237726555,658.4165650870921,True,False,564.6227740696456,2.031444802930529,582.3772259303544,0.9831901382144191,0.1971884498480243,0.18856068855436134,0.20611070771010656,972.7725179119755,584.2274820880245,516.1026789132617,654.6776301670259,621.5501895963904,151.4498104036096,589.5112859331763,133.48871406682372,0.10663716814159292,0.09951176437494805,0.11420806790909466,0.12234042553191489,0.6050566695727986,0.04547094911584266,0.194106463878327,consistent,Investigate,Investigate,Investigate,Investigate,Investigate,True,False,1.0,1.0,7.0,8.0,1.0,lane,SP,RJ,Southeast,Southeast,False,False
SP>BA,2275,297.0,725,64.0,1550,233.0,510,125.0,2249,400,235,164,2014,236,1961,230,288,170,0.13054945054945055,0.11732571276566951,0.1450187590301343,156.20239963763154,140.79760036236846,110.7135969042666,173.715277155924,True,False,159.80844659729527,1.8584749825421722,137.19155340270473,0.9885714285714285,0.17785682525566918,0.162606229280343,0.19420603359477515,277.07261813374276,122.92738186625724,88.62879151774862,159.69675142090654,180.63522104576194,55.36477895423806,170.50614037093789,59.493859629062115,0.1172870984191739,0.10378848557710904,0.13228219419116785,0.10449088483770565,0.4208754208754209,0.08827586206896551,0.1503225806451613,consistent,Investigate,Investigate,Investigate,Investigate,Investigate,True,False,2.0,2.0,9.0,10.0,2.0,lane,SP,BA,Southeast,Northeast,True,False
SP>ES,1443,180.0,468,20.0,975,160.0,329,96.0,1424,204,131,84,1293,120,1250,108,174,96,0.12474012474012475,0.10868147054797651,0.14279145801826573,99.07695062729772,80.92304937270228,57.75041137343239,106.97112329305973,True,False,106.84488872303535,1.6846851744737947,73.15511127696465,0.9868329868329868,0.14325842696629212,0.12602127683986353,0.16241512923063173,175.4341521664961,28.56584783350391,4.020146053469579,55.844991857923496,115.96888818876374,4.031111811236258,108.68570905847646,-0.685709058476462,0.0864,0.07206450534435299,0.10326983000891163,0.09199438202247191,0.5333333333333333,0.042735042735042736,0.1641025641025641,consistent,Investigate,Investigate,Investigate,Investigate,Investigate,True,False,3.0,3.0,11.0,13.0,9.0,lane,SP,ES,Southeast,Southeast,False,False
SP>CE,958,133.0,329,11.0,629,122.0,219,84.0,952,158,108,82,844,76,822,74,130,84,0.13883089770354906,0.11837417883457005,0.1621725332519983,65.77665883641802,67.22334116358198,47.625804487100076,89.58462801899633,True,False,65.64041918157697,2.026190595037037,67.35958081842303,0.9937369519832986,0.16596638655462184,0.1436845230767517,0.19093316468844598,117.28462981917434,40.71537018082566,19.503036149893266,64.48374296422622,75.69817604896876,0.3018239510312384,71.47172227685412,2.5282777231458766,0.09002433090024331,0.07231776646646328,0.11154495585014763,0.1134453781512605,0.631578947368421,0.03343465045592705,0.19395866454689983,inconsistent,Watch,Watch,Watch,Watch,Investigate,True,False,4.0,4.0,8.0,9.0,6.0,lane,SP,CE,Southeast,Northeast,True,False
SP>SC,2300,222.0,740,51.0,1560,171.0,544,122.0,2268,329,162,123,2106,206,2052,194,216,135,0.09652173913043478,0.08511725374159236,0.10927175558283321,157.91890952375937,64.08109047624063,37.85077408190307,93.40612831675702,True,False,171.79016879890435,1.2922741828135156,50.20983120109565,0.9860869565217392,0.14506172839506173,0.1311683179763075,0.1601554697162782,279.4133828045036,49.58661719549639,18.076362365761845,83.81922251201536,188.88668099422773,17.11331900577227,178.41845999039495,15.58154000960505,0.09454191033138401,0.08262950731563211,0.10796955718882086,0.07142857142857142,0.5495495495495496,0.06891891891891892,0.10961538461538461,consistent,Investigate,Investigate,Investigate,Investigate,Investigate,True,False,5.0,6.0,21.0,24.0,4.0,lane,SP,SC,Southeast,South,False,False
SP>MA,483,93.0,187,17.0,296,76.0,108,52.0,477,106,74,54,403,52,386,45,91,61,0.19254658385093168,0.15986342475662196,0.2300817111415382,33.16297099998947,59.83702900001053,44.05106315745894,77.96649548137349,True,False,34.31677792032906,2.7100446381041894,58.68322207967094,0.9875776397515528,0.2222222222222222,0.18721579622491777,0.2616670005082596,58.76551305015354,47.23448694984646,30.53642174913224,66.04964619228629,36.1449821655621,15.855017834437902,33.56214695725753,11.437853042742468,0.11658031088082901,0.0882785691729962,0.15243841127483274,0.15513626834381553,0.5591397849462365,0.09090909090909091,0.25675675675675674,consistent,Investigate,Investigate,Investigate,Investigate,Investigate,True,False,6.0,5.0,3.0,3.0,5.0,lane,SP,MA,Southeast,Northeast,True,False
PR>RJ,948,117.0,273,10.0,675,107.0,256,82.0,926,182,98,84,828,98,814,96,112,86,0.12341772151898735,0.10398693078535785,0.14588814727162583,65.0900548819669,51.90994511803309,33.48955550255234,73.21190873153438,True,False,67.72243777495001,1.7276401122594758,49.27756222504999,0.9767932489451476,0.19654427645788336,0.17222520164753713,0.22337068766376833,114.081478164449,67.918521835551,45.399058561170385,92.75977861220048,74.2631395361921,23.7368604638079,70.77613373887988,25.223866261120122,0.11793611793611794,0.09755315289192584,0.14190824480132924,0.10583153347732181,0.7008547008547008,0.03663003663003663,0.15851851851851853,inconsistent,Watch,Watch,Watch,Watch,Investigate,True,False,7.0,7.0,12.0,12.0,3.0,lane,PR,RJ,South,Southeast,False,False
SP>AL,254,61.0,106,28.0,148,33.0,52,16.0,248,59,51,36,197,23,190,21,58,38,0.24015748031496062,0.1917439706328919,0.29631353337078237,17.439740443058643,43.56025955694136,31.263228097695897,57.823897033120076,True,False,15.590046103999105,3.9127530215803845,45.40995389600089,0.9763779527559056,0.23790322580645162,0.18916099911974713,0.2946412286438822,30.55313886045718,28.44686113954282,16.358788921240105,42.517885843225606,17.66888706356261,5.331112936437389,16.520227776888422,4.479772223111578,0.11052631578947368,0.07343579369027001,0.1630536503099326,0.2056451612903226,0.26229508196721313,0.2641509433962264,0.22297297297297297,consistent,Investigate,Investigate,Investigate,Investigate,Investigate,True,False,8.0,8.0,1.0,1.0,10.0,lane,SP,AL,Southeast,Northeast,True,False
SP>PA,672,81.0,259,13.0,413,68.0,145,41.0,657,117,67,55,590,62,580,61,77,56,0.12053571428571429,0.0980513247903535,0.14733382679546117,46.13978573911578,34.86021426088422,19.750704520001776,52.86854586743413,True,False,35.88398868527693,2.2572741483789955,45.11601131472307,0.9776785714285714,0.1780821917808219,0.1507243723510503,0.20918261539323346,80.94117835209826,36.05882164790174,18.08473428254178,56.49179996125612,52.9169714086393,9.083028591360701,50.43016900313308,10.56983099686692,0.10517241379310345,0.08275093798364833,0.13278952581774436,0.1019786910197869,0.5061728395061729,0.05019305019305019,0.16464891041162227,consistent,Investigate,Investigate,Investigate,Investigate,Investigate,True,False,9.0,9.0,13.0,6.0,7.0,lane,SP,PA,Southeast,North,False,False
SP>PE,1122,111.0,362,31.0,760,80.0,263,39.0,1101,169,86,67,1015,102,993,93,108,76,0.09893048128342247,0.08280506490674747,0.1177928585853048,77.03696368941652,33.963036310583476,15.870319135954135,55.12662364329547,True,False,73.79491887864076,1.5041686024825742,37.20508112135924,0.9812834224598931,0.15349682107175294,0.13341242402650788,0.17599075422277244,135.64115276356193,33.358847236438066,11.245926089623246,58.12466763571052,91.0351287792693,10.9648712207307,86.3399272760537,6.6600727239463,0.09365558912386707,0.07706757954602893,0.11337540127188835,0.07811080835603997,0.35135135135135137,0.0856353591160221,0.10526315789473684,consistent,Investigate,Investigate,Investigate,Investigate,Investigate,True,False,10.0,11.0,20.0,20.0,8.0,lane,SP,PE,Southeast,Northeast,True,False
SP>PI,326,54.0,122,5.0,204,49.0,68,27.0,321,54,41,29,280,25,268,21,53,33,0.1656441717791411,0.1292298311322595,0.20984658218633578,22.38328891510676,31.61671108489324,19.745636034009834,46.026696877638706,True,False,22.971462554775044,2.3507427910276917,31.028537445224956,0.9846625766871165,0.16822429906542055,0.13128096220790034,0.21301455729482524,39.54660312180143,14.453396878198568,2.5945857469345732,28.831069769837466,25.113138973591532,-0.11313897359153202,23.302216022137355,-2.3022160221373547,0.07835820895522388,0.05181984334126907,0.11681322322467744,0.1277258566978193,0.5,0.040983606557377046,0.24019607843137256,consistent,Investigate,Investigate,Investigate,Investigate,Investigate,True,False,11.0,10.0,5.0,5.0,14.0,lane,SP,PI,Southeast,Northeast,True,False
SP>MS,471,59.0,129,1.0,342,58.0,114,36.0,462,71,45,33,417,38,403,34,59,37,0.12526539278131635,0.09836970968273284,0.15822426828055813,32.33904625464811,26.66095374535189,13.993087005919056,42.18458410549477,True,False,37.844094744417596,1.5590279117114598,21.155905255582404,0.9808917197452229,0.15367965367965367,0.1236617298711733,0.18940928615625496,56.91754094165814,14.082459058341861,0.2141782588239241,30.589549262531655,37.40063911424167,0.5993608857583297,35.04027260045281,-1.0402726004528091,0.08436724565756824,0.06100064992426116,0.11558277652627805,0.09740259740259741,0.6101694915254238,0.007751937984496124,0.1695906432748538,inconsistent,Watch,Watch,Watch,Watch,Investigate,True,False,12.0,12.0,10.0,18.0,15.0,lane,SP,MS,Southeast,Central-West,False,False
SP>SE,204,34.0,77,9.0,127,25.0,41,15.0,204,39,28,21,176,18,170,15,34,24,0.16666666666666666,0.12178844641147099,0.2238666467943177,14.006720670803004,19.993279329196994,10.838122397137077,31.662075275237807,True,False,14.378821321025377,2.364588810230476,19.621178678974623,1.0,0.19117647058823528,0.14312084433073308,0.25064784496286524,25.13242067553736,13.867579324462639,4.064231567932187,25.999739696887147,15.785401640543247,2.214598359456753,14.781256431952798,0.21874356804720207,0.08823529411764706,0.05420039786509623,0.14046811820850236,0.13725490196078433,0.4411764705882353,0.11688311688311688,0.1968503937007874,consistent,Investigate,Watch,Watch,Watch,Watch,True,False,13.0,13.0,4.0,4.0,16.0,lane,SP,SE,Southeast,Northeast,True,False
MG>RJ,1120,94.0,458,16.0,662,78.0,222,38.0,1107,137,74,53,1033,84,1018,83,89,54,0.08392857142857142,0.06907730213225531,0.10162422993437926,76.8996428985263,17.100357101473705,0.46693548959965137,36.91949462797848,True,False,72.61595946351568,1.2944812778687895,21.38404053648432,0.9883928571428572,0.12375790424570912,0.10565020942277702,0.1444678039215033,136.3803416069601,0.6196583930399129,-19.42555977594593,23.545517334144062,92.64954485614304,-8.649544856143038,88.51364145722323,-5.51364145722323,0.08153241650294696,0.06625348249485521,0.09995768202053637,0.06684733514001806,0.40425531914893614,0.034934497816593885,0.11782477341389729,inconsistent,Watch,Watch,Watch,Watch,Watch,True,False,14.0,21.0,26.0,23.0,31.0,lane,MG,RJ,Southeast,Southeast,False,False
MA>SP,123,25.0,0,0.0,123,25.0,16,6.0,122,22,23,13,99,9,98,9,24,13,0.2032520325203252,0.14163307280746557,0.28284532188527917,8.445228639748871,16.55477136025113,8.975639315569394,26.344745952140467,True,False,7.3121688429121185,3.418958251248967,17.68783115708788,0.991869918699187,0.18032786885245902,0.1222092022264004,0.2579632724813291,15.030173149095873,6.969826850904127,-0.12065047747502342,16.44134609362628,8.879288422805576,0.12071157719442382,8.520959590184555,0.47904040981544505,0.09183673469387756,0.04906921514558326,0.1653960829129315,0.1885245901639344,0.24,,0.2032520325203252,unverified,Investigate,Watch,Watch,Watch,Watch,True,False,15.0,14.0,2.0,2.0,20.0,lane,MA,SP,Northeast,Southeast,False,True
RJ>SP,1288,103.0,294,7.0,994,96.0,288,62.0,1274,163,81,60,1193,103,1175,99,99,64,0.07996894409937888,0.06637405151877404,0.09606187077486078,88.43458933330524,14.56541066669476,-2.944810977124277,35.293100224715445,False,False,97.98163966980884,1.0512173540583998,5.0183603301911575,0.9891304347826086,0.12794348508634223,0.11071351428481083,0.14741041536535185,156.95443108154214,6.04556891845786,-15.90541388269315,30.846438093916113,106.99990998390963,-3.9999099839096317,102.16456651496787,-3.1645665149678734,0.08425531914893616,0.06969586357673255,0.1015243266451274,0.06357927786499215,0.6019417475728155,0.023809523809523808,0.096579476861167,inconsistent,Watch,No Signal,No Signal,No Signal,No Signal,True,False,16.0,28.0,28.0,31.0,21.0,lane,RJ,SP,Southeast,Southeast,False,False
SP>PB,332,35.0,116,12.0,216,23.0,64,10.0,328,49,24,18,304,31,294,30,34,19,0.10542168674698796,0.07678241518451605,0.14308757668601746,22.79525128777744,12.20474871222256,2.69651055348189,24.709824171980358,True,False,19.921319608660994,1.7569117251039634,15.078680391339006,0.9879518072289156,0.14939024390243902,0.11488095358120684,0.1920169825073719,40.40899010576595,8.591009894234048,-2.7280373311301083,22.57258015665203,27.26569374275652,3.7343062572434818,25.562878770553663,4.437121229446337,0.10204081632653061,0.07241527399886741,0.1419318456851247,0.07317073170731707,0.2857142857142857,0.10344827586206896,0.10648148148148148,consistent,Investigate,Watch,Watch,Watch,Watch,True,False,17.0,16.0,16.0,11.0,19.0,lane,SP,PB,Southeast,Northeast,True,False
SC>RJ,463,43.0,207,9.0,256,34.0,87,20.0,457,80,34,27,423,53,416,50,41,30,0.09287257019438445,0.06968097341558095,0.12276435705623716,31.78976309108721,11.21023690891279,0.47252760032677044,25.050134225950593,True,False,28.054254463210178,1.53274434921767,14.945745536789822,0.9870410367170627,0.175054704595186,0.14296240415705092,0.21256433000434355,56.301550238826344,23.698449761173656,9.032268460945927,40.84034857315866,37.93877780653292,15.061222193467081,36.17060397466096,13.829396025339037,0.1201923076923077,0.09236841037276422,0.15496652199046085,0.07439824945295405,0.46511627906976744,0.043478260869565216,0.1328125,consistent,Investigate,Watch,Watch,Watch,Watch,True,False,18.0,20.0,22.0,19.0,12.0,lane,SC,RJ,South,Southeast,False,False
PR>BA,143,21.0,50,4.0,93,17.0,31,8.0,139,27,20,13,119,14,120,14,19,13,0.14685314685314685,0.09810081645768931,0.21408253549790818,9.818436548651125,11.181563451348875,4.209980204798446,20.795366027549743,True,False,9.795967064683632,2.1437393430720166,11.204032935316368,0.972027972027972,0.19424460431654678,0.13707039050278227,0.267864278312812,17.124541538723985,9.875458461276015,1.9282427411627503,20.108593146756885,10.6730840637764,3.3269159362235996,10.43382806961374,3.5661719303862593,0.11666666666666667,0.0707811780783005,0.18633351617603885,0.14388489208633093,0.38095238095238093,0.08,0.1827956989247312,consistent,Investigate,Watch,Watch,Watch,Watch,True,False,19.0,15.0,6.0,7.0,17.0,lane,PR,BA,South,Northeast,True,False
MG>BA,362,36.0,146,13.0,216,23.0,57,9.0,357,46,28,22,329,24,323,24,34,22,0.09944751381215469,0.07270064663303229,0.1346062536433124,24.85506315113082,11.144936848869179,1.462570930026867,23.872400667748273,True,False,22.594290070057514,1.5933229098314554,13.405709929942486,0.9861878453038674,0.12885154061624648,0.09800912962431553,0.1675963225150373,43.98173618219038,2.0182638178096184,-8.992476906309737,15.85015095567794,29.50793829397005,-5.507938293970049,28.08438722071032,-4.084387220710319,0.07430340557275542,0.050437164829457516,0.10817630791585431,0.0784313725490196,0.25,0.08904109589041095,0.10648148148148148,consistent,Investigate,Watch,Watch,Watch,Watch,True,False,20.0,17.0,19.0,15.0,29.0,lane,MG,BA,Southeast,Northeast,True,False
SP>GO,1391,106.0,448,15.0,943,91.0,324,63.0,1374,186,71,52,1303,134,1273,121,101,65,0.07620416966211359,0.06339852297734896,0.09134412354764251,95.50661006415186,10.493389935848143,-7.319264602659446,31.55306579061888,False,False,106.10490015136932,0.9990113543180412,-0.10490015136932129,0.9877785765636233,0.13537117903930132,0.11829467170530071,0.1544808761740467,169.27424513817812,16.725754861821883,-6.737366215094927,42.98247872496208,116.86578600924916,17.134213990750837,110.68552610515243,10.314473894847566,0.09505106048703849,0.08013649025418698,0.11240226005217932,0.05167394468704512,0.5943396226415094,0.033482142857142856,0.09650053022269353,inconsistent,Watch,No Signal,No Signal,No Signal,No Signal,True,False,21.0,37.0,29.0,33.0,13.0,lane,SP,GO,Southeast,Central-West,False,False
SP>RN,328,33.0,118,10.0,210,23.0,73,14.0,324,43,26,20,298,23,292,20,32,23,0.10060975609756098,0.07253951183198357,0.13792683275587572,22.520609705996986,10.479390294003014,1.2723501748936228,22.71939143793025,True,False,20.509161171134206,1.609037040795512,12.490838828865794,0.9878048780487805,0.13271604938271606,0.10004364713321143,0.17399569842079612,39.916197543500516,3.083802456499484,-7.502055872340011,16.45840874483743,26.727555050465273,-3.7275550504652735,25.3889816360601,-5.388981636060102,0.0684931506849315,0.044772973224420365,0.10341943697886316,0.08024691358024691,0.42424242424242425,0.0847457627118644,0.10952380952380952,consistent,Investigate,Watch,Watch,Watch,Watch,True,False,22.0,18.0,18.0,14.0,25.0,lane,SP,RN,Southeast,Northeast,True,False
PR>AL,34,11.0,12,3.0,22,8.0,10,5.0,34,11,10,8,24,3,23,2,11,9,0.3235294117647059,0.1913164356402551,0.49157105406091794,2.334453445133834,8.665546554866166,4.17030536663484,14.378962392937376,True,False,2.4708176538001028,4.451967543247097,8.529182346199898,1.0,0.3235294117647059,0.1913164356402551,0.49157105406091794,4.188736779256227,6.811263220743773,2.3160220325124468,12.524679058814984,2.1525547691649884,0.8474452308350116,1.9998170466759668,0.00018295332403317488,0.08695652173913043,0.024180004484220363,0.26795981075743663,0.29411764705882354,0.45454545454545453,0.25,0.36363636363636365,unverified,Insufficient Data,Insufficient Data,Insufficient Data,Insufficient Data,Insufficient Data,False,False,,,,,,lane,PR,AL,South,Northeast,True,False
SP>TO,191,21.0,73,0.0,118,21.0,40,15.0,190,26,17,10,173,16,169,17,21,9,0.1099476439790576,0.07304510364224662,0.16223058715865443,13.114135530016538,7.885864469983462,0.8374792656525657,17.87190661728646,True,False,13.35976608959601,1.5718838083814854,7.640233910403991,0.9947643979057592,0.1368421052631579,0.09512509997310233,0.1929528951081677,23.407646707608325,2.5923532923916746,-5.333877712718884,13.253403362943539,15.516332294397625,0.48366770560237526,14.694307864706017,2.3056921352939828,0.10059171597633136,0.0637566229722695,0.15518077248185524,0.08947368421052632,0.7142857142857143,0.0,0.17796610169491525,inconsistent,Watch,Watch,Watch,Watch,Watch,True,False,23.0,19.0,15.0,17.0,27.0,lane,SP,TO,Southeast,North,False,False
RJ>CE,52,11.0,14,1.0,38,10.0,11,6.0,52,13,10,9,42,4,41,3,11,10,0.21153846153846154,0.12244370532487485,0.34032104628504567,3.570340563145864,7.429659436854136,2.796732113747628,14.126353843676512,True,False,3.657433966060974,3.0075730968963765,7.3425660339390255,1.0,0.25,0.15233153863595772,0.3820645794259735,6.4063033094507,6.5936966905493,1.5149366996191018,13.461054820699923,3.7669708460387294,0.23302915396127055,3.564891257118028,-0.564891257118028,0.07317073170731707,0.02519783063390993,0.19427448537719041,0.19230769230769232,0.5454545454545454,0.07142857142857142,0.2631578947368421,unverified,Insufficient Data,Insufficient Data,Insufficient Data,Insufficient Data,Insufficient Data,False,False,,,,,,lane,RJ,CE,Southeast,Northeast,True,False
RJ>BA,135,15.0,38,2.0,97,13.0,26,3.0,133,15,11,6,122,9,119,8,14,7,0.1111111111111111,0.06850037601571249,0.17524136444236246,9.269153385090224,5.730846614909776,-0.02160262296903734,14.388430814628709,False,False,9.45146579545727,1.5870554181352021,5.5485342045427295,0.9851851851851852,0.11278195488721804,0.06954903484743884,0.17775510172302267,16.385352695325828,-1.3853526953258282,-7.135331060616463,7.256075833836187,10.942153409922025,-1.9421534099220246,10.34687950236696,-2.34687950236696,0.06722689075630252,0.03445575021955611,0.12706511587220667,0.08270676691729323,0.2,0.05263157894736842,0.13402061855670103,consistent,No Signal,No Signal,No Signal,No Signal,No Signal,True,False,24.0,22.0,14.0,16.0,35.0,lane,RJ,BA,Southeast,Northeast,True,False
MA>ES,13,6.0,0,0.0,13,6.0,4,4.0,13,5,6,5,7,0,7,0,6,5,0.46153846153846156,0.23206067809538303,0.7085620428549398,0.892585140786466,5.107414859213534,2.1242036744535135,8.318721416327753,True,False,1.0767074827274865,5.572544164735404,4.923292517272514,1.0,0.38461538461538464,0.17709707797762575,0.6447710848733431,1.601575827362675,3.398424172637325,0.7006861863464598,6.780448275990786,0.6278284743397883,-0.6278284743397883,0.6086399707274682,-0.6086399707274682,0.0,5.551115123125783e-17,0.35433043506668743,0.46153846153846156,0.6666666666666666,,0.46153846153846156,unverified,Insufficient Data,Insufficient Data,Insufficient Data,Insufficient Data,Insufficient Data,False,False,,,,,,lane,MA,ES,Northeast,Southeast,False,True
MG>MA,60,9.0,23,1.0,37,8.0,18,8.0,58,5,4,4,54,1,50,0,8,5,0.15,0.08097440580167739,0.2611458906977855,4.119623726706766,4.880376273293234,0.7388406213938775,11.549129715160364,True,False,4.3547287280426294,2.066718861738452,4.6452712719573706,0.9666666666666667,0.08620689655172414,0.037385383126191135,0.18643629062873543,7.145492152848857,-2.145492152848857,-4.977139931529772,3.6678127036177974,4.8432482306212234,-3.8432482306212234,4.347428362339058,-4.347428362339058,0.0,6.938893903907228e-18,0.07134759913335872,0.06896551724137931,0.8888888888888888,0.043478260869565216,0.21621621621621623,unverified,Insufficient Data,Insufficient Data,Insufficient Data,Insufficient Data,Insufficient Data,False,False,,,,,,lane,MG,MA,Southeast,Northeast,True,False
PR>CE,62,9.0,26,3.0,36,6.0,17,5.0,61,17,9,9,52,8,52,8,9,9,0.14516129032258066,0.07829411405317006,0.25343393711554596,4.256944517596992,4.743055482403008,0.5972905536995525,11.455959583566859,True,False,4.317477203533549,2.084550670617123,4.682522796466451,0.9838709677419355,0.2786885245901639,0.18188543892565973,0.4017143058817016,7.5150865745479365,9.484913425452064,3.579925199917307,16.98948608423586,4.663868666524142,3.3361313334758584,4.52132549683262,3.4786745031673796,0.15384615384615385,0.08007685016780322,0.2752408517641015,0.14754098360655737,0.5555555555555556,0.11538461538461539,0.16666666666666666,unverified,Insufficient Data,Insufficient Data,Insufficient Data,Insufficient Data,Insufficient Data,False,False,,,,,,lane,PR,CE,South,Northeast,True,False
PR>MA,39,7.0,21,2.0,18,5.0,7,4.0,39,9,6,4,33,5,32,4,7,5,0.1794871794871795,0.08977265473219115,0.32668045661881623,2.677755422359398,4.3222445776406015,0.8233781121960569,10.062782385774435,True,False,2.4600959105807894,2.8454175180297794,4.539904089419211,1.0,0.23076923076923078,0.1264580412514285,0.3833625722834177,4.804727482088024,4.195272517911976,0.12713612671768712,10.146412836965265,2.959762807601859,2.040237192398141,2.7823541518969974,1.2176458481030026,0.125,0.04970134387480073,0.2806830548165022,0.15384615384615385,0.5714285714285714,0.09523809523809523,0.2777777777777778,unverified,Insufficient Data,Insufficient Data,Insufficient Data,Insufficient Data,Insufficient Data,False,False,,,,,,lane,PR,MA,South,Northeast,True,False
MG>CE,73,9.0,37,4.0,36,5.0,11,3.0,72,9,9,5,63,4,63,4,9,5,0.1232876712328767,0.06623751038902924,0.21800304355022015,5.012208867493232,3.987791132506768,-0.1768706090940974,10.902013311672839,False,False,3.991404562253823,2.2548453456990534,5.008595437746177,0.9863013698630136,0.125,0.06717784220573504,0.22081053724160832,8.870266120777892,0.12973387922210833,-4.033461481964969,7.028092560617907,5.650456269058094,-1.6504562690580942,5.477759736547213,-1.4777597365472133,0.06349206349206349,0.024965618013394072,0.15219177845306375,0.125,0.3333333333333333,0.10810810810810811,0.1388888888888889,consistent,Insufficient Data,Insufficient Data,Insufficient Data,Insufficient Data,Insufficient Data,False,False,,,,,,lane,MG,CE,Southeast,Northeast,True,False
MA>GO,16,5.0,0,0.0,16,5.0,1,0.0,16,3,4,3,12,0,11,0,5,3,0.3125,0.14164643854782039,0.5559564416525933,1.0985663271218042,3.9014336728781958,1.167776689643322,7.796736739319688,True,False,0.6661617307488886,7.5056848347909115,4.333838269251111,1.0,0.1875,0.06591599071428142,0.4300888096197414,1.9711702490617538,1.0288297509382462,-0.916514397633251,4.910250704854109,1.0762773845824942,-1.0762773845824942,0.9564342397145928,-0.9564342397145928,0.0,0.0,0.2588329669680317,0.25,0.0,,0.3125,unverified,Insufficient Data,Insufficient Data,Insufficient Data,Insufficient Data,Insufficient Data,False,False,,,,,,lane,MA,GO,Northeast,Central-West,False,True
SC>BA,76,9.0,36,4.0,40,5.0,10,2.0,74,16,8,7,66,9,65,8,9,8,0.11842105263157894,0.06356819004179068,0.2099921775079194,5.21819005382857,3.78180994617143,-0.3870076106524786,10.741215436773304,False,False,4.388012857302804,2.0510423038122236,4.611987142697196,0.9736842105263158,0.21621621621621623,0.13770451655905025,0.3227372501253851,9.116662401910611,6.883337598089389,1.0734718234591074,14.765894107367888,5.919525615203718,3.0804743847962817,5.651656871040776,2.3483431289592236,0.12307692307692308,0.06370467509869226,0.22451494082161527,0.10810810810810811,0.2222222222222222,0.1111111111111111,0.125,consistent,Insufficient Data,Insufficient Data,Insufficient Data,Insufficient Data,Insufficient Data,False,False,,,,,,lane,SC,BA,South,Northeast,True,False
MG>AL,35,6.0,16,3.0,19,3.0,7,1.0,34,5,2,2,32,3,29,2,5,3,0.17142857142857143,0.08102640053701589,0.3268228229904496,2.4031138405789467,3.5968861594210533,0.43281017821660933,9.03568496408679,True,False,1.8560352887429468,3.232697156347535,4.143964711257054,0.9714285714285714,0.14705882352941177,0.06449441444782457,0.3012805649545216,4.188736779256227,0.8112632207437729,-1.9959266880301914,6.054802429197507,2.870073025553318,0.12992697444668222,2.521508450156654,-0.521508450156654,0.06896551724137931,0.019121266169433354,0.21964580150275695,0.058823529411764705,0.16666666666666666,0.1875,0.15789473684210525,unverified,Insufficient Data,Insufficient Data,Insufficient Data,Insufficient Data,Insufficient Data,False,False,,,,,,lane,MG,AL,Southeast,Northeast,True,False
RJ>RS,196,17.0,56,3.0,140,14.0,51,10.0,193,26,15,14,178,12,176,11,17,15,0.08673469387755102,0.05485711829174525,0.13450028053832946,13.457437507242101,3.5425624927578987,-2.705442322060033,12.904617478270474,False,False,15.08523197574325,1.1269299688155714,1.91476802425675,0.9846938775510204,0.13471502590673576,0.0936184461034488,0.19006904105118036,23.777241129307406,2.2227588706925943,-5.708881031341787,12.906083793570405,15.96478120464033,-3.96478120464033,15.302947835433486,-4.302947835433486,0.0625,0.03525401379661894,0.10843620641260784,0.07772020725388601,0.5882352941176471,0.05357142857142857,0.1,consistent,No Signal,No Signal,No Signal,No Signal,No Signal,True,False,25.0,25.0,23.0,27.0,28.0,lane,RJ,RS,Southeast,South,False,False
RJ>SC,109,11.0,31,2.0,78,9.0,23,7.0,108,9,9,3,99,6,98,6,10,3,0.10091743119266056,0.05728972859484754,0.17171704861951292,7.483983103517291,3.516016896482709,-1.2394026866789098,11.233175196009617,False,False,7.873202350628135,1.3971443270631048,3.1267976493718654,0.9908256880733946,0.08333333333333333,0.04446040457498103,0.15082906188048312,13.305399181166838,-4.3053991811668375,-8.503675487068886,2.984139501925339,8.879288422805576,-2.879288422805576,8.520959590184555,-2.520959590184555,0.061224489795918366,0.02835932368138567,0.12719087173151772,0.08333333333333333,0.6363636363636364,0.06451612903225806,0.11538461538461539,consistent,No Signal,No Signal,No Signal,No Signal,No Signal,True,False,26.0,23.0,17.0,21.0,43.0,lane,RJ,SC,Southeast,South,False,False
RJ>PR,199,17.0,43,1.0,156,16.0,52,12.0,198,33,14,11,184,22,182,22,16,11,0.08542713567839195,0.05401934786128085,0.13253747854246167,13.66341869357744,3.336581306422559,-2.9135684691825516,12.711539536372433,False,False,15.607326251690555,1.0892320520408545,1.392673748309445,0.9949748743718593,0.16666666666666666,0.12120732488487306,0.22481404866622573,24.393231832139204,8.606768167860796,-0.3941815049343378,20.11994980377349,16.502919896931576,5.4970801030684235,15.824639238914173,6.175360761085827,0.12087912087912088,0.08119709599403305,0.17623447564926273,0.0707070707070707,0.7058823529411765,0.023255813953488372,0.10256410256410256,inconsistent,No Signal,No Signal,No Signal,No Signal,No Signal,True,False,27.0,27.0,25.0,30.0,18.0,lane,RJ,PR,Southeast,South,False,False
MG>PA,83,9.0,37,3.0,46,6.0,12,3.0,80,12,6,4,74,8,73,8,7,4,0.10843373493975904,0.058104915192981194,0.19340466464711883,5.69881282194436,3.30118717805564,-0.8761048609269204,10.353774343766505,False,False,4.0653416905167825,2.2138360524514553,4.9346583094832175,0.963855421686747,0.15,0.08794040506163547,0.24413228561323347,9.855851245308768,2.1441487546912317,-2.820618840377931,9.674731603749908,6.637043871592048,1.3629561284079523,6.347245409015025,1.6527545909849746,0.1095890410958904,0.05658671784680623,0.20162621987205226,0.075,0.3333333333333333,0.08108108108108109,0.13043478260869565,consistent,Insufficient Data,Insufficient Data,Insufficient Data,Insufficient Data,Insufficient Data,False,False,,,,,,lane,MG,PA,Southeast,North,False,False
MA>DF,27,5.0,0,0.0,27,5.0,3,1.0,27,5,4,3,23,2,22,2,5,3,0.18518518518518517,0.08180707142976529,0.3669868361854843,1.8538306770180446,3.1461693229819554,0.3549602515856181,8.05481389999003,True,False,1.3704479858697318,3.648442006959377,3.629552014130268,1.0,0.18518518518518517,0.08180707142976529,0.3669868361854843,3.3263497952917094,1.6736502047082906,-1.1175588666880467,6.582294781716366,2.062864987116447,-0.06286498711644706,1.9128684794291857,0.0871315205708143,0.09090909090909091,0.025295428990995267,0.27814946841605814,0.14814814814814814,0.2,,0.18518518518518517,unverified,Insufficient Data,Insufficient Data,Insufficient Data,Insufficient Data,Insufficient Data,False,False,,,,,,lane,MA,DF,Northeast,Central-West,False,True
RS>BA,42,6.0,22,1.0,20,5.0,5,2.0,41,6,5,4,36,2,35,2,6,4,0.14285714285714285,0.06715967015962647,0.27841089474444775,2.8837366086947362,3.1162633913052638,-0.06303046199042442,8.80952097057207,False,False,2.734498592482735,2.1941865380711043,3.265501407517265,0.9761904761904762,0.14634146341463414,0.0688424814129593,0.28443458042480957,5.051123763220744,0.948876236779256,-2.2285820252894126,6.610694034196448,3.2288321537474824,-1.2288321537474824,3.043199853637341,-1.0431998536373408,0.05714285714285714,0.015813161857108654,0.1860705742016492,0.12195121951219512,0.3333333333333333,0.045454545454545456,0.25,unverified,Insufficient Data,Insufficient Data,Insufficient Data,Insufficient Data,Insufficient Data,False,False,,,,,,lane,RS,BA,South,Northeast,True,False
RS>MA,13,4.0,8,2.0,5,2.0,2,2.0,13,5,4,4,9,1,9,1,4,4,0.3076923076923077,0.12680703655710515,0.5763065681945096,0.892585140786466,3.107414859213534,0.755906334455901,6.599400245742158,True,False,0.8187049447399363,4.885765043559875,3.1812950552600636,1.0,0.38461538461538464,0.17709707797762575,0.6447710848733431,1.601575827362675,3.398424172637325,0.7006861863464598,6.780448275990786,0.8072080384368706,0.1927919615631294,0.7825371052210305,0.21746289477896952,0.1111111111111111,0.019890887638544907,0.434999705576656,0.3076923076923077,0.5,0.25,0.4,unverified,Insufficient Data,Insufficient Data,Insufficient Data,Insufficient Data,Insufficient Data,False,False,,,,,,lane,RS,MA,South,Northeast,True,False
DF>CE,13,4.0,5,0.0,8,4.0,4,4.0,13,3,3,3,10,0,9,0,4,3,0.3076923076923077,0.12680703655710515,0.5763065681945096,0.892585140786466,3.107414859213534,0.755906334455901,6.599400245742158,True,False,1.0001537840455585,3.999384958401351,2.9998462159544417,1.0,0.23076923076923078,0.08179528718498569,0.5025637594672749,1.601575827362675,1.398424172637325,-0.538237093957861,4.9317530457119,0.8968978204854118,-0.8968978204854118,0.7825371052210305,-0.7825371052210305,0.0,0.0,0.2991450484195441,0.23076923076923078,1.0,0.0,0.5,unverified,Insufficient Data,Insufficient Data,Insufficient Data,Insufficient Data,Insufficient Data,False,False,,,,,,lane,DF,CE,Central-West,Northeast,True,False
PR>PE,86,9.0,26,3.0,60,6.0,24,3.0,85,14,8,7,77,7,76,7,9,7,0.10465116279069768,0.056040897145363075,0.18707023559220054,5.904794008279698,3.0952059917203023,-1.0852768537784734,10.183246252649548,False,False,6.745949220704227,1.33413396774138,2.254050779295773,0.9883720930232558,0.16470588235294117,0.10072462065396519,0.2576830331978105,10.471841948140566,3.5281580518594335,-1.9102491925535259,11.431215873673326,6.906113217737671,0.09388678226232905,6.608091110755369,0.39190888924463074,0.09210526315789473,0.04533400406377608,0.17812707848936227,0.09411764705882353,0.3333333333333333,0.11538461538461539,0.1,unverified,Insufficient Data,Insufficient Data,Insufficient Data,Insufficient Data,Insufficient Data,False,False,,,,,,lane,PR,PE,South,Northeast,True,False
MA>MA,14,4.0,0,0.0,14,4.0,3,1.0,14,2,2,1,12,1,10,1,4,1,0.2857142857142857,0.11721378644576919,0.5464908432989318,0.9612455362315787,3.0387544637684214,0.6797474740091899,6.689626269953467,True,False,0.8116816385660292,4.928040514833706,3.188318361433971,1.0,0.14285714285714285,0.040093921271464966,0.39941379496970353,1.7247739679290346,0.2752260320709654,-1.163459070128525,3.867019161646815,1.0762773845824942,-0.07627738458249422,0.8694856724678117,0.13051432753218828,0.1,0.017876213095072896,0.4041500267952385,0.14285714285714285,0.25,,0.2857142857142857,unverified,Insufficient Data,Insufficient Data,Insufficient Data,Insufficient Data,Insufficient Data,False,False,,,,,,lane,MA,MA,Northeast,Northeast,True,True
RJ>PE,90,9.0,17,0.0,73,9.0,18,3.0,90,12,7,7,83,5,81,4,9,8,0.1,0.05350675169712493,0.17924174875433652,6.179435590060149,2.820564409939851,-1.3638279373189048,9.952321797830137,False,False,7.038569157754315,1.2786689735206762,1.9614308422456848,1.0,0.13333333333333333,0.07794682040686314,0.21873930500697653,11.087832650972365,0.9121673490276354,-4.072618814354683,8.598704799655522,7.444251910028918,-2.4442519100289184,7.0428339469892745,-3.0428339469892745,0.04938271604938271,0.01936930555403383,0.1202023023048095,0.07777777777777778,0.3333333333333333,0.0,0.1232876712328767,unverified,Insufficient Data,Insufficient Data,Insufficient Data,Insufficient Data,Insufficient Data,False,False,,,,,,lane,RJ,PE,Southeast,Northeast,True,False
SP>RR,32,5.0,14,2.0,18,3.0,9,2.0,32,6,5,4,27,2,27,2,5,4,0.15625,0.0686442028250571,0.3175414959753039,2.1971326542436085,2.8028673457563915,-0.0005181638417814938,7.964195216966116,False,False,1.4304256335877183,3.495463086367701,3.5695743664122817,1.0,0.1875,0.08889544689565954,0.3530915520137596,3.9423404981235075,2.0576595018764925,-1.0976861974624024,7.356589166316799,2.4216241153106117,-0.4216241153106117,2.347611315663092,-0.3476113156630918,0.07407407407407407,0.020554654060988622,0.23369592683023144,0.15625,0.4,0.14285714285714285,0.16666666666666666,unverified,Insufficient Data,Insufficient Data,Insufficient Data,Insufficient Data,Insufficient Data,False,False,,,,,,lane,SP,RR,Southeast,North,False,False
MA>AL,4,3.0,0,0.0,4,3.0,1,1.0,4,1,2,1,2,0,1,0,3,1,0.75,0.30064184258240184,0.9544127391902995,0.27464158178045106,2.7253584182195487,0.9279257885491563,3.5430093749807465,True,False,0.28078289176848903,10.684411650242417,2.719217108231511,1.0,0.25,0.04558726080970055,0.6993581574175981,0.49279256226543844,0.5072074377345616,-0.31044351902663625,2.304640067404954,0.17937956409708236,-0.17937956409708236,0.08694856724678117,-0.08694856724678117,0.0,0.0,0.7934506856227626,0.5,0.3333333333333333,,0.75,unverified,Insufficient Data,Insufficient Data,Insufficient Data,Insufficient Data,Insufficient Data,False,False,,,,,,lane,MA,AL,Northeast,Northeast,True,True
MG>PB,48,6.0,24,4.0,24,2.0,6,1.0,46,6,4,2,42,4,41,3,5,3,0.125,0.058570514385719794,0.24700458286386834,3.2956989813654127,2.7043010186345873,-0.48431429085086264,8.560520996100268,False,False,2.754173117825982,2.178512295093536,3.245826882174018,0.9583333333333334,0.13043478260869565,0.06117840362035115,0.25665857779073004,5.667114466052542,0.3328855339474579,-2.852907899516389,6.139180112321039,3.7669708460387294,0.23302915396127055,3.564891257118028,-0.564891257118028,0.07317073170731707,0.02519783063390993,0.19427448537719041,0.08695652173913043,0.16666666666666666,0.16666666666666666,0.08333333333333333,unverified,Insufficient Data,Insufficient Data,Insufficient Data,Insufficient Data,Insufficient Data,False,False,,,,,,lane,MG,PB,Southeast,Northeast,True,False
SC>MA,19,4.0,6,1.0,13,3.0,3,0.0,19,2,4,1,15,1,15,1,4,1,0.21052631578947367,0.08507676632916253,0.43334278443814167,1.3045475134571425,2.6954524865428575,0.3119110467969455,6.928965390867549,True,False,1.319426752216971,3.031619597888998,2.680573247783029,1.0,0.10526315789473684,0.02935856029887013,0.31394082711109006,2.3407646707608327,-0.3407646707608327,-1.7829520250823,3.6241110443498785,1.3453467307281177,-0.3453467307281177,1.3042285087017176,-0.3042285087017176,0.06666666666666667,0.011866895493268553,0.2981652987378003,0.21052631578947367,0.0,0.16666666666666666,0.23076923076923078,unverified,Insufficient Data,Insufficient Data,Insufficient Data,Insufficient Data,Insufficient Data,False,False,,,,,,lane,SC,MA,South,Northeast,True,False
DF>ES,19,4.0,6,1.0,13,3.0,5,1.0,18,2,2,1,16,1,14,0,4,2,0.21052631578947367,0.08507676632916253,0.43334278443814167,1.3045475134571425,2.6954524865428575,0.3119110467969455,6.928965390867549,True,False,1.705974636995509,2.3447007436433123,2.294025363004491,0.9473684210526315,0.1111111111111111,0.03101952264561239,0.32799765130178804,2.217566530194473,-0.21756653019447292,-1.65921512257345,3.6863911932377116,1.435036512776659,-0.4350365127766589,1.2172799414549365,-1.2172799414549365,0.0,1.3877787807814457e-17,0.2153108027376358,0.1111111111111111,0.25,0.16666666666666666,0.23076923076923078,unverified,Insufficient Data,Insufficient Data,Insufficient Data,Insufficient Data,Insufficient Data,False,False,,,,,,lane,DF,ES,Central-West,Southeast,False,False
MA>SE,5,3.0,0,0.0,5,3.0,0,0.0,5,2,3,2,2,0,2,0,3,2,0.6,0.2307242812760128,0.882379225767352,0.3433019772255638,2.656698022774436,0.8103194291545002,4.068594151611196,True,False,0.17606209367358694,17.03944294540707,2.823937906326413,1.0,0.4,0.11762077423264783,0.769275718723987,0.615990702831798,1.3840092971682019,-0.027886831668558903,3.2303878907881374,0.17937956409708236,-0.17937956409708236,0.17389713449356234,-0.17389713449356234,0.0,0.0,0.6576197724933469,0.6,0.0,,0.6,unverified,Insufficient Data,Insufficient Data,Insufficient Data,Insufficient Data,Insufficient Data,False,False,,,,,,lane,MA,SE,Northeast,Northeast,True,True
DF>SC,20,4.0,6,1.0,14,3.0,5,2.0,20,1,2,1,18,0,16,0,4,1,0.2,0.08065766257979806,0.41601743225189364,1.3732079089022553,2.6267920910977445,0.23994534269370593,6.9471407361356174,True,False,1.630223384654061,2.4536514674329823,2.369776615345939,1.0,0.05,0.008881448800795402,0.23613119344674205,2.463962811327192,-1.463962811327192,-2.286333835311284,2.258661057607649,1.6144160768737412,-1.6144160768737412,1.3911770759484987,-1.3911770759484987,0.0,0.0,0.1936076805344365,0.1,0.5,0.16666666666666666,0.21428571428571427,unverified,Insufficient Data,Insufficient Data,Insufficient Data,Insufficient Data,Insufficient Data,False,False,,,,,,lane,DF,SC,Central-West,South,False,False
MT>PE,6,3.0,1,0.0,5,3.0,4,2.0,6,3,3,2,3,1,3,1,3,2,0.5,0.1876163064826506,0.8123836935173494,0.4119623726706766,2.5880376273293235,0.713735466225227,4.46233978843342,True,False,0.6823231976786559,4.3967433764619965,2.317676802321344,1.0,0.5,0.1876163064826506,0.8123836935173494,0.7391888433981577,2.260811156601842,0.3865089954977459,4.1351133177059385,0.26906934614562356,0.7309306538543765,0.2608457017403435,0.7391542982596565,0.3333333333333333,0.06149194472039621,0.7923403991979522,0.5,0.6666666666666666,0.0,0.6,unverified,Insufficient Data,Insufficient Data,Insufficient Data,Insufficient Data,Insufficient Data,False,False,,,,,,lane,MT,PE,Central-West,Northeast,True,False
PR>SE,21,4.0,13,3.0,8,1.0,2,1.0,21,4,4,3,17,1,17,1,4,3,0.19047619047619047,0.07667565052761793,0.40000564690204926,1.4418683043473681,2.558131695652632,0.16832035673260853,6.958250280595666,True,False,0.8576385774942926,4.663969304746694,3.1423614225057075,1.0,0.19047619047619047,0.07667565052761793,0.40000564690204926,2.587160951893552,1.4128390481064481,-0.9769722908135752,5.812957633049482,1.5247262948252,-0.5247262948252001,1.4781256431952798,-0.47812564319527984,0.058823529411764705,0.010460400984997592,0.26982030637575405,0.19047619047619047,0.25,0.23076923076923078,0.125,unverified,Insufficient Data,Insufficient Data,Insufficient Data,Insufficient Data,Insufficient Data,False,False,,,,,,lane,PR,SE,South,Northeast,True,False
SC>CE,22,4.0,11,0.0,11,4.0,4,2.0,22,4,4,2,18,2,18,2,4,2,0.18181818181818182,0.07306884583422052,0.38516607437126543,1.5105286997924807,2.4894713002075193,0.09698590856037059,6.963124936375358,True,False,1.3490566689067227,2.9650348218815785,2.650943331093277,1.0,0.18181818181818182,0.07306884583422052,0.38516607437126543,2.7103590924599112,1.2896409075400888,-1.10284448410706,5.763294543707928,1.6144160768737412,0.3855839231262588,1.565074210442061,0.43492578955793904,0.1111111111111111,0.03101952264561239,0.32799765130178804,0.18181818181818182,0.5,0.0,0.36363636363636365,unverified,Insufficient Data,Insufficient Data,Insufficient Data,Insufficient Data,Insufficient Data,False,False,,,,,,lane,SC,CE,South,Northeast,True,False
MA>PR,9,3.0,0,0.0,9,3.0,1,1.0,9,3,2,2,7,1,6,0,3,3,0.3333333333333333,0.1205838183869109,0.6457978644196036,0.6179435590060149,2.382056440993985,0.4673108064761832,5.194237220770417,True,False,0.544068471259685,5.514011854158874,2.455931528740315,1.0,0.3333333333333333,0.1205838183869109,0.6457978644196036,1.1087832650972365,1.8912167349027635,-0.023528899615038373,4.703397514679196,0.6278284743397883,0.3721715256602117,0.521691403480687,-0.521691403480687,0.0,2.7755575615628914e-17,0.3903342879021653,0.2222222222222222,0.3333333333333333,,0.3333333333333333,unverified,Insufficient Data,Insufficient Data,Insufficient Data,Insufficient Data,Insufficient Data,False,False,,,,,,lane,MA,PR,Northeast,South,False,True
PR>PA,53,6.0,19,1.0,34,5.0,10,2.0,53,9,5,3,48,6,47,5,6,4,0.11320754716981132,0.05293030947702562,0.22576519111992185,3.6390009585909766,2.3609990414090234,-0.8336945563086186,8.326554170764881,False,False,2.59375716601417,2.313246621008939,3.40624283398583,1.0,0.16981132075471697,0.09199945379618975,0.2922528028109605,6.529501450017059,2.470498549982941,-1.6535303988190027,8.959897098963847,4.305109538329977,1.694890461670023,4.086582660598715,0.9134173394012848,0.10638297872340426,0.04630478218108157,0.22594269343738355,0.09433962264150944,0.3333333333333333,0.05263157894736842,0.14705882352941177,unverified,Insufficient Data,Insufficient Data,Insufficient Data,Insufficient Data,Insufficient Data,False,False,,,,,,lane,PR,PA,South,North,False,False
PR>PB,40,5.0,18,2.0,22,3.0,9,1.0,40,7,6,4,34,3,35,3,5,4,0.125,0.05459500250945401,0.261121198388511,2.7464158178045106,2.2535841821954894,-0.5626157174263502,7.69843211773593,False,False,2.266651018709575,2.2058975813782506,2.733348981290425,1.0,0.175,0.0874541374603592,0.31949990331787714,4.927925622654384,2.072074377345616,-1.4297601242400164,7.852070510060702,3.0494525896504,-0.049452589650400114,3.043199853637341,-0.0431998536373408,0.08571428571428572,0.02958236826696982,0.22379273965896496,0.15,0.2,0.1111111111111111,0.13636363636363635,unverified,Insufficient Data,Insufficient Data,Insufficient Data,Insufficient Data,Insufficient Data,False,False,,,,,,lane,PR,PB,South,Northeast,True,False
MA>MG,31,4.0,0,0.0,31,4.0,4,1.0,30,3,3,2,27,1,26,1,4,2,0.12903225806451613,0.051342843746291486,0.28852406256306423,2.128472258798496,1.8715277412015041,-0.5368441026634596,6.815773680656496,False,False,1.6412741594715412,2.437130918632097,2.358725840528459,0.967741935483871,0.1,0.03459988874733419,0.25621082579184085,3.6959442169907883,-0.6959442169907883,-2.6579475545707627,3.9903805567644373,2.4216241153106117,-1.4216241153106117,2.26066274841631,-1.2606627484163102,0.038461538461538464,0.006821984993543487,0.18892778903034757,0.1,0.25,,0.12903225806451613,unverified,Insufficient Data,Insufficient Data,Insufficient Data,Insufficient Data,Insufficient Data,False,False,,,,,,lane,MA,MG,Northeast,Southeast,False,True
PR>ES,104,9.0,38,2.0,66,7.0,22,4.0,101,13,8,3,93,10,93,9,8,4,0.08653846153846154,0.0461959485638481,0.15633709447491023,7.140681126291728,1.859318873708272,-2.336302475651525,9.118376699098937,False,False,6.971417853977452,1.2909855912402621,2.028582146022548,0.9711538461538461,0.12871287128712872,0.07678714443671886,0.20784699892951097,12.44301219720232,0.5569878027976802,-4.687510609093716,8.549534694678288,8.34114973051433,1.6588502694856704,8.086216753950648,0.913783246049352,0.0967741935483871,0.051751669227736746,0.17378663933011418,0.07920792079207921,0.4444444444444444,0.05263157894736842,0.10606060606060606,consistent,No Signal,No Signal,No Signal,No Signal,No Signal,True,False,28.0,24.0,24.0,25.0,32.0,lane,PR,ES,South,Southeast,False,False
MS>BA,3,2.0,1,0.0,2,2.0,0,0.0,2,0,0,0,2,0,1,0,1,0,0.6666666666666666,0.2076596008020477,0.9385080552796037,0.2059811863353383,1.7940188136646618,0.4169976160708048,2.6095429795034724,True,False,0.1234032410774984,16.207029754947694,1.8765967589225017,0.6666666666666666,0.0,0.0,0.6576197724933469,0.24639628113271922,-0.24639628113271922,-0.24639628113271922,1.0688432638539747,0.17937956409708236,-0.17937956409708236,0.08694856724678117,-0.08694856724678117,0.0,0.0,0.7934506856227626,0.0,0.0,0.0,1.0,unverified,Insufficient Data,Insufficient Data,Insufficient Data,Insufficient Data,Insufficient Data,False,False,,,,,,lane,MS,BA,Central-West,Northeast,True,False
SC>PB,18,3.0,8,0.0,10,3.0,1,0.0,18,3,2,2,16,1,15,1,3,2,0.16666666666666666,0.05836576805861446,0.39222038103915724,1.2358871180120299,1.7641128819879701,-0.1853032929569695,5.824079740692801,False,False,0.8154155995905745,3.679105478858044,2.1845844004094257,1.0,0.16666666666666666,0.05836576805861446,0.39222038103915724,2.217566530194473,0.7824334698055271,-1.1669827051394126,4.842400328510358,1.435036512776659,-0.4350365127766589,1.3042285087017176,-0.3042285087017176,0.06666666666666667,0.011866895493268553,0.2981652987378003,0.1111111111111111,0.0,0.0,0.3,unverified,Insufficient Data,Insufficient Data,Insufficient Data,Insufficient Data,Insufficient Data,False,False,,,,,,lane,SC,PB,South,Northeast,True,False
RJ>SE,18,3.0,7,1.0,11,2.0,2,1.0,18,1,2,1,16,0,15,0,3,1,0.16666666666666666,0.05836576805861446,0.39222038103915724,1.2358871180120299,1.7641128819879701,-0.1853032929569695,5.824079740692801,False,False,1.1114559091099108,2.6991624007851964,1.8885440908900892,1.0,0.05555555555555555,0.009875190978303097,0.25757300781872594,2.217566530194473,-1.217566530194473,-2.039813092585017,2.418747610542594,1.435036512776659,-1.435036512776659,1.3042285087017176,-1.3042285087017176,0.0,0.0,0.20388330103584862,0.1111111111111111,0.3333333333333333,0.14285714285714285,0.18181818181818182,unverified,Insufficient Data,Insufficient Data,Insufficient Data,Insufficient Data,Insufficient Data,False,False,,,,,,lane,RJ,SE,Southeast,Northeast,True,False
PR>RN,19,3.0,5,1.0,14,2.0,7,2.0,19,4,3,3,16,1,16,1,3,3,0.15789473684210525,0.05520471638534141,0.37565475270329074,1.3045475134571425,1.6954524865428575,-0.2556579021356557,5.832892787905381,False,False,1.581761585931043,1.8966195833072819,1.418238414068957,1.0,0.21052631578947367,0.08507676632916253,0.43334278443814167,2.3407646707608327,1.6592353292391673,-0.7243061105067445,5.89274823356386,1.435036512776659,-0.4350365127766589,1.3911770759484987,-0.3911770759484987,0.0625,0.01111934476464252,0.28328737570298945,0.15789473684210525,0.6666666666666666,0.2,0.14285714285714285,unverified,Insufficient Data,Insufficient Data,Insufficient Data,Insufficient Data,Insufficient Data,False,False,,,,,,lane,PR,RN,South,Northeast,True,False
MG>SE,35,4.0,24,3.0,11,1.0,3,1.0,34,5,2,2,32,3,31,3,3,2,0.11428571428571428,0.04535179333097357,0.2595146864621381,2.4031138405789467,1.5968861594210533,-0.8158010739948719,6.679900185595887,False,False,1.9145964842246803,2.089213070721692,2.0854035157753197,0.9714285714285714,0.14705882352941177,0.06449441444782457,0.3012805649545216,4.188736779256227,0.8112632207437729,-1.9959266880301914,6.054802429197507,2.870073025553318,0.12992697444668222,2.6954055846502163,0.3045944153497837,0.0967741935483871,0.03346464416319736,0.24899938443392836,0.058823529411764705,0.25,0.125,0.09090909090909091,unverified,Insufficient Data,Insufficient Data,Insufficient Data,Insufficient Data,Insufficient Data,False,False,,,,,,lane,MG,SE,Southeast,Northeast,True,False
DF>RN,6,2.0,2,0.0,4,2.0,1,1.0,6,2,2,2,4,0,4,0,2,2,0.3333333333333333,0.09677141110578041,0.700006684861608,0.4119623726706766,1.5880376273293235,0.1686660939640059,3.788077736498971,True,False,0.27557757478114325,7.2574845815678195,1.7244224252188567,1.0,0.3333333333333333,0.09677141110578041,0.700006684861608,0.7391888433981577,1.2608111566018423,-0.15856037676347517,3.4608512657714905,0.3587591281941647,-0.3587591281941647,0.3477942689871247,-0.3477942689871247,0.0,0.0,0.4898908364545973,0.3333333333333333,0.5,0.0,0.5,unverified,Insufficient Data,Insufficient Data,Insufficient Data,Insufficient Data,Insufficient Data,False,False,,,,,,lane,DF,RN,Central-West,Northeast,True,False
MA>PE,21,3.0,0,0.0,21,3.0,4,1.0,20,3,2,1,18,2,18,2,2,1,0.14285714285714285,0.04981012499725268,0.34636060280620945,1.4418683043473681,1.5581316956526319,-0.3958556794050618,5.831704354583031,False,False,1.290112224876133,2.325379096603815,1.709887775123867,0.9523809523809523,0.15,0.052368745896216595,0.36041886474075696,2.463962811327192,0.5360371886728079,-1.4165878934028604,4.744414483487947,1.6144160768737412,0.3855839231262588,1.565074210442061,0.43492578955793904,0.1111111111111111,0.03101952264561239,0.32799765130178804,0.1,0.3333333333333333,,0.14285714285714285,unverified,Insufficient Data,Insufficient Data,Insufficient Data,Insufficient Data,Insufficient Data,False,False,,,,,,lane,MA,PE,Northeast,Northeast,True,True
ES>ES,7,2.0,4,1.0,3,1.0,1,0.0,6,1,1,0,5,1,4,1,2,0,0.2857142857142857,0.08221892400405678,0.6410655481673808,0.48062276811578936,1.5193772318842107,0.09490969991260811,4.0068360690558755,True,False,0.38867564790658105,5.145678693203604,1.611324352093419,0.8571428571428571,0.16666666666666666,0.030053369748306635,0.5635028221864702,0.7391888433981577,0.2608111566018423,-0.5588686249083179,2.6418280897206636,0.4484489102427059,0.5515510897572942,0.3477942689871247,0.6522057310128753,0.25,0.04558726080970055,0.6993581574175981,0.16666666666666666,0.0,0.25,0.3333333333333333,unverified,Insufficient Data,Insufficient Data,Insufficient Data,Insufficient Data,Insufficient Data,False,False,,,,,,lane,ES,ES,Southeast,Southeast,False,False
RJ>PI,22,3.0,4,0.0,18,3.0,6,2.0,22,3,2,1,20,2,19,1,3,2,0.13636363636363635,0.04749003714055253,0.33334987166571717,1.5105286997924807,1.4894713002075193,-0.46574788270032524,5.823168476853297,False,False,1.6297980022609793,1.840718908624365,1.3702019977390207,1.0,0.13636363636363635,0.04749003714055253,0.33334987166571717,2.7103590924599112,0.28964090754008875,-1.6655782753677557,4.623338084185867,1.7937956409708236,0.20620435902917644,1.6520227776888423,-0.6520227776888423,0.05263157894736842,0.009351994062300362,0.24638731166898786,0.09090909090909091,0.6666666666666666,0.0,0.16666666666666666,unverified,Insufficient Data,Insufficient Data,Insufficient Data,Insufficient Data,Insufficient Data,False,False,,,,,,lane,RJ,PI,Southeast,Northeast,True,False
RJ>RN,22,3.0,4,1.0,18,2.0,4,0.0,22,3,3,3,19,0,19,0,3,3,0.13636363636363635,0.04749003714055253,0.33334987166571717,1.5105286997924807,1.4894713002075193,-0.46574788270032524,5.823168476853297,False,False,1.5760138216239301,1.9035366053508271,1.4239861783760699,1.0,0.13636363636363635,0.04749003714055253,0.33334987166571717,2.7103590924599112,0.28964090754008875,-1.6655782753677557,4.623338084185867,1.7041058589222824,-1.7041058589222824,1.6520227776888423,-1.6520227776888423,0.0,0.0,0.16817922405261626,0.13636363636363635,0.0,0.25,0.1111111111111111,unverified,Insufficient Data,Insufficient Data,Insufficient Data,Insufficient Data,Insufficient Data,False,False,,,,,,lane,RJ,RN,Southeast,Northeast,True,False
DF>RS,22,3.0,9,0.0,13,3.0,3,1.0,22,5,3,3,19,2,19,2,3,3,0.13636363636363635,0.04749003714055253,0.33334987166571717,1.5105286997924807,1.4894713002075193,-0.46574788270032524,5.823168476853297,False,False,1.496490437307252,2.004690391071343,1.503509562692748,1.0,0.22727272727272727,0.10123039985248516,0.4343995317522171,2.7103590924599112,2.2896409075400888,-0.4832902957052378,6.846430606088866,1.7041058589222824,0.2958941410777176,1.6520227776888423,0.3479772223111577,0.10526315789473684,0.02935856029887013,0.31394082711109006,0.13636363636363635,0.3333333333333333,0.0,0.23076923076923078,unverified,Insufficient Data,Insufficient Data,Insufficient Data,Insufficient Data,Insufficient Data,False,False,,,,,,lane,DF,RS,Central-West,South,False,False
RJ>DF,95,8.0,17,0.0,78,8.0,24,6.0,95,11,6,6,89,5,87,4,8,7,0.08421052631578947,0.0432881153842945,0.15745213124326723,6.522737567285713,1.4772624327142871,-2.4103666057777353,8.435214900824676,False,False,8.11555316557781,0.9857615170253669,-0.11555316557780948,1.0,0.11578947368421053,0.06589857581116428,0.19554494322443078,11.703823353804163,-0.7038233538041627,-5.443458651743557,6.872946252516761,7.982390602320165,-2.982390602320165,7.564525350469962,-3.564525350469962,0.04597701149425287,0.018022688467086906,0.11233033507987294,0.06315789473684211,0.75,0.0,0.10256410256410256,unverified,Insufficient Data,Insufficient Data,Insufficient Data,Insufficient Data,Insufficient Data,False,False,,,,,,lane,RJ,DF,Southeast,Central-West,False,False
DF>PB,8,2.0,3,1.0,5,1.0,1,0.0,8,2,2,2,6,0,6,0,2,2,0.25,0.071479212752109,0.5907245696898311,0.5492831635609021,1.4507168364390979,0.022550538455969882,4.176513393957746,True,False,0.39910297748904844,5.011237983196657,1.6008970225109516,1.0,0.25,0.071479212752109,0.5907245696898311,0.9855851245308769,1.0144148754691231,-0.4137514225140049,3.7402114329877723,0.5381386922912471,-0.5381386922912471,0.521691403480687,-0.521691403480687,0.0,2.7755575615628914e-17,0.3903342879021653,0.25,0.0,0.3333333333333333,0.2,unverified,Insufficient Data,Insufficient Data,Insufficient Data,Insufficient Data,Insufficient Data,False,False,,,,,,lane,DF,PB,Central-West,Northeast,True,False
DF>PI,8,2.0,4,0.0,4,2.0,1,1.0,8,3,1,1,7,2,6,1,2,2,0.25,0.071479212752109,0.5907245696898311,0.5492831635609021,1.4507168364390979,0.022550538455969882,4.176513393957746,True,False,0.4344990067663228,4.603002466874721,1.5655009932336772,1.0,0.375,0.13684428582359742,0.6942576053973727,0.9855851245308769,2.0144148754691233,0.1091691620579025,4.568475718648105,0.6278284743397883,1.3721715256602116,0.521691403480687,0.478308596519313,0.16666666666666666,0.030053369748306635,0.5635028221864702,0.125,0.5,0.0,0.5,unverified,Insufficient Data,Insufficient Data,Insufficient Data,Insufficient Data,Insufficient Data,False,False,,,,,,lane,DF,PI,Central-West,Northeast,True,False
BA>RN,8,2.0,4,1.0,4,1.0,2,0.0,8,2,2,1,6,1,6,1,2,1,0.25,0.071479212752109,0.5907245696898311,0.5492831635609021,1.4507168364390979,0.022550538455969882,4.176513393957746,True,False,0.5250818418028866,3.8089300386639366,1.4749181581971134,1.0,0.25,0.071479212752109,0.5907245696898311,0.9855851245308769,1.0144148754691231,-0.4137514225140049,3.7402114329877723,0.5381386922912471,0.4618613077087529,0.521691403480687,0.478308596519313,0.16666666666666666,0.030053369748306635,0.5635028221864702,0.25,0.0,0.25,0.25,unverified,Insufficient Data,Insufficient Data,Insufficient Data,Insufficient Data,Insufficient Data,False,False,,,,,,lane,BA,RN,Northeast,Northeast,True,True
PE>PI,8,2.0,0,0.0,8,2.0,1,0.0,8,1,0,0,8,1,6,0,2,1,0.25,0.071479212752109,0.5907245696898311,0.5492831635609021,1.4507168364390979,0.022550538455969882,4.176513393957746,True,False,0.5416791937301947,3.692222302701516,1.4583208062698052,1.0,0.125,0.02241749145005667,0.4708881822128535,0.9855851245308769,0.014414875469123123,-0.8062451929304235,2.781520333171951,0.7175182563883294,0.28248174361167055,0.521691403480687,-0.521691403480687,0.0,2.7755575615628914e-17,0.3903342879021653,0.0,0.0,,0.25,unverified,Insufficient Data,Insufficient Data,Insufficient Data,Insufficient Data,Insufficient Data,False,False,,,,,,lane,PE,PI,Northeast,Northeast,True,True
GO>PE,10,2.0,5,1.0,5,1.0,3,1.0,10,1,2,1,8,0,8,0,2,1,0.2,0.05668215145437519,0.5098375284633583,0.6866039544511277,1.3133960455488722,-0.11978243990737575,4.4117713301824555,False,False,0.9000137184094283,2.2221883501226514,1.0999862815905717,1.0,0.1,0.017876213095072896,0.4041500267952385,1.231981405663596,-0.23198140566359604,-1.053219274712867,2.809518862288789,0.7175182563883294,-0.7175182563883294,0.6955885379742494,-0.6955885379742494,0.0,0.0,0.32440756488388023,0.2,0.5,0.2,0.2,unverified,Insufficient Data,Insufficient Data,Insufficient Data,Insufficient Data,Insufficient Data,False,False,,,,,,lane,GO,PE,Central-West,Northeast,True,False
MA>BA,10,2.0,0,0.0,10,2.0,2,0.0,9,0,1,0,8,0,8,0,1,0,0.2,0.05668215145437519,0.5098375284633583,0.6866039544511277,1.3133960455488722,-0.11978243990737575,4.4117713301824555,False,False,0.8268428880540629,2.4188392122558,1.1731571119459372,0.9,0.0,0.0,0.2991450484195441,1.1087832650972365,-1.1087832650972365,-1.1087832650972365,1.5835221706786604,0.7175182563883294,-0.7175182563883294,0.6955885379742494,-0.6955885379742494,0.0,0.0,0.32440756488388023,0.1111111111111111,0.0,,0.2,unverified,Insufficient Data,Insufficient Data,Insufficient Data,Insufficient Data,Insufficient Data,False,False,,,,,,lane,MA,BA,Northeast,Northeast,True,True
SC>MT,26,3.0,10,1.0,16,2.0,6,1.0,26,3,3,1,23,2,23,2,3,1,0.11538461538461539,0.04003244623610615,0.2897590321171364,1.785170281572932,1.214829718427068,-0.7443266794341721,5.748564553472614,False,False,1.5425362264581084,1.9448489756953353,1.4574637735418916,1.0,0.11538461538461539,0.04003244623610615,0.2897590321171364,3.20315165472535,-0.20315165472535002,-2.16230805258659,4.330583180320196,2.062864987116447,-0.06286498711644706,1.9998170466759668,0.00018295332403317488,0.08695652173913043,0.024180004484220363,0.26795981075743663,0.11538461538461539,0.3333333333333333,0.1,0.125,unverified,Insufficient Data,Insufficient Data,Insufficient Data,Insufficient Data,Insufficient Data,False,False,,,,,,lane,SC,MT,South,Central-West,False,False
ES>SP,100,8.0,43,2.0,57,6.0,23,5.0,99,10,2,1,97,9,92,8,7,2,0.08,0.041093461484380624,0.14998107700948735,6.866039544511277,1.1339604554887233,-2.756693396073214,8.132068156437459,False,False,7.286236912543717,1.097960455585447,0.7137630874562833,0.99,0.10101010101010101,0.055796675028805004,0.1760306356111785,12.196615916069602,-2.196615916069602,-6.672745088217906,5.230417009437069,8.699908858708495,0.3000911412915048,7.999268186703867,0.0007318132961326995,0.08695652173913043,0.044721188963793644,0.16230256740258947,0.020202020202020204,0.625,0.046511627906976744,0.10526315789473684,consistent,No Signal,No Signal,No Signal,No Signal,No Signal,True,False,29.0,26.0,27.0,28.0,38.0,lane,ES,SP,Southeast,Southeast,False,False
RJ>AL,13,2.0,5,1.0,8,1.0,0,0.0,13,2,1,1,12,1,11,1,2,1,0.15384615384615385,0.043258178358081184,0.4223463101948254,0.892585140786466,1.107414859213534,-0.3302288221314106,4.597916891746264,False,False,0.3955272322746157,5.0565418428923605,1.6044727677253843,1.0,0.15384615384615385,0.043258178358081184,0.4223463101948254,1.601575827362675,0.398424172637325,-1.0392195087076195,3.8889262051700553,1.0762773845824942,-0.07627738458249422,0.9564342397145928,0.04356576028540715,0.09090909090909091,0.016232172885884855,0.37735843645159567,0.07692307692307693,0.0,0.2,0.125,unverified,Insufficient Data,Insufficient Data,Insufficient Data,Insufficient Data,Insufficient Data,False,False,,,,,,lane,RJ,AL,Southeast,Northeast,True,False
PE>RS,13,2.0,4,0.0,9,2.0,4,2.0,13,2,1,1,12,1,11,1,2,1,0.15384615384615385,0.043258178358081184,0.4223463101948254,0.892585140786466,1.107414859213534,-0.3302288221314106,4.597916891746264,False,False,0.9210266948467799,2.1714897203199044,1.07897330515322,1.0,0.15384615384615385,0.043258178358081184,0.4223463101948254,1.601575827362675,0.398424172637325,-1.0392195087076195,3.8889262051700553,1.0762773845824942,-0.07627738458249422,0.9564342397145928,0.04356576028540715,0.09090909090909091,0.016232172885884855,0.37735843645159567,0.07692307692307693,1.0,0.0,0.2222222222222222,unverified,Insufficient Data,Insufficient Data,Insufficient Data,Insufficient Data,Insufficient Data,False,False,,,,,,lane,PE,RS,Northeast,South,False,True
RJ>RO,13,2.0,4,1.0,9,1.0,3,1.0,13,5,2,1,11,4,11,4,2,1,0.15384615384615385,0.043258178358081184,0.4223463101948254,0.892585140786466,1.107414859213534,-0.3302288221314106,4.597916891746264,False,False,0.6232975835508704,3.2087401792995562,1.3767024164491297,1.0,0.38461538461538464,0.17709707797762575,0.6447710848733431,1.601575827362675,3.398424172637325,0.7006861863464598,6.780448275990786,0.986587602533953,3.013412397466047,0.9564342397145928,3.043565760285407,0.36363636363636365,0.15166471095367573,0.6461988254921511,0.15384615384615385,0.5,0.25,0.1111111111111111,unverified,Insufficient Data,Insufficient Data,Insufficient Data,Insufficient Data,Insufficient Data,False,False,,,,,,lane,RJ,RO,Southeast,North,False,False
BA>CE,14,2.0,9,2.0,5,0.0,3,0.0,14,1,1,1,13,0,12,0,2,1,0.14285714285714285,0.040093921271464966,0.39941379496970353,0.9612455362315787,1.0387544637684214,-0.3999306384310692,4.630547593344271,False,False,0.9746642421673127,2.0519886884869183,1.0253357578326874,1.0,0.07142857142857142,0.012722215247890939,0.31468704424151117,1.7247739679290346,-0.7247739679290346,-1.5466629544585615,2.680844651452122,1.1659671666310354,-1.1659671666310354,1.043382806961374,-1.043382806961374,0.0,2.7755575615628914e-17,0.24249400665524085,0.07142857142857142,0.0,0.2222222222222222,0.0,unverified,Insufficient Data,Insufficient Data,Insufficient Data,Insufficient Data,Insufficient Data,False,False,,,,,,lane,BA,CE,Northeast,Northeast,True,True
PR>TO,15,2.0,5,1.0,10,1.0,5,1.0,15,2,2,2,13,0,13,0,2,2,0.13333333333333333,0.03736125910306537,0.37881982832322364,1.0299059316766914,0.9700940683233086,-0.46948704513071093,4.652391493171663,False,False,1.1771408128533247,1.6990320768439842,0.8228591871466753,1.0,0.13333333333333333,0.03736125910306537,0.37881982832322364,1.8479721084953942,0.15202789150460583,-1.2875532219494137,3.83432531635296,1.1659671666310354,-1.1659671666310354,1.130331374208155,-1.130331374208155,0.0,0.0,0.22809537235419838,0.13333333333333333,0.5,0.2,0.1,unverified,Insufficient Data,Insufficient Data,Insufficient Data,Insufficient Data,Insufficient Data,False,False,,,,,,lane,PR,TO,South,North,False,False
ES>RJ,59,5.0,29,2.0,30,3.0,8,1.0,59,8,4,1,55,7,54,7,5,1,0.0847457627118644,0.03674203301763673,0.18351795267410276,4.050963331261653,0.9490366687383469,-1.8831833832210858,6.7765958765104095,False,False,3.1564789222438323,1.5840435254500835,1.8435210777561677,1.0,0.13559322033898305,0.0703417467253372,0.24539660806537295,7.268690293415217,0.7313097065847831,-3.118527236620322,7.2097095824417865,4.932938012669765,2.067061987330235,4.695222631326184,2.3047773686738164,0.12962962962962962,0.06423720747326257,0.2442173022236977,0.06779661016949153,0.2,0.06896551724137931,0.1,unverified,Insufficient Data,Insufficient Data,Insufficient Data,Insufficient Data,Insufficient Data,False,False,,,,,,lane,ES,RJ,Southeast,Southeast,False,False
AM>AL,1,1.0,1,1.0,0,0.0,0,0.0,1,1,1,1,0,0,0,0,1,1,1.0,0.20654931437723745,1.0,0.06866039544511277,0.9313396045548872,0.13788891893212468,0.9313396045548872,True,False,0.016877637130801686,59.25000000000001,0.9831223628691983,1.0,1.0,0.20654931437723745,1.0,0.12319814056635961,0.8768018594336404,0.08335117381087784,0.8768018594336404,0.0,0.0,0.0,0.0,,,,1.0,0.0,1.0,,unverified,Insufficient Data,Insufficient Data,Insufficient Data,Insufficient Data,Insufficient Data,False,False,,,,,,lane,AM,AL,North,Northeast,True,False
CE>AM,1,1.0,1,1.0,0,0.0,0,0.0,1,1,1,1,0,0,0,0,1,1,1.0,0.20654931437723745,1.0,0.06866039544511277,0.9313396045548872,0.13788891893212468,0.9313396045548872,True,False,0.022377622377622378,44.6875,0.9776223776223776,1.0,1.0,0.20654931437723745,1.0,0.12319814056635961,0.8768018594336404,0.08335117381087784,0.8768018594336404,0.0,0.0,0.0,0.0,,,,1.0,0.0,1.0,,unverified,Insufficient Data,Insufficient Data,Insufficient Data,Insufficient Data,Insufficient Data,False,False,,,,,,lane,CE,AM,Northeast,North,False,True
BA>AC,1,1.0,1,1.0,0,0.0,0,0.0,1,1,1,1,0,0,0,0,1,1,1.0,0.20654931437723745,1.0,0.06866039544511277,0.9313396045548872,0.13788891893212468,0.9313396045548872,True,False,0.05732484076433121,17.444444444444443,0.9426751592356688,1.0,1.0,0.20654931437723745,1.0,0.12319814056635961,0.8768018594336404,0.08335117381087784,0.8768018594336404,0.0,0.0,0.0,0.0,,,,1.0,0.0,1.0,,unverified,Insufficient Data,Insufficient Data,Insufficient Data,Insufficient Data,Insufficient Data,False,False,,,,,,lane,BA,AC,Northeast,North,False,True
MG>TO,16,2.0,7,0.0,9,2.0,1,1.0,16,1,1,1,15,0,14,0,2,1,0.125,0.03497748774324047,0.36022827265758695,1.0985663271218042,0.9014336728781958,-0.5389265232299567,4.665086035399587,False,False,0.8157953130173475,2.451595354970458,1.1842046869826524,1.0,0.0625,0.01111934476464252,0.28328737570298945,1.9711702490617538,-0.9711702490617538,-1.7932607328274734,2.5614277621860775,1.3453467307281177,-1.3453467307281177,1.2172799414549365,-1.2172799414549365,0.0,1.3877787807814457e-17,0.2153108027376358,0.0625,0.5,0.0,0.2222222222222222,unverified,Insufficient Data,Insufficient Data,Insufficient Data,Insufficient Data,Insufficient Data,False,False,,,,,,lane,MG,TO,Southeast,North,False,False
MA>RS,17,2.0,0,0.0,17,2.0,2,1.0,17,2,2,1,15,1,15,1,2,1,0.11764705882352941,0.03287977376379267,0.3433635059488588,1.167226722566917,0.8327732774330829,-0.6082705685824417,4.669952878563683,False,False,0.5380575847870548,3.717074262212163,1.4619424152129452,1.0,0.11764705882352941,0.03287977376379267,0.3433635059488588,2.0943683896281136,-0.09436838962811356,-1.535412235643638,3.742811211502486,1.3453467307281177,-0.3453467307281177,1.3042285087017176,-0.3042285087017176,0.06666666666666667,0.011866895493268553,0.2981652987378003,0.11764705882352941,0.5,,0.11764705882352941,unverified,Insufficient Data,Insufficient Data,Insufficient Data,Insufficient Data,Insufficient Data,False,False,,,,,,lane,MA,RS,Northeast,South,False,True
RS>PE,17,2.0,6,1.0,11,1.0,4,1.0,17,4,2,2,15,2,15,2,2,2,0.11764705882352941,0.03287977376379267,0.3433635059488588,1.167226722566917,0.8327732774330829,-0.6082705685824417,4.669952878563683,False,False,1.1402878511753471,1.753943092473105,0.8597121488246529,1.0,0.23529411764705882,0.09555044322080117,0.4726179811956498,2.0943683896281136,1.9056316103718864,-0.4700108548744935,5.940137290697933,1.3453467307281177,0.6546532692718823,1.3042285087017176,0.6957714912982824,0.13333333333333333,0.03736125910306537,0.37881982832322364,0.11764705882352941,0.5,0.16666666666666666,0.09090909090909091,unverified,Insufficient Data,Insufficient Data,Insufficient Data,Insufficient Data,Insufficient Data,False,False,,,,,,lane,RS,PE,South,Northeast,True,False
RJ>MS,32,3.0,6,0.0,26,3.0,8,2.0,32,3,2,2,30,1,29,1,3,2,0.09375,0.032401551298366194,0.24218154728387864,2.1971326542436085,0.8028673457563915,-1.1602830126958903,5.552676858840508,False,False,2.4289332048888927,1.2351101273438392,0.5710667951111073,1.0,0.09375,0.032401551298366194,0.24218154728387864,3.9423404981235075,-0.9423404981235075,-2.9054908565757893,3.807469014960609,2.6906934614562354,-1.6906934614562354,2.521508450156654,-1.521508450156654,0.034482758620689655,0.006113214292762653,0.17175521879320288,0.0625,0.6666666666666666,0.0,0.11538461538461539,unverified,Insufficient Data,Insufficient Data,Insufficient Data,Insufficient Data,Insufficient Data,False,False,,,,,,lane,RJ,MS,Southeast,Central-West,False,False
DF>SE,3,1.0,2,1.0,1,0.0,1,0.0,3,2,1,1,2,1,2,1,1,1,0.3333333333333333,0.06149194472039621,0.7923403991979522,0.2059811863353383,0.7940188136646618,-0.021505352174149672,2.171040011258518,False,False,0.1791679502087193,5.581355364254954,0.8208320497912807,1.0,0.6666666666666666,0.2076596008020477,0.9385080552796037,0.36959442169907886,1.630405578300921,0.25338438070706426,2.4459297441397325,0.17937956409708236,0.8206204359029177,0.17389713449356234,0.8261028655064376,0.5,0.09453120573423074,0.9054687942657693,0.3333333333333333,0.0,0.5,0.0,unverified,Insufficient Data,Insufficient Data,Insufficient Data,Insufficient Data,Insufficient Data,False,False,,,,,,lane,DF,SE,Central-West,Northeast,True,False
RN>CE,3,1.0,1,0.0,2,1.0,2,1.0,3,1,1,1,2,0,2,0,1,1,0.3333333333333333,0.06149194472039621,0.7923403991979522,0.2059811863353383,0.7940188136646618,-0.021505352174149672,2.171040011258518,False,False,0.3670556254807356,2.724382710904627,0.6329443745192644,1.0,0.3333333333333333,0.06149194472039621,0.7923403991979522,0.36959442169907886,0.6304055783009211,-0.1851185875378902,2.007426775894778,0.17937956409708236,-0.17937956409708236,0.17389713449356234,-0.17389713449356234,0.0,0.0,0.6576197724933469,0.3333333333333333,1.0,0.0,0.5,unverified,Insufficient Data,Insufficient Data,Insufficient Data,Insufficient Data,Insufficient Data,False,False,,,,,,lane,RN,CE,Northeast,Northeast,True,True
CE>PI,3,1.0,1,0.0,2,1.0,2,1.0,3,1,1,1,2,0,2,0,1,1,0.3333333333333333,0.06149194472039621,0.7923403991979522,0.2059811863353383,0.7940188136646618,-0.021505352174149672,2.171040011258518,False,False,0.4034617126904899,2.478549930627832,0.5965382873095101,1.0,0.3333333333333333,0.06149194472039621,0.7923403991979522,0.36959442169907886,0.6304055783009211,-0.1851185875378902,2.007426775894778,0.17937956409708236,-0.17937956409708236,0.17389713449356234,-0.17389713449356234,0.0,0.0,0.6576197724933469,0.3333333333333333,1.0,0.0,0.5,unverified,Insufficient Data,Insufficient Data,Insufficient Data,Insufficient Data,Insufficient Data,False,False,,,,,,lane,CE,PI,Northeast,Northeast,True,True
ES>PA,3,1.0,1,0.0,2,1.0,1,0.0,3,1,1,1,2,0,2,0,1,1,0.3333333333333333,0.06149194472039621,0.7923403991979522,0.2059811863353383,0.7940188136646618,-0.021505352174149672,2.171040011258518,False,False,0.23969502045943006,4.171968187254255,0.76030497954057,1.0,0.3333333333333333,0.06149194472039621,0.7923403991979522,0.36959442169907886,0.6304055783009211,-0.1851185875378902,2.007426775894778,0.17937956409708236,-0.17937956409708236,0.17389713449356234,-0.17389713449356234,0.0,0.0,0.6576197724933469,0.3333333333333333,0.0,0.0,0.5,unverified,Insufficient Data,Insufficient Data,Insufficient Data,Insufficient Data,Insufficient Data,False,False,,,,,,lane,ES,PA,Southeast,North,False,False
CE>PA,3,1.0,0,0.0,3,1.0,0,0.0,3,2,1,1,2,1,2,1,1,1,0.3333333333333333,0.06149194472039621,0.7923403991979522,0.2059811863353383,0.7940188136646618,-0.021505352174149672,2.171040011258518,False,False,0.06813960203593486,14.675753454982447,0.9318603979640652,1.0,0.6666666666666666,0.2076596008020477,0.9385080552796037,0.36959442169907886,1.630405578300921,0.25338438070706426,2.4459297441397325,0.17937956409708236,0.8206204359029177,0.17389713449356234,0.8261028655064376,0.5,0.09453120573423074,0.9054687942657693,0.3333333333333333,0.0,,0.3333333333333333,unverified,Insufficient Data,Insufficient Data,Insufficient Data,Insufficient Data,Insufficient Data,False,False,,,,,,lane,CE,PA,Northeast,North,False,True
ES>RS,18,2.0,8,0.0,10,2.0,3,1.0,18,0,1,0,17,0,16,0,2,0,0.1111111111111111,0.03101952264561239,0.32799765130178804,1.2358871180120299,0.7641128819879701,-0.6775357103910067,4.668070605420155,False,False,1.1111561588844692,1.7999270255657622,0.8888438411155308,1.0,0.0,0.0,0.17587922364665765,2.217566530194473,-2.217566530194473,-2.217566530194473,0.9482594954453647,1.5247262948252,-1.5247262948252,1.3911770759484987,-1.3911770759484987,0.0,0.0,0.1936076805344365,0.05555555555555555,0.5,0.0,0.2,unverified,Insufficient Data,Insufficient Data,Insufficient Data,Insufficient Data,Insufficient Data,False,False,,,,,,lane,ES,RS,Southeast,South,False,False
SC>PA,18,2.0,7,0.0,11,2.0,6,2.0,18,3,2,2,16,1,16,1,2,2,0.1111111111111111,0.03101952264561239,0.32799765130178804,1.2358871180120299,0.7641128819879701,-0.6775357103910067,4.668070605420155,False,False,1.0656553588971092,1.8767793764673437,0.9343446411028908,1.0,0.16666666666666666,0.05836576805861446,0.39222038103915724,2.217566530194473,0.7824334698055271,-1.1669827051394126,4.842400328510358,1.435036512776659,-0.4350365127766589,1.3911770759484987,-0.3911770759484987,0.0625,0.01111934476464252,0.28328737570298945,0.1111111111111111,1.0,0.0,0.18181818181818182,unverified,Insufficient Data,Insufficient Data,Insufficient Data,Insufficient Data,Insufficient Data,False,False,,,,,,lane,SC,PA,South,North,False,False
RN>RS,4,1.0,2,0.0,2,1.0,2,1.0,4,1,1,1,3,0,3,0,1,1,0.25,0.04558726080970055,0.6993581574175981,0.27464158178045106,0.7253584182195489,-0.09229253854164887,2.5227910478899416,False,False,0.41710368213970667,2.397485428251519,0.5828963178602933,1.0,0.25,0.04558726080970055,0.6993581574175981,0.49279256226543844,0.5072074377345616,-0.31044351902663625,2.304640067404954,0.26906934614562356,-0.26906934614562356,0.2608457017403435,-0.2608457017403435,0.0,5.551115123125783e-17,0.5614970317550454,0.25,1.0,0.0,0.5,unverified,Insufficient Data,Insufficient Data,Insufficient Data,Insufficient Data,Insufficient Data,False,False,,,,,,lane,RN,RS,Northeast,South,False,True
MA>PB,4,1.0,0,0.0,4,1.0,3,1.0,4,1,1,1,3,0,3,0,1,1,0.25,0.04558726080970055,0.6993581574175981,0.27464158178045106,0.7253584182195489,-0.09229253854164887,2.5227910478899416,False,False,0.6243770398011611,1.6015963692682544,0.3756229601988389,1.0,0.25,0.04558726080970055,0.6993581574175981,0.49279256226543844,0.5072074377345616,-0.31044351902663625,2.304640067404954,0.26906934614562356,-0.26906934614562356,0.2608457017403435,-0.2608457017403435,0.0,5.551115123125783e-17,0.5614970317550454,0.25,1.0,,0.25,unverified,Insufficient Data,Insufficient Data,Insufficient Data,Insufficient Data,Insufficient Data,False,False,,,,,,lane,MA,PB,Northeast,Northeast,True,True
RN>PR,4,1.0,2,0.0,2,1.0,0,0.0,4,1,1,1,3,0,3,0,1,1,0.25,0.04558726080970055,0.6993581574175981,0.27464158178045106,0.7253584182195489,-0.09229253854164887,2.5227910478899416,False,False,0.2842001519127988,3.5186469580312902,0.7157998480872012,1.0,0.25,0.04558726080970055,0.6993581574175981,0.49279256226543844,0.5072074377345616,-0.31044351902663625,2.304640067404954,0.26906934614562356,-0.26906934614562356,0.2608457017403435,-0.2608457017403435,0.0,5.551115123125783e-17,0.5614970317550454,0.25,0.0,0.0,0.5,unverified,Insufficient Data,Insufficient Data,Insufficient Data,Insufficient Data,Insufficient Data,False,False,,,,,,lane,RN,PR,Northeast,South,False,True
RN>BA,4,1.0,2,1.0,2,0.0,1,0.0,4,1,1,1,3,0,3,0,1,1,0.25,0.04558726080970055,0.6993581574175981,0.27464158178045106,0.7253584182195489,-0.09229253854164887,2.5227910478899416,False,False,0.2134124266852594,4.685762753050926,0.7865875733147406,1.0,0.25,0.04558726080970055,0.6993581574175981,0.49279256226543844,0.5072074377345616,-0.31044351902663625,2.304640067404954,0.26906934614562356,-0.26906934614562356,0.2608457017403435,-0.2608457017403435,0.0,5.551115123125783e-17,0.5614970317550454,0.25,0.0,0.5,0.0,unverified,Insufficient Data,Insufficient Data,Insufficient Data,Insufficient Data,Insufficient Data,False,False,,,,,,lane,RN,BA,Northeast,Northeast,True,True
MA>MT,4,1.0,0,0.0,4,1.0,0,0.0,4,0,0,0,4,0,3,0,1,0,0.25,0.04558726080970055,0.6993581574175981,0.27464158178045106,0.7253584182195489,-0.09229253854164887,2.5227910478899416,False,False,0.10420032575328912,9.596898980600688,0.8957996742467109,1.0,0.0,0.0,0.4898908364545973,0.49279256226543844,-0.49279256226543844,-0.49279256226543844,1.4667707835529509,0.3587591281941647,-0.3587591281941647,0.2608457017403435,-0.2608457017403435,0.0,5.551115123125783e-17,0.5614970317550454,0.0,0.0,,0.25,unverified,Insufficient Data,Insufficient Data,Insufficient Data,Insufficient Data,Insufficient Data,False,False,,,,,,lane,MA,MT,Northeast,Central-West,False,True
SC>PI,19,2.0,5,0.0,14,2.0,7,1.0,19,4,1,1,18,3,17,3,2,1,0.10526315789473684,0.02935856029887013,0.31394082711109006,1.3045475134571425,0.6954524865428575,-0.7467348677786101,4.660328201653568,False,False,1.3934180897871178,1.4353193880994857,0.6065819102128822,1.0,0.21052631578947367,0.08507676632916253,0.43334278443814167,2.3407646707608327,1.6592353292391673,-0.7243061105067445,5.89274823356386,1.6144160768737412,1.3855839231262588,1.4781256431952798,1.5218743568047202,0.17647058823529413,0.06191126637620997,0.41029458568834126,0.05263157894736842,0.5,0.0,0.14285714285714285,unverified,Insufficient Data,Insufficient Data,Insufficient Data,Insufficient Data,Insufficient Data,False,False,,,,,,lane,SC,PI,South,Northeast,True,False
MA>SC,19,2.0,0,0.0,19,2.0,1,0.0,19,2,1,1,18,1,17,1,2,1,0.10526315789473684,0.02935856029887013,0.31394082711109006,1.3045475134571425,0.6954524865428575,-0.7467348677786101,4.660328201653568,False,False,0.7175008309280168,2.787453217877388,1.2824991690719831,1.0,0.10526315789473684,0.02935856029887013,0.31394082711109006,2.3407646707608327,-0.3407646707608327,-1.7829520250823,3.6241110443498785,1.6144160768737412,-0.6144160768737412,1.4781256431952798,-0.47812564319527984,0.058823529411764705,0.010460400984997592,0.26982030637575405,0.05263157894736842,0.0,,0.10526315789473684,unverified,Insufficient Data,Insufficient Data,Insufficient Data,Insufficient Data,Insufficient Data,False,False,,,,,,lane,MA,SC,Northeast,South,False,True
RS>RJ,238,17.0,86,5.0,152,12.0,36,4.0,230,34,11,8,219,26,214,23,16,11,0.07142857142857142,0.04507155257124251,0.11140062141093024,16.341174115936838,0.6588258840631624,-5.61414460398112,10.17217377986456,False,False,14.052676425960062,1.209733967018214,2.947323574039938,0.9663865546218487,0.14782608695652175,0.10775390347430747,0.19946902946069878,28.33557233026271,5.6644276697372895,-3.552174531171993,17.542304445698008,19.642062268630518,6.357937731369482,18.60699339081117,4.393006609188831,0.10747663551401869,0.07269140547200095,0.1561055328634091,0.04782608695652174,0.23529411764705882,0.05813953488372093,0.07894736842105263,inconsistent,No Signal,No Signal,No Signal,No Signal,No Signal,True,False,30.0,31.0,31.0,26.0,22.0,lane,RS,RJ,South,Southeast,False,False
MA>PI,5,1.0,0,0.0,5,1.0,0,0.0,5,0,1,0,4,0,4,0,1,0,0.2,0.03622410863243014,0.6244653702374747,0.3433019772255638,0.6566980227744361,-0.16218143406341312,2.7790248739618093,False,False,0.11294902210382708,8.853551641029362,0.8870509778961729,1.0,0.0,0.0,0.43448246478317476,0.615990702831798,-0.615990702831798,-0.615990702831798,1.556421621084076,0.3587591281941647,-0.3587591281941647,0.3477942689871247,-0.3477942689871247,0.0,0.0,0.4898908364545973,0.2,0.0,,0.2,unverified,Insufficient Data,Insufficient Data,Insufficient Data,Insufficient Data,Insufficient Data,False,False,,,,,,lane,MA,PI,Northeast,Northeast,True,True
MA>PA,5,1.0,0,0.0,5,1.0,0,0.0,5,1,1,1,4,0,4,0,1,1,0.2,0.03622410863243014,0.6244653702374747,0.3433019772255638,0.6566980227744361,-0.16218143406341312,2.7790248739618093,False,False,0.14746831913063643,6.7811175030356114,0.8525316808693636,1.0,0.2,0.03622410863243014,0.6244653702374747,0.615990702831798,0.384009297168202,-0.43487015966964737,2.506336148355576,0.3587591281941647,-0.3587591281941647,0.3477942689871247,-0.3477942689871247,0.0,0.0,0.4898908364545973,0.2,0.0,,0.2,unverified,Insufficient Data,Insufficient Data,Insufficient Data,Insufficient Data,Insufficient Data,False,False,,,,,,lane,MA,PA,Northeast,North,False,True
DF>TO,5,1.0,1,0.0,4,1.0,0,0.0,5,0,0,0,5,0,4,0,1,0,0.2,0.03622410863243014,0.6244653702374747,0.3433019772255638,0.6566980227744361,-0.16218143406341312,2.7790248739618093,False,False,0.3221697941663646,3.103953313151425,0.6778302058336354,1.0,0.0,0.0,0.43448246478317476,0.615990702831798,-0.615990702831798,-0.615990702831798,1.556421621084076,0.4484489102427059,-0.4484489102427059,0.3477942689871247,-0.3477942689871247,0.0,0.0,0.4898908364545973,0.0,0.0,0.0,0.25,unverified,Insufficient Data,Insufficient Data,Insufficient Data,Insufficient Data,Insufficient Data,False,False,,,,,,lane,DF,TO,Central-West,North,False,False
MG>PE,108,8.0,45,5.0,63,3.0,13,1.0,106,11,7,5,99,6,98,6,8,5,0.07407407407407407,0.03801024869807134,0.13939676145640315,7.415322708072178,0.5846772919278216,-3.310215848680474,7.639527529219361,False,False,5.982753848527272,1.337176859109672,2.017246151472728,0.9814814814814815,0.10377358490566038,0.0589395879382685,0.1763218433841057,13.059002900034118,-2.059002900034118,-6.811406578577657,5.631112498681086,8.879288422805576,-2.879288422805576,8.520959590184555,-2.520959590184555,0.061224489795918366,0.02835932368138567,0.12719087173151772,0.0660377358490566,0.125,0.1111111111111111,0.047619047619047616,inconsistent,No Signal,No Signal,No Signal,No Signal,No Signal,True,False,31.0,29.0,30.0,22.0,36.0,lane,MG,PE,Southeast,Northeast,True,False
MG>MT,50,4.0,22,2.0,28,2.0,12,1.0,50,7,2,1,48,6,46,6,4,1,0.08,0.03154951408859298,0.18838246918342838,3.4330197722556384,0.5669802277443616,-1.8555440678259891,5.986103686915781,False,False,3.4630141949661475,1.1550631255899608,0.5369858050338525,1.0,0.14,0.06950833427016294,0.2618619371058554,6.15990702831798,0.8400929716820196,-2.6844903148098336,6.9331898269747905,4.305109538329977,1.694890461670023,3.9996340933519337,2.0003659066480663,0.13043478260869565,0.06117840362035115,0.25665857779073004,0.04,0.25,0.09090909090909091,0.07142857142857142,unverified,Insufficient Data,Insufficient Data,Insufficient Data,Insufficient Data,Insufficient Data,False,False,,,,,,lane,MG,MT,Southeast,Central-West,False,False
GO>PB,7,1.0,3,1.0,4,0.0,2,0.0,7,0,1,0,6,0,6,0,1,0,0.14285714285714285,0.02567962434474355,0.5131278292743189,0.48062276811578936,0.5193772318842107,-0.30086539770258447,3.1112720368044426,False,False,0.4596351022138221,2.175638882199211,0.5403648977861779,1.0,0.0,5.551115123125783e-17,0.35433043506668743,0.8623869839645173,-0.8623869839645173,-0.8623869839645169,1.6179260615022948,0.5381386922912471,-0.5381386922912471,0.521691403480687,-0.521691403480687,0.0,2.7755575615628914e-17,0.3903342879021653,0.14285714285714285,0.0,0.3333333333333333,0.0,unverified,Insufficient Data,Insufficient Data,Insufficient Data,Insufficient Data,Insufficient Data,False,False,,,,,,lane,GO,PB,Central-West,Northeast,True,False
CE>PE,7,1.0,6,1.0,1,0.0,1,0.0,7,1,1,1,6,0,6,0,1,1,0.14285714285714285,0.02567962434474355,0.5131278292743189,0.48062276811578936,0.5193772318842107,-0.30086539770258447,3.1112720368044426,False,False,0.29028763621441894,3.44485908198087,0.7097123637855811,1.0,0.14285714285714285,0.02567962434474355,0.5131278292743189,0.8623869839645173,0.1376130160354827,-0.6826296135513124,2.729507820955715,0.5381386922912471,-0.5381386922912471,0.521691403480687,-0.521691403480687,0.0,2.7755575615628914e-17,0.3903342879021653,0.14285714285714285,0.0,0.16666666666666666,0.0,unverified,Insufficient Data,Insufficient Data,Insufficient Data,Insufficient Data,Insufficient Data,False,False,,,,,,lane,CE,PE,Northeast,Northeast,True,True
BA>BA,66,5.0,28,4.0,38,1.0,7,0.0,66,8,4,2,62,6,61,6,5,2,0.07575757575757576,0.032792037562960244,0.1653919502061051,4.531586099377442,0.46841390062255783,-2.3673116202220665,6.384282614225493,False,False,3.6482409892909313,1.370523497399714,1.3517590107090687,1.0,0.12121212121212122,0.06271845599597657,0.22137439022640315,8.131077277379735,-0.13107727737973462,-3.9916591816452804,6.479632477562873,5.560766487009553,0.4392335129904472,5.303862602053651,0.696137397946349,0.09836065573770492,0.04586457581547049,0.19844607216825946,0.06060606060606061,0.0,0.14285714285714285,0.02631578947368421,unverified,Insufficient Data,Insufficient Data,Insufficient Data,Insufficient Data,Insufficient Data,False,False,,,,,,lane,BA,BA,Northeast,Northeast,True,True
BA>PA,8,1.0,5,0.0,3,1.0,0,0.0,8,3,0,0,8,3,7,2,1,1,0.125,0.02241749145005667,0.4708881822128535,0.5492831635609021,0.4507168364390979,-0.36994323196044876,3.217822294141926,False,False,0.3091972464534766,3.2341814536516744,0.6908027535465233,1.0,0.375,0.13684428582359742,0.6942576053973727,0.9855851245308769,2.0144148754691233,0.1091691620579025,4.568475718648105,0.7175182563883294,2.2824817436116707,0.6086399707274682,1.3913600292725317,0.2857142857142857,0.08221892400405678,0.6410655481673808,0.0,0.0,0.0,0.3333333333333333,unverified,Insufficient Data,Insufficient Data,Insufficient Data,Insufficient Data,Insufficient Data,False,False,,,,,,lane,BA,PA,Northeast,North,False,True
RS>SE,8,1.0,2,0.0,6,1.0,1,1.0,8,3,1,0,7,3,7,3,1,0,0.125,0.02241749145005667,0.4708881822128535,0.5492831635609021,0.4507168364390979,-0.36994323196044876,3.217822294141926,False,False,0.443119631971422,2.25672691492146,0.556880368028578,1.0,0.375,0.13684428582359742,0.6942576053973727,0.9855851245308769,2.0144148754691233,0.1091691620579025,4.568475718648105,0.6278284743397883,2.3721715256602116,0.6086399707274682,2.3913600292725317,0.42857142857142855,0.15821985525146975,0.7495416354723428,0.125,1.0,0.0,0.16666666666666666,unverified,Insufficient Data,Insufficient Data,Insufficient Data,Insufficient Data,Insufficient Data,False,False,,,,,,lane,RS,SE,South,Northeast,True,False
DF>RJ,96,7.0,28,0.0,68,7.0,22,4.0,95,21,7,6,88,15,88,15,7,6,0.07291666666666667,0.03576758131036273,0.14293031665140193,6.5913979627308255,0.40860203726917455,-3.1577101569360035,7.12991243580376,False,False,6.643567496485739,1.0536507687628378,0.35643250351426126,0.9895833333333334,0.22105263157894736,0.1493735294724527,0.31441423092325327,11.703823353804163,9.296176646195837,2.486661946078843,18.165528583904898,7.892700820271624,7.107299179728376,7.651473917716743,7.348526082283257,0.17045454545454544,0.1061082211563272,0.26236870914553356,0.07368421052631578,0.5714285714285714,0.0,0.10294117647058823,unverified,Insufficient Data,Insufficient Data,Insufficient Data,Insufficient Data,Insufficient Data,False,False,,,,,,lane,DF,RJ,Central-West,Southeast,False,False
GO>PR,9,1.0,3,0.0,6,1.0,2,1.0,9,1,1,1,8,0,8,0,1,1,0.1111111111111111,0.019890887638544907,0.434999705576656,0.6179435590060149,0.38205644099398506,-0.4389255702591107,3.297053791183889,False,False,0.7214211856976901,1.3861528048041658,0.2785788143023099,1.0,0.1111111111111111,0.019890887638544907,0.434999705576656,1.1087832650972365,-0.10878326509723646,-0.9297652763503323,2.806214085092668,0.7175182563883294,-0.7175182563883294,0.6955885379742494,-0.6955885379742494,0.0,0.0,0.32440756488388023,0.1111111111111111,1.0,0.0,0.16666666666666666,unverified,Insufficient Data,Insufficient Data,Insufficient Data,Insufficient Data,Insufficient Data,False,False,,,,,,lane,GO,PR,Central-West,South,False,False
PE>SC,9,1.0,0,0.0,9,1.0,3,1.0,8,1,1,1,7,0,7,0,1,1,0.1111111111111111,0.019890887638544907,0.434999705576656,0.6179435590060149,0.38205644099398506,-0.4389255702591107,3.297053791183889,False,False,0.7034088093400089,1.4216483881375828,0.29659119065999107,0.8888888888888888,0.125,0.02241749145005667,0.4708881822128535,0.9855851245308769,0.014414875469123123,-0.8062451929304235,2.781520333171951,0.6278284743397883,-0.6278284743397883,0.6086399707274682,-0.6086399707274682,0.0,5.551115123125783e-17,0.35433043506668743,0.125,1.0,,0.1111111111111111,unverified,Insufficient Data,Insufficient Data,Insufficient Data,Insufficient Data,Insufficient Data,False,False,,,,,,lane,PE,SC,Northeast,South,False,True
MA>CE,9,1.0,0,0.0,9,1.0,1,1.0,9,2,1,1,8,1,8,1,1,1,0.1111111111111111,0.019890887638544907,0.434999705576656,0.6179435590060149,0.38205644099398506,-0.4389255702591107,3.297053791183889,False,False,0.38993360865974847,2.564539136385621,0.6100663913402515,1.0,0.2222222222222222,0.06322510711784671,0.5474110308930111,1.1087832650972365,0.8912167349027635,-0.5397573010366161,3.8179160129398637,0.7175182563883294,0.28248174361167055,0.6955885379742494,0.30441146202575065,0.125,0.02241749145005667,0.4708881822128535,0.1111111111111111,1.0,,0.1111111111111111,unverified,Insufficient Data,Insufficient Data,Insufficient Data,Insufficient Data,Insufficient Data,False,False,,,,,,lane,MA,CE,Northeast,Northeast,True,True
PE>AL,9,1.0,0,0.0,9,1.0,4,1.0,9,1,1,1,8,0,8,0,1,1,0.1111111111111111,0.019890887638544907,0.434999705576656,0.6179435590060149,0.38205644099398506,-0.4389255702591107,3.297053791183889,False,False,1.116898116765536,0.895336812721947,-0.11689811676553608,1.0,0.1111111111111111,0.019890887638544907,0.434999705576656,1.1087832650972365,-0.10878326509723646,-0.9297652763503323,2.806214085092668,0.7175182563883294,-0.7175182563883294,0.6955885379742494,-0.6955885379742494,0.0,0.0,0.32440756488388023,0.1111111111111111,1.0,,0.1111111111111111,unverified,Insufficient Data,Insufficient Data,Insufficient Data,Insufficient Data,Insufficient Data,False,False,,,,,,lane,PE,AL,Northeast,Northeast,True,True
PB>RJ,9,1.0,2,0.0,7,1.0,3,1.0,8,0,0,0,8,0,7,0,1,0,0.1111111111111111,0.019890887638544907,0.434999705576656,0.6179435590060149,0.38205644099398506,-0.4389255702591107,3.297053791183889,False,False,0.5284440649725568,1.8923478685524306,0.4715559350274432,0.8888888888888888,0.0,0.0,0.32440756488388023,0.9855851245308769,-0.9855851245308769,-0.9855851245308769,1.609675394540165,0.7175182563883294,-0.7175182563883294,0.6086399707274682,-0.6086399707274682,0.0,5.551115123125783e-17,0.35433043506668743,0.0,1.0,0.0,0.14285714285714285,unverified,Insufficient Data,Insufficient Data,Insufficient Data,Insufficient Data,Insufficient Data,False,False,,,,,,lane,PB,RJ,Northeast,Southeast,False,True
PE>PR,9,1.0,1,0.0,8,1.0,4,0.0,9,1,1,0,8,1,8,1,1,0,0.1111111111111111,0.019890887638544907,0.434999705576656,0.6179435590060149,0.38205644099398506,-0.4389255702591107,3.297053791183889,False,False,0.8114128521128698,1.232418241091524,0.18858714788713016,1.0,0.1111111111111111,0.019890887638544907,0.434999705576656,1.1087832650972365,-0.10878326509723646,-0.9297652763503323,2.806214085092668,0.7175182563883294,0.28248174361167055,0.6955885379742494,0.30441146202575065,0.125,0.02241749145005667,0.4708881822128535,0.1111111111111111,0.0,0.0,0.125,unverified,Insufficient Data,Insufficient Data,Insufficient Data,Insufficient Data,Insufficient Data,False,False,,,,,,lane,PE,PR,Northeast,South,False,True
GO>SC,10,1.0,2,0.0,8,1.0,2,1.0,10,0,0,0,10,0,9,0,1,0,0.1,0.017876213095072896,0.4041500267952385,0.6866039544511277,0.31339604554887235,-0.5078418235003987,3.354896313501257,False,False,0.7708451098430502,1.2972774779664975,0.2291548901569498,1.0,0.0,0.0,0.2775327998628892,1.231981405663596,-1.231981405663596,-1.231981405663596,1.5433465929652959,0.8968978204854118,-0.8968978204854118,0.7825371052210305,-0.7825371052210305,0.0,0.0,0.2991450484195441,0.0,1.0,0.0,0.125,unverified,Insufficient Data,Insufficient Data,Insufficient Data,Insufficient Data,Insufficient Data,False,False,,,,,,lane,GO,SC,Central-West,South,False,False
BA>PR,10,1.0,7,0.0,3,1.0,2,1.0,10,2,1,1,9,1,9,1,1,1,0.1,0.017876213095072896,0.4041500267952385,0.6866039544511277,0.31339604554887235,-0.5078418235003987,3.354896313501257,False,False,0.7135667445573767,1.4014106005182416,0.2864332554426233,1.0,0.2,0.05668215145437519,0.5098375284633583,1.231981405663596,0.768018594336404,-0.6651598911198442,3.866393878969987,0.8072080384368706,0.1927919615631294,0.7825371052210305,0.21746289477896952,0.1111111111111111,0.019890887638544907,0.434999705576656,0.1,1.0,0.0,0.3333333333333333,unverified,Insufficient Data,Insufficient Data,Insufficient Data,Insufficient Data,Insufficient Data,False,False,,,,,,lane,BA,PR,Northeast,South,False,True
GO>RS,10,1.0,4,0.0,6,1.0,3,1.0,10,1,1,1,9,0,9,0,1,1,0.1,0.017876213095072896,0.4041500267952385,0.6866039544511277,0.31339604554887235,-0.5078418235003987,3.354896313501257,False,False,0.8752598953957672,1.1425177884425162,0.1247401046042328,1.0,0.1,0.017876213095072896,0.4041500267952385,1.231981405663596,-0.23198140566359604,-1.053219274712867,2.809518862288789,0.8072080384368706,-0.8072080384368706,0.7825371052210305,-0.7825371052210305,0.0,0.0,0.2991450484195441,0.1,1.0,0.0,0.16666666666666666,unverified,Insufficient Data,Insufficient Data,Insufficient Data,Insufficient Data,Insufficient Data,False,False,,,,,,lane,GO,RS,Central-West,South,False,False
BA>PB,10,1.0,2,1.0,8,0.0,1,0.0,10,3,1,1,9,2,9,2,1,1,0.1,0.017876213095072896,0.4041500267952385,0.6866039544511277,0.31339604554887235,-0.5078418235003987,3.354896313501257,False,False,0.38131792654076263,2.6224835770817103,0.6186820734592373,1.0,0.3,0.10779126740630099,0.6032218525388546,1.231981405663596,1.768018594336404,-0.1540687316005862,4.800237119724951,0.8072080384368706,1.1927919615631293,0.7825371052210305,1.2174628947789694,0.2222222222222222,0.06322510711784671,0.5474110308930111,0.1,0.0,0.5,0.0,unverified,Insufficient Data,Insufficient Data,Insufficient Data,Insufficient Data,Insufficient Data,False,False,,,,,,lane,BA,PB,Northeast,Northeast,True,True
CE>RJ,10,1.0,2,0.0,8,1.0,3,1.0,10,1,1,1,9,0,9,0,1,1,0.1,0.017876213095072896,0.4041500267952385,0.6866039544511277,0.31339604554887235,-0.5078418235003987,3.354896313501257,False,False,0.7253218193350337,1.3786983561542212,0.2746781806649663,1.0,0.1,0.017876213095072896,0.4041500267952385,1.231981405663596,-0.23198140566359604,-1.053219274712867,2.809518862288789,0.8072080384368706,-0.8072080384368706,0.7825371052210305,-0.7825371052210305,0.0,0.0,0.2991450484195441,0.1,1.0,0.0,0.125,unverified,Insufficient Data,Insufficient Data,Insufficient Data,Insufficient Data,Insufficient Data,False,False,,,,,,lane,CE,RJ,Northeast,Southeast,False,True
RS>CE,11,1.0,8,1.0,3,0.0,1,0.0,11,1,1,1,10,0,10,0,1,1,0.09090909090909091,0.016232172885884855,0.37735843645159567,0.7552643498962404,0.24473565010375964,-0.5767104481515071,3.395678451071312,False,False,0.4940687653609208,2.0240097535198216,0.5059312346390792,1.0,0.09090909090909091,0.016232172885884855,0.37735843645159567,1.3551795462299556,-0.3551795462299556,-1.1766256444852223,2.7957632547375963,0.8968978204854118,-0.8968978204854118,0.8694856724678117,-0.8694856724678117,0.0,0.0,0.2775327998628892,0.09090909090909091,0.0,0.125,0.0,unverified,Insufficient Data,Insufficient Data,Insufficient Data,Insufficient Data,Insufficient Data,False,False,,,,,,lane,RS,CE,South,Northeast,True,False
RJ>MA,26,2.0,5,0.0,21,2.0,4,2.0,26,1,2,1,24,0,24,0,2,1,0.07692307692307693,0.0213550884722762,0.2414155377162906,1.785170281572932,0.214829718427068,-1.2299379812937508,4.491633699050624,False,False,1.463922480706491,1.366192558935769,0.536077519293509,1.0,0.038461538461538464,0.006821984993543487,0.18892778903034757,3.20315165472535,-2.20315165472535,-3.025780044893219,1.708970860063687,2.1525547691649884,-2.1525547691649884,2.086765613922748,-2.086765613922748,0.0,1.3877787807814457e-17,0.13797620467498017,0.07692307692307693,1.0,0.0,0.09523809523809523,unverified,Insufficient Data,Insufficient Data,Insufficient Data,Insufficient Data,Insufficient Data,False,False,,,,,,lane,RJ,MA,Southeast,Northeast,True,False
ES>SC,12,1.0,5,1.0,7,0.0,3,0.0,12,3,1,1,11,2,11,2,1,1,0.08333333333333333,0.014865094404917095,0.35387991114111694,0.8239247453413532,0.17607525465864682,-0.645543612482348,3.42263418835205,False,False,0.7895813015281259,1.2664940241931233,0.2104186984718741,1.0,0.25,0.08894166839405471,0.5323053349335657,1.4783776867963154,1.5216223132036846,-0.41107766606765883,4.909286332406474,0.986587602533953,1.013412397466047,0.9564342397145928,1.0435657602854072,0.18181818181818182,0.05136768974608513,0.4769805619608442,0.08333333333333333,0.0,0.2,0.0,unverified,Insufficient Data,Insufficient Data,Insufficient Data,Insufficient Data,Insufficient Data,False,False,,,,,,lane,ES,SC,Southeast,South,False,False
PE>RJ,42,3.0,2,0.0,40,3.0,15,3.0,41,6,2,2,39,4,39,4,2,2,0.07142857142857142,0.02459040987330592,0.19009426801158313,2.8837366086947362,0.11626339130526375,-1.8509393940158874,5.100222647791756,False,False,3.287185430716175,0.9126348553286188,-0.2871854307161752,0.9761904761904762,0.14634146341463414,0.0688424814129593,0.28443458042480957,5.051123763220744,0.948876236779256,-2.2285820252894126,6.610694034196448,3.497901499893106,0.5020985001068938,3.3909941226244658,0.6090058773755342,0.10256410256410256,0.04061331344668381,0.23578854462856527,0.04878048780487805,1.0,0.0,0.075,unverified,Insufficient Data,Insufficient Data,Insufficient Data,Insufficient Data,Insufficient Data,False,False,,,,,,lane,PE,RJ,Northeast,Southeast,False,True
MT>RJ,13,1.0,6,1.0,7,0.0,2,0.0,13,2,1,1,12,1,12,1,1,1,0.07692307692307693,0.013710421242556586,0.3331395092109959,0.892585140786466,0.107414859213534,-0.7143496646332304,3.4382284789564808,False,False,0.7345422610582656,1.3613920573600293,0.2654577389417344,1.0,0.15384615384615385,0.043258178358081184,0.4223463101948254,1.601575827362675,0.398424172637325,-1.0392195087076195,3.8889262051700553,1.0762773845824942,-0.07627738458249422,1.043382806961374,-0.043382806961373976,0.08333333333333333,0.014865094404917095,0.35387991114111694,0.07692307692307693,0.0,0.16666666666666666,0.0,unverified,Insufficient Data,Insufficient Data,Insufficient Data,Insufficient Data,Insufficient Data,False,False,,,,,,lane,MT,RJ,Central-West,Southeast,False,False
RJ>TO,13,1.0,3,1.0,10,0.0,3,0.0,13,0,0,0,13,0,12,0,1,0,0.07692307692307693,0.013710421242556586,0.3331395092109959,0.892585140786466,0.107414859213534,-0.7143496646332304,3.4382284789564808,False,False,0.844093244076911,1.1847032386731,0.155906755923089,1.0,0.0,0.0,0.22809537235419838,1.601575827362675,-1.601575827362675,-1.601575827362675,1.363664013241904,1.1659671666310354,-1.1659671666310354,1.043382806961374,-1.043382806961374,0.0,2.7755575615628914e-17,0.24249400665524085,0.0,0.0,0.3333333333333333,0.0,unverified,Insufficient Data,Insufficient Data,Insufficient Data,Insufficient Data,Insufficient Data,False,False,,,,,,lane,RJ,TO,Southeast,North,False,False
BA>SC,13,1.0,7,0.0,6,1.0,3,1.0,13,0,1,0,12,0,12,0,1,0,0.07692307692307693,0.013710421242556586,0.3331395092109959,0.892585140786466,0.107414859213534,-0.7143496646332304,3.4382284789564808,False,False,0.8261354345088016,1.2104552815781031,0.17386456549119844,1.0,0.0,0.0,0.22809537235419838,1.601575827362675,-1.601575827362675,-1.601575827362675,1.363664013241904,1.0762773845824942,-1.0762773845824942,1.043382806961374,-1.043382806961374,0.0,2.7755575615628914e-17,0.24249400665524085,0.07692307692307693,1.0,0.0,0.16666666666666666,unverified,Insufficient Data,Insufficient Data,Insufficient Data,Insufficient Data,Insufficient Data,False,False,,,,,,lane,BA,SC,Northeast,South,False,True
GO>DF,28,2.0,12,1.0,16,1.0,3,0.0,28,3,1,1,27,2,26,2,2,1,0.07142857142857142,0.019812064115305755,0.22645362568399052,1.9224910724631574,0.07750892753684258,-1.3677532772345962,4.418210446688577,False,False,1.7094321232159453,1.1699791836352127,0.2905678767840547,1.0,0.10714285714285714,0.03711836682929999,0.27195851548672156,3.449547935858069,-0.4495479358580692,-2.410233664637669,4.165290497770135,2.4216241153106117,-0.4216241153106117,2.26066274841631,-0.2606627484163102,0.07692307692307693,0.0213550884722762,0.2414155377162906,0.03571428571428571,0.0,0.08333333333333333,0.0625,unverified,Insufficient Data,Insufficient Data,Insufficient Data,Insufficient Data,Insufficient Data,False,False,,,,,,lane,GO,DF,Central-West,Central-West,False,False
SC>RN,14,1.0,4,0.0,10,1.0,2,0.0,14,1,0,0,14,1,13,1,1,0,0.07142857142857142,0.012722215247890939,0.31468704424151117,0.9612455362315787,0.03875446376842129,-0.7831345227611055,3.4443730831495776,False,False,0.612470166140613,1.632732588921591,0.387529833859387,1.0,0.07142857142857142,0.012722215247890939,0.31468704424151117,1.7247739679290346,-0.7247739679290346,-1.5466629544585615,2.680844651452122,1.2556569486795766,-0.25565694867957656,1.130331374208155,-0.1303313742081551,0.07692307692307693,0.013710421242556586,0.3331395092109959,0.0,0.0,0.0,0.1,unverified,Insufficient Data,Insufficient Data,Insufficient Data,Insufficient Data,Insufficient Data,False,False,,,,,,lane,SC,RN,South,Northeast,True,False
RJ>MT,29,2.0,5,0.0,24,2.0,4,0.0,29,4,1,1,28,3,27,2,2,2,0.06896551724137931,0.019121266169433354,0.21964580150275695,1.9911514679082702,0.008848532091729755,-1.436634748994703,4.378576775671681,False,False,1.7936448899355322,1.1150479179141668,0.20635511006446783,1.0,0.13793103448275862,0.05497439964111964,0.30558993720352023,3.5727460764244285,0.42725392357557146,-1.9784884868319592,5.289362102477658,2.511313897359153,0.4886861026408469,2.347611315663092,-0.3476113156630918,0.07407407407407407,0.020554654060988622,0.23369592683023144,0.034482758620689655,0.0,0.0,0.08333333333333333,unverified,Insufficient Data,Insufficient Data,Insufficient Data,Insufficient Data,Insufficient Data,False,False,,,,,,lane,RJ,MT,Southeast,Central-West,False,False
PE>DF,15,1.0,0,0.0,15,1.0,4,0.0,15,1,1,1,14,0,14,0,1,1,0.06666666666666667,0.011866895493268553,0.2981652987378003,1.0299059316766914,-0.029905931676691422,-0.8519024992776631,3.4425735493903127,False,False,1.3056973865131158,0.7658742449278502,-0.30569738651311584,1.0,0.06666666666666667,0.011866895493268553,0.2981652987378003,1.8479721084953942,-0.8479721084953942,-1.669968676096366,2.6245073725716104,1.2556569486795766,-1.2556569486795766,1.2172799414549365,-1.2172799414549365,0.0,1.3877787807814457e-17,0.2153108027376358,0.06666666666666667,0.0,,0.06666666666666667,unverified,Insufficient Data,Insufficient Data,Insufficient Data,Insufficient Data,Insufficient Data,False,False,,,,,,lane,PE,DF,Northeast,Central-West,False,True
MS>SP,15,1.0,7,0.0,8,1.0,3,0.0,15,3,1,1,14,2,14,2,1,1,0.06666666666666667,0.011866895493268553,0.2981652987378003,1.0299059316766914,-0.029905931676691422,-0.8519024992776631,3.4425735493903127,False,False,0.9086293927772814,1.1005587183829029,0.09137060722271861,1.0,0.2,0.07047549346981563,0.45185448715169363,1.8479721084953942,1.1520278915046058,-0.7908397064481597,4.9298451987800105,1.2556569486795766,0.7443430513204234,1.2172799414549365,0.7827200585450635,0.14285714285714285,0.040093921271464966,0.39941379496970353,0.06666666666666667,0.0,0.0,0.125,unverified,Insufficient Data,Insufficient Data,Insufficient Data,Insufficient Data,Insufficient Data,False,False,,,,,,lane,MS,SP,Central-West,Southeast,False,False
SC>SE,15,1.0,10,0.0,5,1.0,3,1.0,15,3,1,1,14,2,14,2,1,1,0.06666666666666667,0.011866895493268553,0.2981652987378003,1.0299059316766914,-0.029905931676691422,-0.8519024992776631,3.4425735493903127,False,False,0.9644198022309407,1.0368928527667656,0.035580197769059296,1.0,0.2,0.07047549346981563,0.45185448715169363,1.8479721084953942,1.1520278915046058,-0.7908397064481597,4.9298451987800105,1.2556569486795766,0.7443430513204234,1.2172799414549365,0.7827200585450635,0.14285714285714285,0.040093921271464966,0.39941379496970353,0.06666666666666667,1.0,0.0,0.2,unverified,Insufficient Data,Insufficient Data,Insufficient Data,Insufficient Data,Insufficient Data,False,False,,,,,,lane,SC,SE,South,Northeast,True,False
AM>MG,1,0.0,1,0.0,0,0.0,0,0.0,1,1,0,0,1,1,1,1,0,0,0.0,0.0,0.7934506856227626,0.06866039544511277,-0.06866039544511277,-0.06866039544511277,0.7247902901776497,False,False,0.08391608391608392,0.0,-0.08391608391608392,1.0,1.0,0.20654931437723745,1.0,0.12319814056635961,0.8768018594336404,0.08335117381087784,0.8768018594336404,0.08968978204854118,0.9103102179514588,0.08694856724678117,0.9130514327532189,1.0,0.20654931437723745,1.0,0.0,,0.0,,unverified,Insufficient Data,Insufficient Data,Insufficient Data,Insufficient Data,Insufficient Data,False,False,,,,,,lane,AM,MG,North,Southeast,False,False
RN>AL,1,0.0,0,0.0,1,0.0,1,0.0,1,0,0,0,1,0,1,0,0,0,0.0,0.0,0.7934506856227626,0.06866039544511277,-0.06866039544511277,-0.06866039544511277,0.7247902901776497,False,False,0.1175228712174525,0.0,-0.1175228712174525,1.0,0.0,0.0,0.7934506856227626,0.12319814056635961,-0.12319814056635961,-0.12319814056635961,0.670252545056403,0.08968978204854118,-0.08968978204854118,0.08694856724678117,-0.08694856724678117,0.0,0.0,0.7934506856227626,0.0,,,0.0,unverified,Insufficient Data,Insufficient Data,Insufficient Data,Insufficient Data,Insufficient Data,False,False,,,,,,lane,RN,AL,Northeast,Northeast,True,True
RN>PA,1,0.0,1,0.0,0,0.0,0,0.0,1,0,0,0,1,0,1,0,0,0,0.0,0.0,0.7934506856227626,0.06866039544511277,-0.06866039544511277,-0.06866039544511277,0.7247902901776497,False,False,0.03888888888888889,0.0,-0.03888888888888889,1.0,0.0,0.0,0.7934506856227626,0.12319814056635961,-0.12319814056635961,-0.12319814056635961,0.670252545056403,0.08968978204854118,-0.08968978204854118,0.08694856724678117,-0.08694856724678117,0.0,0.0,0.7934506856227626,0.0,,0.0,,unverified,Insufficient Data,Insufficient Data,Insufficient Data,Insufficient Data,Insufficient Data,False,False,,,,,,lane,RN,PA,Northeast,North,False,True
RN>MG,1,0.0,0,0.0,1,0.0,0,0.0,1,0,0,0,1,0,1,0,0,0,0.0,0.0,0.7934506856227626,0.06866039544511277,-0.06866039544511277,-0.06866039544511277,0.7247902901776497,False,False,0.023705552089831567,0.0,-0.023705552089831567,1.0,0.0,0.0,0.7934506856227626,0.12319814056635961,-0.12319814056635961,-0.12319814056635961,0.670252545056403,0.08968978204854118,-0.08968978204854118,0.08694856724678117,-0.08694856724678117,0.0,0.0,0.7934506856227626,0.0,,,0.0,unverified,Insufficient Data,Insufficient Data,Insufficient Data,Insufficient Data,Insufficient Data,False,False,,,,,,lane,RN,MG,Northeast,Southeast,False,True
RN>DF,1,0.0,0,0.0,1,0.0,0,0.0,1,0,0,0,1,0,1,0,0,0,0.0,0.0,0.7934506856227626,0.06866039544511277,-0.06866039544511277,-0.06866039544511277,0.7247902901776497,False,False,0.06288032454361055,0.0,-0.06288032454361055,1.0,0.0,0.0,0.7934506856227626,0.12319814056635961,-0.12319814056635961,-0.12319814056635961,0.670252545056403,0.08968978204854118,-0.08968978204854118,0.08694856724678117,-0.08694856724678117,0.0,0.0,0.7934506856227626,0.0,,,0.0,unverified,Insufficient Data,Insufficient Data,Insufficient Data,Insufficient Data,Insufficient Data,False,False,,,,,,lane,RN,DF,Northeast,Central-West,False,True
RN>PB,1,0.0,1,0.0,0,0.0,0,0.0,1,0,0,0,1,0,1,0,0,0,0.0,0.0,0.7934506856227626,0.06866039544511277,-0.06866039544511277,-0.06866039544511277,0.7247902901776497,False,False,0.03125,0.0,-0.03125,1.0,0.0,0.0,0.7934506856227626,0.12319814056635961,-0.12319814056635961,-0.12319814056635961,0.670252545056403,0.08968978204854118,-0.08968978204854118,0.08694856724678117,-0.08694856724678117,0.0,0.0,0.7934506856227626,0.0,,0.0,,unverified,Insufficient Data,Insufficient Data,Insufficient Data,Insufficient Data,Insufficient Data,False,False,,,,,,lane,RN,PB,Northeast,Northeast,True,True
RO>BA,1,0.0,1,0.0,0,0.0,0,0.0,1,0,0,0,1,0,1,0,0,0,0.0,0.0,0.7934506856227626,0.06866039544511277,-0.06866039544511277,-0.06866039544511277,0.7247902901776497,False,False,0.056179775280898875,0.0,-0.056179775280898875,1.0,0.0,0.0,0.7934506856227626,0.12319814056635961,-0.12319814056635961,-0.12319814056635961,0.670252545056403,0.08968978204854118,-0.08968978204854118,0.08694856724678117,-0.08694856724678117,0.0,0.0,0.7934506856227626,0.0,,0.0,,unverified,Insufficient Data,Insufficient Data,Insufficient Data,Insufficient Data,Insufficient Data,False,False,,,,,,lane,RO,BA,North,Northeast,True,False
RO>ES,1,0.0,0,0.0,1,0.0,0,0.0,1,0,1,0,0,0,1,0,0,0,0.0,0.0,0.7934506856227626,0.06866039544511277,-0.06866039544511277,-0.06866039544511277,0.7247902901776497,False,False,0.04850213980028531,0.0,-0.04850213980028531,1.0,0.0,0.0,0.7934506856227626,0.12319814056635961,-0.12319814056635961,-0.12319814056635961,0.670252545056403,0.0,0.0,0.08694856724678117,-0.08694856724678117,0.0,0.0,0.7934506856227626,1.0,,,0.0,unverified,Insufficient Data,Insufficient Data,Insufficient Data,Insufficient Data,Insufficient Data,False,False,,,,,,lane,RO,ES,North,Southeast,False,False
ES>DF,1,0.0,1,0.0,0,0.0,0,0.0,1,0,0,0,1,0,1,0,0,0,0.0,0.0,0.7934506856227626,0.06866039544511277,-0.06866039544511277,-0.06866039544511277,0.7247902901776497,False,False,0.05539772727272727,0.0,-0.05539772727272727,1.0,0.0,0.0,0.7934506856227626,0.12319814056635961,-0.12319814056635961,-0.12319814056635961,0.670252545056403,0.08968978204854118,-0.08968978204854118,0.08694856724678117,-0.08694856724678117,0.0,0.0,0.7934506856227626,0.0,,0.0,,unverified,Insufficient Data,Insufficient Data,Insufficient Data,Insufficient Data,Insufficient Data,False,False,,,,,,lane,ES,DF,Southeast,Central-West,False,False
RN>SC,1,0.0,1,0.0,0,0.0,0,0.0,1,0,0,0,1,0,1,0,0,0,0.0,0.0,0.7934506856227626,0.06866039544511277,-0.06866039544511277,-0.06866039544511277,0.7247902901776497,False,False,0.03888888888888889,0.0,-0.03888888888888889,1.0,0.0,0.0,0.7934506856227626,0.12319814056635961,-0.12319814056635961,-0.12319814056635961,0.670252545056403,0.08968978204854118,-0.08968978204854118,0.08694856724678117,-0.08694856724678117,0.0,0.0,0.7934506856227626,0.0,,0.0,,unverified,Insufficient Data,Insufficient Data,Insufficient Data,Insufficient Data,Insufficient Data,False,False,,,,,,lane,RN,SC,Northeast,South,False,True
RO>PR,1,0.0,1,0.0,0,0.0,0,0.0,1,1,0,0,1,1,1,1,0,0,0.0,0.0,0.7934506856227626,0.06866039544511277,-0.06866039544511277,-0.06866039544511277,0.7247902901776497,False,False,0.05539772727272727,0.0,-0.05539772727272727,1.0,1.0,0.20654931437723745,1.0,0.12319814056635961,0.8768018594336404,0.08335117381087784,0.8768018594336404,0.08968978204854118,0.9103102179514588,0.08694856724678117,0.9130514327532189,1.0,0.20654931437723745,1.0,0.0,,0.0,,unverified,Insufficient Data,Insufficient Data,Insufficient Data,Insufficient Data,Insufficient Data,False,False,,,,,,lane,RO,PR,North,South,False,False
RO>SE,1,0.0,0,0.0,1,0.0,1,0.0,1,0,0,0,1,0,1,0,0,0,0.0,0.0,0.7934506856227626,0.06866039544511277,-0.06866039544511277,-0.06866039544511277,0.7247902901776497,False,False,0.041474654377880185,0.0,-0.041474654377880185,1.0,0.0,0.0,0.7934506856227626,0.12319814056635961,-0.12319814056635961,-0.12319814056635961,0.670252545056403,0.08968978204854118,-0.08968978204854118,0.08694856724678117,-0.08694856724678117,0.0,0.0,0.7934506856227626,0.0,,,0.0,unverified,Insufficient Data,Insufficient Data,Insufficient Data,Insufficient Data,Insufficient Data,False,False,,,,,,lane,RO,SE,North,Northeast,True,False
RO>RS,1,0.0,1,0.0,0,0.0,0,0.0,1,1,0,0,1,1,1,1,0,0,0.0,0.0,0.7934506856227626,0.06866039544511277,-0.06866039544511277,-0.06866039544511277,0.7247902901776497,False,False,0.05539772727272727,0.0,-0.05539772727272727,1.0,1.0,0.20654931437723745,1.0,0.12319814056635961,0.8768018594336404,0.08335117381087784,0.8768018594336404,0.08968978204854118,0.9103102179514588,0.08694856724678117,0.9130514327532189,1.0,0.20654931437723745,1.0,0.0,,0.0,,unverified,Insufficient Data,Insufficient Data,Insufficient Data,Insufficient Data,Insufficient Data,False,False,,,,,,lane,RO,RS,North,South,False,False
CE>DF,1,0.0,0,0.0,1,0.0,0,0.0,1,0,0,0,1,0,1,0,0,0,0.0,0.0,0.7934506856227626,0.06866039544511277,-0.06866039544511277,-0.06866039544511277,0.7247902901776497,False,False,0.030883261272390366,0.0,-0.030883261272390366,1.0,0.0,0.0,0.7934506856227626,0.12319814056635961,-0.12319814056635961,-0.12319814056635961,0.670252545056403,0.08968978204854118,-0.08968978204854118,0.08694856724678117,-0.08694856724678117,0.0,0.0,0.7934506856227626,0.0,,,0.0,unverified,Insufficient Data,Insufficient Data,Insufficient Data,Insufficient Data,Insufficient Data,False,False,,,,,,lane,CE,DF,Northeast,Central-West,False,True
DF>AC,1,0.0,1,0.0,0,0.0,0,0.0,1,0,0,0,1,0,1,0,0,0,0.0,0.0,0.7934506856227626,0.06866039544511277,-0.06866039544511277,-0.06866039544511277,0.7247902901776497,False,False,0.03888888888888889,0.0,-0.03888888888888889,1.0,0.0,0.0,0.7934506856227626,0.12319814056635961,-0.12319814056635961,-0.12319814056635961,0.670252545056403,0.08968978204854118,-0.08968978204854118,0.08694856724678117,-0.08694856724678117,0.0,0.0,0.7934506856227626,0.0,,0.0,,unverified,Insufficient Data,Insufficient Data,Insufficient Data,Insufficient Data,Insufficient Data,False,False,,,,,,lane,DF,AC,Central-West,North,False,False
CE>MS,1,0.0,0,0.0,1,0.0,1,0.0,1,0,0,0,1,0,1,0,0,0,0.0,0.0,0.7934506856227626,0.06866039544511277,-0.06866039544511277,-0.06866039544511277,0.7247902901776497,False,False,0.15601686668829062,0.0,-0.15601686668829062,1.0,0.0,0.0,0.7934506856227626,0.12319814056635961,-0.12319814056635961,-0.12319814056635961,0.670252545056403,0.08968978204854118,-0.08968978204854118,0.08694856724678117,-0.08694856724678117,0.0,0.0,0.7934506856227626,0.0,,,0.0,unverified,Insufficient Data,Insufficient Data,Insufficient Data,Insufficient Data,Insufficient Data,False,False,,,,,,lane,CE,MS,Northeast,Central-West,False,True
CE>RN,1,0.0,0,0.0,1,0.0,0,0.0,1,0,0,0,1,0,1,0,0,0,0.0,0.0,0.7934506856227626,0.06866039544511277,-0.06866039544511277,-0.06866039544511277,0.7247902901776497,False,False,0.00723589001447178,0.0,-0.00723589001447178,1.0,0.0,0.0,0.7934506856227626,0.12319814056635961,-0.12319814056635961,-0.12319814056635961,0.670252545056403,0.08968978204854118,-0.08968978204854118,0.08694856724678117,-0.08694856724678117,0.0,0.0,0.7934506856227626,0.0,,,0.0,unverified,Insufficient Data,Insufficient Data,Insufficient Data,Insufficient Data,Insufficient Data,False,False,,,,,,lane,CE,RN,Northeast,Northeast,True,True
CE>GO,1,0.0,0,0.0,1,0.0,0,0.0,1,0,0,0,1,0,1,0,0,0,0.0,0.0,0.7934506856227626,0.06866039544511277,-0.06866039544511277,-0.06866039544511277,0.7247902901776497,False,False,0.00723589001447178,0.0,-0.00723589001447178,1.0,0.0,0.0,0.7934506856227626,0.12319814056635961,-0.12319814056635961,-0.12319814056635961,0.670252545056403,0.08968978204854118,-0.08968978204854118,0.08694856724678117,-0.08694856724678117,0.0,0.0,0.7934506856227626,0.0,,,0.0,unverified,Insufficient Data,Insufficient Data,Insufficient Data,Insufficient Data,Insufficient Data,False,False,,,,,,lane,CE,GO,Northeast,Central-West,False,True
CE>RO,1,0.0,1,0.0,0,0.0,0,0.0,1,0,0,0,1,0,1,0,0,0,0.0,0.0,0.7934506856227626,0.06866039544511277,-0.06866039544511277,-0.06866039544511277,0.7247902901776497,False,False,0.016877637130801686,0.0,-0.016877637130801686,1.0,0.0,0.0,0.7934506856227626,0.12319814056635961,-0.12319814056635961,-0.12319814056635961,0.670252545056403,0.08968978204854118,-0.08968978204854118,0.08694856724678117,-0.08694856724678117,0.0,0.0,0.7934506856227626,0.0,,0.0,,unverified,Insufficient Data,Insufficient Data,Insufficient Data,Insufficient Data,Insufficient Data,False,False,,,,,,lane,CE,RO,Northeast,North,False,True
BA>RR,1,0.0,0,0.0,1,0.0,0,0.0,1,0,0,0,1,0,1,0,0,0,0.0,0.0,0.7934506856227626,0.06866039544511277,-0.06866039544511277,-0.06866039544511277,0.7247902901776497,False,False,0.019637462235649546,0.0,-0.019637462235649546,1.0,0.0,0.0,0.7934506856227626,0.12319814056635961,-0.12319814056635961,-0.12319814056635961,0.670252545056403,0.08968978204854118,-0.08968978204854118,0.08694856724678117,-0.08694856724678117,0.0,0.0,0.7934506856227626,0.0,,,0.0,unverified,Insufficient Data,Insufficient Data,Insufficient Data,Insufficient Data,Insufficient Data,False,False,,,,,,lane,BA,RR,Northeast,North,False,True
SE>RJ,1,0.0,1,0.0,0,0.0,0,0.0,1,0,0,0,1,0,1,0,0,0,0.0,0.0,0.7934506856227626,0.06866039544511277,-0.06866039544511277,-0.06866039544511277,0.7247902901776497,False,False,0.022377622377622378,0.0,-0.022377622377622378,1.0,0.0,0.0,0.7934506856227626,0.12319814056635961,-0.12319814056635961,-0.12319814056635961,0.670252545056403,0.08968978204854118,-0.08968978204854118,0.08694856724678117,-0.08694856724678117,0.0,0.0,0.7934506856227626,0.0,,0.0,,unverified,Insufficient Data,Insufficient Data,Insufficient Data,Insufficient Data,Insufficient Data,False,False,,,,,,lane,SE,RJ,Northeast,Southeast,False,True
SE>PR,1,0.0,0,0.0,1,0.0,1,0.0,1,0,0,0,1,0,1,0,0,0,0.0,0.0,0.7934506856227626,0.06866039544511277,-0.06866039544511277,-0.06866039544511277,0.7247902901776497,False,False,0.15601686668829062,0.0,-0.15601686668829062,1.0,0.0,0.0,0.7934506856227626,0.12319814056635961,-0.12319814056635961,-0.12319814056635961,0.670252545056403,0.08968978204854118,-0.08968978204854118,0.08694856724678117,-0.08694856724678117,0.0,0.0,0.7934506856227626,0.0,,,0.0,unverified,Insufficient Data,Insufficient Data,Insufficient Data,Insufficient Data,Insufficient Data,False,False,,,,,,lane,SE,PR,Northeast,South,False,True
SE>PA,1,0.0,1,0.0,0,0.0,0,0.0,1,1,0,0,1,1,1,1,0,0,0.0,0.0,0.7934506856227626,0.06866039544511277,-0.06866039544511277,-0.06866039544511277,0.7247902901776497,False,False,0.026929982046678635,0.0,-0.026929982046678635,1.0,1.0,0.20654931437723745,1.0,0.12319814056635961,0.8768018594336404,0.08335117381087784,0.8768018594336404,0.08968978204854118,0.9103102179514588,0.08694856724678117,0.9130514327532189,1.0,0.20654931437723745,1.0,0.0,,0.0,,unverified,Insufficient Data,Insufficient Data,Insufficient Data,Insufficient Data,Insufficient Data,False,False,,,,,,lane,SE,PA,Northeast,North,False,True
SE>GO,1,0.0,0,0.0,1,0.0,0,0.0,1,0,0,0,1,0,1,0,0,0,0.0,0.0,0.7934506856227626,0.06866039544511277,-0.06866039544511277,-0.06866039544511277,0.7247902901776497,False,False,0.0714031971580817,0.0,-0.0714031971580817,1.0,0.0,0.0,0.7934506856227626,0.12319814056635961,-0.12319814056635961,-0.12319814056635961,0.670252545056403,0.08968978204854118,-0.08968978204854118,0.08694856724678117,-0.08694856724678117,0.0,0.0,0.7934506856227626,0.0,,,0.0,unverified,Insufficient Data,Insufficient Data,Insufficient Data,Insufficient Data,Insufficient Data,False,False,,,,,,lane,SE,GO,Northeast,Central-West,False,True
SE>ES,1,0.0,0,0.0,1,0.0,0,0.0,1,0,0,0,1,0,1,0,0,0,0.0,0.0,0.7934506856227626,0.06866039544511277,-0.06866039544511277,-0.06866039544511277,0.7247902901776497,False,False,0.019637462235649546,0.0,-0.019637462235649546,1.0,0.0,0.0,0.7934506856227626,0.12319814056635961,-0.12319814056635961,-0.12319814056635961,0.670252545056403,0.08968978204854118,-0.08968978204854118,0.08694856724678117,-0.08694856724678117,0.0,0.0,0.7934506856227626,0.0,,,0.0,unverified,Insufficient Data,Insufficient Data,Insufficient Data,Insufficient Data,Insufficient Data,False,False,,,,,,lane,SE,ES,Northeast,Southeast,False,True
AM>MA,1,0.0,1,0.0,0,0.0,0,0.0,1,0,0,0,1,0,1,0,0,0,0.0,0.0,0.7934506856227626,0.06866039544511277,-0.06866039544511277,-0.06866039544511277,0.7247902901776497,False,False,0.08391608391608392,0.0,-0.08391608391608392,1.0,0.0,0.0,0.7934506856227626,0.12319814056635961,-0.12319814056635961,-0.12319814056635961,0.670252545056403,0.08968978204854118,-0.08968978204854118,0.08694856724678117,-0.08694856724678117,0.0,0.0,0.7934506856227626,0.0,,0.0,,unverified,Insufficient Data,Insufficient Data,Insufficient Data,Insufficient Data,Insufficient Data,False,False,,,,,,lane,AM,MA,North,Northeast,True,False
GO>RN,1,0.0,1,0.0,0,0.0,0,0.0,1,0,0,0,1,0,1,0,0,0,0.0,0.0,0.7934506856227626,0.06866039544511277,-0.06866039544511277,-0.06866039544511277,0.7247902901776497,False,False,0.05539772727272727,0.0,-0.05539772727272727,1.0,0.0,0.0,0.7934506856227626,0.12319814056635961,-0.12319814056635961,-0.12319814056635961,0.670252545056403,0.08968978204854118,-0.08968978204854118,0.08694856724678117,-0.08694856724678117,0.0,0.0,0.7934506856227626,0.0,,0.0,,unverified,Insufficient Data,Insufficient Data,Insufficient Data,Insufficient Data,Insufficient Data,False,False,,,,,,lane,GO,RN,Central-West,Northeast,True,False
ES>RO,1,0.0,1,0.0,0,0.0,0,0.0,1,0,0,0,1,0,1,0,0,0,0.0,0.0,0.7934506856227626,0.06866039544511277,-0.06866039544511277,-0.06866039544511277,0.7247902901776497,False,False,0.026905829596412557,0.0,-0.026905829596412557,1.0,0.0,0.0,0.7934506856227626,0.12319814056635961,-0.12319814056635961,-0.12319814056635961,0.670252545056403,0.08968978204854118,-0.08968978204854118,0.08694856724678117,-0.08694856724678117,0.0,0.0,0.7934506856227626,0.0,,0.0,,unverified,Insufficient Data,Insufficient Data,Insufficient Data,Insufficient Data,Insufficient Data,False,False,,,,,,lane,ES,RO,Southeast,North,False,False
GO>RO,1,0.0,1,0.0,0,0.0,0,0.0,1,0,0,0,1,0,1,0,0,0,0.0,0.0,0.7934506856227626,0.06866039544511277,-0.06866039544511277,-0.06866039544511277,0.7247902901776497,False,False,0.026905829596412557,0.0,-0.026905829596412557,1.0,0.0,0.0,0.7934506856227626,0.12319814056635961,-0.12319814056635961,-0.12319814056635961,0.670252545056403,0.08968978204854118,-0.08968978204854118,0.08694856724678117,-0.08694856724678117,0.0,0.0,0.7934506856227626,0.0,,0.0,,unverified,Insufficient Data,Insufficient Data,Insufficient Data,Insufficient Data,Insufficient Data,False,False,,,,,,lane,GO,RO,Central-West,North,False,False
GO>AP,1,0.0,0,0.0,1,0.0,1,0.0,1,0,0,0,1,0,1,0,0,0,0.0,0.0,0.7934506856227626,0.06866039544511277,-0.06866039544511277,-0.06866039544511277,0.7247902901776497,False,False,0.1015625,0.0,-0.1015625,1.0,0.0,0.0,0.7934506856227626,0.12319814056635961,-0.12319814056635961,-0.12319814056635961,0.670252545056403,0.08968978204854118,-0.08968978204854118,0.08694856724678117,-0.08694856724678117,0.0,0.0,0.7934506856227626,0.0,,,0.0,unverified,Insufficient Data,Insufficient Data,Insufficient Data,Insufficient Data,Insufficient Data,False,False,,,,,,lane,GO,AP,Central-West,North,False,False
GO>AC,1,0.0,0,0.0,1,0.0,0,0.0,1,0,0,0,1,0,1,0,0,0,0.0,0.0,0.7934506856227626,0.06866039544511277,-0.06866039544511277,-0.06866039544511277,0.7247902901776497,False,False,0.06288032454361055,0.0,-0.06288032454361055,1.0,0.0,0.0,0.7934506856227626,0.12319814056635961,-0.12319814056635961,-0.12319814056635961,0.670252545056403,0.08968978204854118,-0.08968978204854118,0.08694856724678117,-0.08694856724678117,0.0,0.0,0.7934506856227626,0.0,,,0.0,unverified,Insufficient Data,Insufficient Data,Insufficient Data,Insufficient Data,Insufficient Data,False,False,,,,,,lane,GO,AC,Central-West,North,False,False
ES>RN,1,0.0,1,0.0,0,0.0,0,0.0,1,0,0,0,1,0,1,0,0,0,0.0,0.0,0.7934506856227626,0.06866039544511277,-0.06866039544511277,-0.06866039544511277,0.7247902901776497,False,False,0.044767441860465114,0.0,-0.044767441860465114,1.0,0.0,0.0,0.7934506856227626,0.12319814056635961,-0.12319814056635961,-0.12319814056635961,0.670252545056403,0.08968978204854118,-0.08968978204854118,0.08694856724678117,-0.08694856724678117,0.0,0.0,0.7934506856227626,0.0,,0.0,,unverified,Insufficient Data,Insufficient Data,Insufficient Data,Insufficient Data,Insufficient Data,False,False,,,,,,lane,ES,RN,Southeast,Northeast,True,False
RJ>AP,1,0.0,0,0.0,1,0.0,0,0.0,1,0,0,0,1,0,1,0,0,0,0.0,0.0,0.7934506856227626,0.06866039544511277,-0.06866039544511277,-0.06866039544511277,0.7247902901776497,False,False,0.06518282988871224,0.0,-0.06518282988871224,1.0,0.0,0.0,0.7934506856227626,0.12319814056635961,-0.12319814056635961,-0.12319814056635961,0.670252545056403,0.08968978204854118,-0.08968978204854118,0.08694856724678117,-0.08694856724678117,0.0,0.0,0.7934506856227626,0.0,,,0.0,unverified,Insufficient Data,Insufficient Data,Insufficient Data,Insufficient Data,Insufficient Data,False,False,,,,,,lane,RJ,AP,Southeast,North,False,False
RJ>AC,1,0.0,1,0.0,0,0.0,0,0.0,1,0,0,0,1,0,1,0,0,0,0.0,0.0,0.7934506856227626,0.06866039544511277,-0.06866039544511277,-0.06866039544511277,0.7247902901776497,False,False,0.01984126984126984,0.0,-0.01984126984126984,1.0,0.0,0.0,0.7934506856227626,0.12319814056635961,-0.12319814056635961,-0.12319814056635961,0.670252545056403,0.08968978204854118,-0.08968978204854118,0.08694856724678117,-0.08694856724678117,0.0,0.0,0.7934506856227626,0.0,,0.0,,unverified,Insufficient Data,Insufficient Data,Insufficient Data,Insufficient Data,Insufficient Data,False,False,,,,,,lane,RJ,AC,Southeast,North,False,False
MA>AP,1,0.0,0,0.0,1,0.0,0,0.0,1,0,0,0,1,0,1,0,0,0,0.0,0.0,0.7934506856227626,0.06866039544511277,-0.06866039544511277,-0.06866039544511277,0.7247902901776497,False,False,0.00425531914893617,0.0,-0.00425531914893617,1.0,0.0,0.0,0.7934506856227626,0.12319814056635961,-0.12319814056635961,-0.12319814056635961,0.670252545056403,0.08968978204854118,-0.08968978204854118,0.08694856724678117,-0.08694856724678117,0.0,0.0,0.7934506856227626,0.0,,,0.0,unverified,Insufficient Data,Insufficient Data,Insufficient Data,Insufficient Data,Insufficient Data,False,False,,,,,,lane,MA,AP,Northeast,North,False,True
MA>AC,1,0.0,0,0.0,1,0.0,0,0.0,1,0,0,0,1,0,1,0,0,0,0.0,0.0,0.7934506856227626,0.06866039544511277,-0.06866039544511277,-0.06866039544511277,0.7247902901776497,False,False,0.0,,0.0,1.0,0.0,0.0,0.7934506856227626,0.12319814056635961,-0.12319814056635961,-0.12319814056635961,0.670252545056403,0.08968978204854118,-0.08968978204854118,0.08694856724678117,-0.08694856724678117,0.0,0.0,0.7934506856227626,0.0,,,0.0,unverified,Insufficient Data,Insufficient Data,Insufficient Data,Insufficient Data,Insufficient Data,False,False,,,,,,lane,MA,AC,Northeast,North,False,True
MA>AM,1,0.0,0,0.0,1,0.0,0,0.0,1,0,0,0,1,0,1,0,0,0,0.0,0.0,0.7934506856227626,0.06866039544511277,-0.06866039544511277,-0.06866039544511277,0.7247902901776497,False,False,0.00723589001447178,0.0,-0.00723589001447178,1.0,0.0,0.0,0.7934506856227626,0.12319814056635961,-0.12319814056635961,-0.12319814056635961,0.670252545056403,0.08968978204854118,-0.08968978204854118,0.08694856724678117,-0.08694856724678117,0.0,0.0,0.7934506856227626,0.0,,,0.0,unverified,Insufficient Data,Insufficient Data,Insufficient Data,Insufficient Data,Insufficient Data,False,False,,,,,,lane,MA,AM,Northeast,North,False,True
PI>PB,1,0.0,0,0.0,1,0.0,0,0.0,1,0,0,0,1,0,1,0,0,0,0.0,0.0,0.7934506856227626,0.06866039544511277,-0.06866039544511277,-0.06866039544511277,0.7247902901776497,False,False,0.019637462235649546,0.0,-0.019637462235649546,1.0,0.0,0.0,0.7934506856227626,0.12319814056635961,-0.12319814056635961,-0.12319814056635961,0.670252545056403,0.08968978204854118,-0.08968978204854118,0.08694856724678117,-0.08694856724678117,0.0,0.0,0.7934506856227626,0.0,,,0.0,unverified,Insufficient Data,Insufficient Data,Insufficient Data,Insufficient Data,Insufficient Data,False,False,,,,,,lane,PI,PB,Northeast,Northeast,True,True
PI>MA,1,0.0,0,0.0,1,0.0,0,0.0,1,0,0,0,1,0,1,0,0,0,0.0,0.0,0.7934506856227626,0.06866039544511277,-0.06866039544511277,-0.06866039544511277,0.7247902901776497,False,False,0.023705552089831567,0.0,-0.023705552089831567,1.0,0.0,0.0,0.7934506856227626,0.12319814056635961,-0.12319814056635961,-0.12319814056635961,0.670252545056403,0.08968978204854118,-0.08968978204854118,0.08694856724678117,-0.08694856724678117,0.0,0.0,0.7934506856227626,0.0,,,0.0,unverified,Insufficient Data,Insufficient Data,Insufficient Data,Insufficient Data,Insufficient Data,False,False,,,,,,lane,PI,MA,Northeast,Northeast,True,True
PI>CE,1,0.0,0,0.0,1,0.0,0,0.0,1,0,0,0,1,0,1,0,0,0,0.0,0.0,0.7934506856227626,0.06866039544511277,-0.06866039544511277,-0.06866039544511277,0.7247902901776497,False,False,0.046341463414634146,0.0,-0.046341463414634146,1.0,0.0,0.0,0.7934506856227626,0.12319814056635961,-0.12319814056635961,-0.12319814056635961,0.670252545056403,0.08968978204854118,-0.08968978204854118,0.08694856724678117,-0.08694856724678117,0.0,0.0,0.7934506856227626,0.0,,,0.0,unverified,Insufficient Data,Insufficient Data,Insufficient Data,Insufficient Data,Insufficient Data,False,False,,,,,,lane,PI,CE,Northeast,Northeast,True,True
MS>AC,1,0.0,1,0.0,0,0.0,0,0.0,1,0,0,0,1,0,1,0,0,0,0.0,0.0,0.7934506856227626,0.06866039544511277,-0.06866039544511277,-0.06866039544511277,0.7247902901776497,False,False,0.03296703296703297,0.0,-0.03296703296703297,1.0,0.0,0.0,0.7934506856227626,0.12319814056635961,-0.12319814056635961,-0.12319814056635961,0.670252545056403,0.08968978204854118,-0.08968978204854118,0.08694856724678117,-0.08694856724678117,0.0,0.0,0.7934506856227626,0.0,,0.0,,unverified,Insufficient Data,Insufficient Data,Insufficient Data,Insufficient Data,Insufficient Data,False,False,,,,,,lane,MS,AC,Central-West,North,False,False
PI>PE,1,0.0,0,0.0,1,0.0,0,0.0,1,0,0,0,1,0,1,0,0,0,0.0,0.0,0.7934506856227626,0.06866039544511277,-0.06866039544511277,-0.06866039544511277,0.7247902901776497,False,False,0.061611374407582936,0.0,-0.061611374407582936,1.0,0.0,0.0,0.7934506856227626,0.12319814056635961,-0.12319814056635961,-0.12319814056635961,0.670252545056403,0.08968978204854118,-0.08968978204854118,0.08694856724678117,-0.08694856724678117,0.0,0.0,0.7934506856227626,0.0,,,0.0,unverified,Insufficient Data,Insufficient Data,Insufficient Data,Insufficient Data,Insufficient Data,False,False,,,,,,lane,PI,PE,Northeast,Northeast,True,True
PR>AC,1,0.0,1,0.0,0,0.0,0,0.0,1,1,0,0,1,1,1,1,0,0,0.0,0.0,0.7934506856227626,0.06866039544511277,-0.06866039544511277,-0.06866039544511277,0.7247902901776497,False,False,0.022377622377622378,0.0,-0.022377622377622378,1.0,1.0,0.20654931437723745,1.0,0.12319814056635961,0.8768018594336404,0.08335117381087784,0.8768018594336404,0.08968978204854118,0.9103102179514588,0.08694856724678117,0.9130514327532189,1.0,0.20654931437723745,1.0,0.0,,0.0,,unverified,Insufficient Data,Insufficient Data,Insufficient Data,Insufficient Data,Insufficient Data,False,False,,,,,,lane,PR,AC,South,North,False,False
PI>PI,1,0.0,0,0.0,1,0.0,1,0.0,1,0,0,0,1,0,1,0,0,0,0.0,0.0,0.7934506856227626,0.06866039544511277,-0.06866039544511277,-0.06866039544511277,0.7247902901776497,False,False,0.2413955681282414,0.0,-0.2413955681282414,1.0,0.0,0.0,0.7934506856227626,0.12319814056635961,-0.12319814056635961,-0.12319814056635961,0.670252545056403,0.08968978204854118,-0.08968978204854118,0.08694856724678117,-0.08694856724678117,0.0,0.0,0.7934506856227626,0.0,,,0.0,unverified,Insufficient Data,Insufficient Data,Insufficient Data,Insufficient Data,Insufficient Data,False,False,,,,,,lane,PI,PI,Northeast,Northeast,True,True
PI>SC,1,0.0,0,0.0,1,0.0,1,0.0,1,0,0,0,1,0,1,0,0,0,0.0,0.0,0.7934506856227626,0.06866039544511277,-0.06866039544511277,-0.06866039544511277,0.7247902901776497,False,False,0.17545748116254037,0.0,-0.17545748116254037,1.0,0.0,0.0,0.7934506856227626,0.12319814056635961,-0.12319814056635961,-0.12319814056635961,0.670252545056403,0.08968978204854118,-0.08968978204854118,0.08694856724678117,-0.08694856724678117,0.0,0.0,0.7934506856227626,0.0,,,0.0,unverified,Insufficient Data,Insufficient Data,Insufficient Data,Insufficient Data,Insufficient Data,False,False,,,,,,lane,PI,SC,Northeast,South,False,True
MS>RS,1,0.0,1,0.0,0,0.0,0,0.0,1,0,0,0,1,0,1,0,0,0,0.0,0.0,0.7934506856227626,0.06866039544511277,-0.06866039544511277,-0.06866039544511277,0.7247902901776497,False,False,0.022377622377622378,0.0,-0.022377622377622378,1.0,0.0,0.0,0.7934506856227626,0.12319814056635961,-0.12319814056635961,-0.12319814056635961,0.670252545056403,0.08968978204854118,-0.08968978204854118,0.08694856724678117,-0.08694856724678117,0.0,0.0,0.7934506856227626,0.0,,0.0,,unverified,Insufficient Data,Insufficient Data,Insufficient Data,Insufficient Data,Insufficient Data,False,False,,,,,,lane,MS,RS,Central-West,South,False,False
MS>SC,1,0.0,1,0.0,0,0.0,0,0.0,1,0,0,0,1,0,1,0,0,0,0.0,0.0,0.7934506856227626,0.06866039544511277,-0.06866039544511277,-0.06866039544511277,0.7247902901776497,False,False,0.020671834625323,0.0,-0.020671834625323,1.0,0.0,0.0,0.7934506856227626,0.12319814056635961,-0.12319814056635961,-0.12319814056635961,0.670252545056403,0.08968978204854118,-0.08968978204854118,0.08694856724678117,-0.08694856724678117,0.0,0.0,0.7934506856227626,0.0,,0.0,,unverified,Insufficient Data,Insufficient Data,Insufficient Data,Insufficient Data,Insufficient Data,False,False,,,,,,lane,MS,SC,Central-West,South,False,False
PE>TO,1,0.0,0,0.0,1,0.0,1,0.0,1,0,0,0,1,0,1,0,0,0,0.0,0.0,0.7934506856227626,0.06866039544511277,-0.06866039544511277,-0.06866039544511277,0.7247902901776497,False,False,0.1175228712174525,0.0,-0.1175228712174525,1.0,0.0,0.0,0.7934506856227626,0.12319814056635961,-0.12319814056635961,-0.12319814056635961,0.670252545056403,0.08968978204854118,-0.08968978204854118,0.08694856724678117,-0.08694856724678117,0.0,0.0,0.7934506856227626,0.0,,,0.0,unverified,Insufficient Data,Insufficient Data,Insufficient Data,Insufficient Data,Insufficient Data,False,False,,,,,,lane,PE,TO,Northeast,North,False,True
MS>GO,1,0.0,1,0.0,0,0.0,0,0.0,1,0,0,0,1,0,1,0,0,0,0.0,0.0,0.7934506856227626,0.06866039544511277,-0.06866039544511277,-0.06866039544511277,0.7247902901776497,False,False,0.0326530612244898,0.0,-0.0326530612244898,1.0,0.0,0.0,0.7934506856227626,0.12319814056635961,-0.12319814056635961,-0.12319814056635961,0.670252545056403,0.08968978204854118,-0.08968978204854118,0.08694856724678117,-0.08694856724678117,0.0,0.0,0.7934506856227626,0.0,,0.0,,unverified,Insufficient Data,Insufficient Data,Insufficient Data,Insufficient Data,Insufficient Data,False,False,,,,,,lane,MS,GO,Central-West,Central-West,False,False
PE>MT,1,0.0,0,0.0,1,0.0,0,0.0,1,0,0,0,1,0,1,0,0,0,0.0,0.0,0.7934506856227626,0.06866039544511277,-0.06866039544511277,-0.06866039544511277,0.7247902901776497,False,False,0.028824833702882482,0.0,-0.028824833702882482,1.0,0.0,0.0,0.7934506856227626,0.12319814056635961,-0.12319814056635961,-0.12319814056635961,0.670252545056403,0.08968978204854118,-0.08968978204854118,0.08694856724678117,-0.08694856724678117,0.0,0.0,0.7934506856227626,0.0,,,0.0,unverified,Insufficient Data,Insufficient Data,Insufficient Data,Insufficient Data,Insufficient Data,False,False,,,,,,lane,PE,MT,Northeast,Central-West,False,True
MT>RN,1,0.0,0,0.0,1,0.0,0,0.0,1,0,0,0,1,0,1,0,0,0,0.0,0.0,0.7934506856227626,0.06866039544511277,-0.06866039544511277,-0.06866039544511277,0.7247902901776497,False,False,0.06518282988871224,0.0,-0.06518282988871224,1.0,0.0,0.0,0.7934506856227626,0.12319814056635961,-0.12319814056635961,-0.12319814056635961,0.670252545056403,0.08968978204854118,-0.08968978204854118,0.08694856724678117,-0.08694856724678117,0.0,0.0,0.7934506856227626,0.0,,,0.0,unverified,Insufficient Data,Insufficient Data,Insufficient Data,Insufficient Data,Insufficient Data,False,False,,,,,,lane,MT,RN,Central-West,Northeast,True,False
PA>MG,1,0.0,0,0.0,1,0.0,1,0.0,1,0,0,0,1,0,1,0,0,0,0.0,0.0,0.7934506856227626,0.06866039544511277,-0.06866039544511277,-0.06866039544511277,0.7247902901776497,False,False,0.15601686668829062,0.0,-0.15601686668829062,1.0,0.0,0.0,0.7934506856227626,0.12319814056635961,-0.12319814056635961,-0.12319814056635961,0.670252545056403,0.08968978204854118,-0.08968978204854118,0.08694856724678117,-0.08694856724678117,0.0,0.0,0.7934506856227626,0.0,,,0.0,unverified,Insufficient Data,Insufficient Data,Insufficient Data,Insufficient Data,Insufficient Data,False,False,,,,,,lane,PA,MG,North,Southeast,False,False
PB>CE,1,0.0,0,0.0,1,0.0,0,0.0,1,0,0,0,1,0,1,0,0,0,0.0,0.0,0.7934506856227626,0.06866039544511277,-0.06866039544511277,-0.06866039544511277,0.7247902901776497,False,False,0.00723589001447178,0.0,-0.00723589001447178,1.0,0.0,0.0,0.7934506856227626,0.12319814056635961,-0.12319814056635961,-0.12319814056635961,0.670252545056403,0.08968978204854118,-0.08968978204854118,0.08694856724678117,-0.08694856724678117,0.0,0.0,0.7934506856227626,0.0,,,0.0,unverified,Insufficient Data,Insufficient Data,Insufficient Data,Insufficient Data,Insufficient Data,False,False,,,,,,lane,PB,CE,Northeast,Northeast,True,True
PB>DF,1,0.0,0,0.0,1,0.0,1,0.0,1,1,0,0,1,1,1,1,0,0,0.0,0.0,0.7934506856227626,0.06866039544511277,-0.06866039544511277,-0.06866039544511277,0.7247902901776497,False,False,0.12063492063492064,0.0,-0.12063492063492064,1.0,1.0,0.20654931437723745,1.0,0.12319814056635961,0.8768018594336404,0.08335117381087784,0.8768018594336404,0.08968978204854118,0.9103102179514588,0.08694856724678117,0.9130514327532189,1.0,0.20654931437723745,1.0,0.0,,,0.0,unverified,Insufficient Data,Insufficient Data,Insufficient Data,Insufficient Data,Insufficient Data,False,False,,,,,,lane,PB,DF,Northeast,Central-West,False,True
PA>PR,1,0.0,1,0.0,0,0.0,0,0.0,1,0,0,0,1,0,1,0,0,0,0.0,0.0,0.7934506856227626,0.06866039544511277,-0.06866039544511277,-0.06866039544511277,0.7247902901776497,False,False,0.049107142857142856,0.0,-0.049107142857142856,1.0,0.0,0.0,0.7934506856227626,0.12319814056635961,-0.12319814056635961,-0.12319814056635961,0.670252545056403,0.08968978204854118,-0.08968978204854118,0.08694856724678117,-0.08694856724678117,0.0,0.0,0.7934506856227626,0.0,,0.0,,unverified,Insufficient Data,Insufficient Data,Insufficient Data,Insufficient Data,Insufficient Data,False,False,,,,,,lane,PA,PR,North,South,False,False
PB>AL,1,0.0,0,0.0,1,0.0,1,0.0,1,0,0,0,1,0,1,0,0,0,0.0,0.0,0.7934506856227626,0.06866039544511277,-0.06866039544511277,-0.06866039544511277,0.7247902901776497,False,False,0.183920704845815,0.0,-0.183920704845815,1.0,0.0,0.0,0.7934506856227626,0.12319814056635961,-0.12319814056635961,-0.12319814056635961,0.670252545056403,0.08968978204854118,-0.08968978204854118,0.08694856724678117,-0.08694856724678117,0.0,0.0,0.7934506856227626,0.0,,,0.0,unverified,Insufficient Data,Insufficient Data,Insufficient Data,Insufficient Data,Insufficient Data,False,False,,,,,,lane,PB,AL,Northeast,Northeast,True,True
PB>MT,1,0.0,1,0.0,0,0.0,0,0.0,1,0,0,0,1,0,1,0,0,0,0.0,0.0,0.7934506856227626,0.06866039544511277,-0.06866039544511277,-0.06866039544511277,0.7247902901776497,False,False,0.05539772727272727,0.0,-0.05539772727272727,1.0,0.0,0.0,0.7934506856227626,0.12319814056635961,-0.12319814056635961,-0.12319814056635961,0.670252545056403,0.08968978204854118,-0.08968978204854118,0.08694856724678117,-0.08694856724678117,0.0,0.0,0.7934506856227626,0.0,,0.0,,unverified,Insufficient Data,Insufficient Data,Insufficient Data,Insufficient Data,Insufficient Data,False,False,,,,,,lane,PB,MT,Northeast,Central-West,False,True
PB>PA,1,0.0,1,0.0,0,0.0,0,0.0,1,1,0,0,1,1,1,1,0,0,0.0,0.0,0.7934506856227626,0.06866039544511277,-0.06866039544511277,-0.06866039544511277,0.7247902901776497,False,False,0.07476635514018691,0.0,-0.07476635514018691,1.0,1.0,0.20654931437723745,1.0,0.12319814056635961,0.8768018594336404,0.08335117381087784,0.8768018594336404,0.08968978204854118,0.9103102179514588,0.08694856724678117,0.9130514327532189,1.0,0.20654931437723745,1.0,0.0,,0.0,,unverified,Insufficient Data,Insufficient Data,Insufficient Data,Insufficient Data,Insufficient Data,False,False,,,,,,lane,PB,PA,Northeast,North,False,True
PB>PB,1,0.0,1,0.0,0,0.0,0,0.0,1,0,0,0,1,0,1,0,0,0,0.0,0.0,0.7934506856227626,0.06866039544511277,-0.06866039544511277,-0.06866039544511277,0.7247902901776497,False,False,0.0326530612244898,0.0,-0.0326530612244898,1.0,0.0,0.0,0.7934506856227626,0.12319814056635961,-0.12319814056635961,-0.12319814056635961,0.670252545056403,0.08968978204854118,-0.08968978204854118,0.08694856724678117,-0.08694856724678117,0.0,0.0,0.7934506856227626,0.0,,0.0,,unverified,Insufficient Data,Insufficient Data,Insufficient Data,Insufficient Data,Insufficient Data,False,False,,,,,,lane,PB,PB,Northeast,Northeast,True,True
PB>RN,1,0.0,0,0.0,1,0.0,0,0.0,1,0,0,0,1,0,1,0,0,0,0.0,0.0,0.7934506856227626,0.06866039544511277,-0.06866039544511277,-0.06866039544511277,0.7247902901776497,False,False,0.00723589001447178,0.0,-0.00723589001447178,1.0,0.0,0.0,0.7934506856227626,0.12319814056635961,-0.12319814056635961,-0.12319814056635961,0.670252545056403,0.08968978204854118,-0.08968978204854118,0.08694856724678117,-0.08694856724678117,0.0,0.0,0.7934506856227626,0.0,,,0.0,unverified,Insufficient Data,Insufficient Data,Insufficient Data,Insufficient Data,Insufficient Data,False,False,,,,,,lane,PB,RN,Northeast,Northeast,True,True
PB>SE,1,0.0,0,0.0,1,0.0,0,0.0,1,0,0,0,1,0,1,0,0,0,0.0,0.0,0.7934506856227626,0.06866039544511277,-0.06866039544511277,-0.06866039544511277,0.7247902901776497,False,False,0.00723589001447178,0.0,-0.00723589001447178,1.0,0.0,0.0,0.7934506856227626,0.12319814056635961,-0.12319814056635961,-0.12319814056635961,0.670252545056403,0.08968978204854118,-0.08968978204854118,0.08694856724678117,-0.08694856724678117,0.0,0.0,0.7934506856227626,0.0,,,0.0,unverified,Insufficient Data,Insufficient Data,Insufficient Data,Insufficient Data,Insufficient Data,False,False,,,,,,lane,PB,SE,Northeast,Northeast,True,True
PE>AP,1,0.0,0,0.0,1,0.0,0,0.0,1,0,0,0,1,0,1,0,0,0,0.0,0.0,0.7934506856227626,0.06866039544511277,-0.06866039544511277,-0.06866039544511277,0.7247902901776497,False,False,0.016689847009735744,0.0,-0.016689847009735744,1.0,0.0,0.0,0.7934506856227626,0.12319814056635961,-0.12319814056635961,-0.12319814056635961,0.670252545056403,0.08968978204854118,-0.08968978204854118,0.08694856724678117,-0.08694856724678117,0.0,0.0,0.7934506856227626,0.0,,,0.0,unverified,Insufficient Data,Insufficient Data,Insufficient Data,Insufficient Data,Insufficient Data,False,False,,,,,,lane,PE,AP,Northeast,North,False,True
PB>ES,1,0.0,0,0.0,1,0.0,0,0.0,1,0,0,0,1,0,1,0,0,0,0.0,0.0,0.7934506856227626,0.06866039544511277,-0.06866039544511277,-0.06866039544511277,0.7247902901776497,False,False,0.028824833702882482,0.0,-0.028824833702882482,1.0,0.0,0.0,0.7934506856227626,0.12319814056635961,-0.12319814056635961,-0.12319814056635961,0.670252545056403,0.08968978204854118,-0.08968978204854118,0.08694856724678117,-0.08694856724678117,0.0,0.0,0.7934506856227626,0.0,,,0.0,unverified,Insufficient Data,Insufficient Data,Insufficient Data,Insufficient Data,Insufficient Data,False,False,,,,,,lane,PB,ES,Northeast,Southeast,False,True
PB>MA,1,0.0,1,0.0,0,0.0,0,0.0,1,0,0,0,1,0,1,0,0,0,0.0,0.0,0.7934506856227626,0.06866039544511277,-0.06866039544511277,-0.06866039544511277,0.7247902901776497,False,False,0.07476635514018691,0.0,-0.07476635514018691,1.0,0.0,0.0,0.7934506856227626,0.12319814056635961,-0.12319814056635961,-0.12319814056635961,0.670252545056403,0.08968978204854118,-0.08968978204854118,0.08694856724678117,-0.08694856724678117,0.0,0.0,0.7934506856227626,0.0,,0.0,,unverified,Insufficient Data,Insufficient Data,Insufficient Data,Insufficient Data,Insufficient Data,False,False,,,,,,lane,PB,MA,Northeast,Northeast,True,True
BA>AM,1,0.0,0,0.0,1,0.0,1,0.0,1,0,0,0,1,0,1,0,0,0,0.0,0.0,0.7934506856227626,0.06866039544511277,-0.06866039544511277,-0.06866039544511277,0.7247902901776497,False,False,0.041474654377880185,0.0,-0.041474654377880185,1.0,0.0,0.0,0.7934506856227626,0.12319814056635961,-0.12319814056635961,-0.12319814056635961,0.670252545056403,0.08968978204854118,-0.08968978204854118,0.08694856724678117,-0.08694856724678117,0.0,0.0,0.7934506856227626,0.0,,,0.0,unverified,Insufficient Data,Insufficient Data,Insufficient Data,Insufficient Data,Insufficient Data,False,False,,,,,,lane,BA,AM,Northeast,North,False,True
BA>MA,16,1.0,11,0.0,5,1.0,1,1.0,16,1,1,0,15,1,15,1,1,0,0.0625,0.01111934476464252,0.28328737570298945,1.0985663271218042,-0.09856632712180424,-0.9206568108875239,3.434031684126027,False,False,0.6011057764368986,1.663600715879954,0.39889422356310145,1.0,0.0625,0.01111934476464252,0.28328737570298945,1.9711702490617538,-0.9711702490617538,-1.7932607328274734,2.5614277621860775,1.3453467307281177,-0.3453467307281177,1.3042285087017176,-0.3042285087017176,0.06666666666666667,0.011866895493268553,0.2981652987378003,0.0625,1.0,0.0,0.2,unverified,Insufficient Data,Insufficient Data,Insufficient Data,Insufficient Data,Insufficient Data,False,False,,,,,,lane,BA,MA,Northeast,Northeast,True,True
BA>AP,2,0.0,1,0.0,1,0.0,0,0.0,2,0,0,0,2,0,2,0,0,0,0.0,0.0,0.6576197724933469,0.13732079089022553,-0.13732079089022553,-0.13732079089022553,1.1779187540964684,False,False,0.09208865948512479,0.0,-0.09208865948512479,1.0,0.0,0.0,0.6576197724933469,0.24639628113271922,-0.24639628113271922,-0.24639628113271922,1.0688432638539747,0.17937956409708236,-0.17937956409708236,0.17389713449356234,-0.17389713449356234,0.0,0.0,0.6576197724933469,0.0,,0.0,0.0,unverified,Insufficient Data,Insufficient Data,Insufficient Data,Insufficient Data,Insufficient Data,False,False,,,,,,lane,BA,AP,Northeast,North,False,True
BA>MS,2,0.0,0,0.0,2,0.0,1,0.0,2,0,0,0,2,0,2,0,0,0,0.0,0.0,0.6576197724933469,0.13732079089022553,-0.13732079089022553,-0.13732079089022553,1.1779187540964684,False,False,0.17913424562503544,0.0,-0.17913424562503544,1.0,0.0,0.0,0.6576197724933469,0.24639628113271922,-0.24639628113271922,-0.24639628113271922,1.0688432638539747,0.17937956409708236,-0.17937956409708236,0.17389713449356234,-0.17389713449356234,0.0,0.0,0.6576197724933469,0.0,,,0.0,unverified,Insufficient Data,Insufficient Data,Insufficient Data,Insufficient Data,Insufficient Data,False,False,,,,,,lane,BA,MS,Northeast,Central-West,False,True
PE>MS,2,0.0,1,0.0,1,0.0,1,0.0,2,0,0,0,2,0,2,0,0,0,0.0,0.0,0.6576197724933469,0.13732079089022553,-0.13732079089022553,-0.13732079089022553,1.1779187540964684,False,False,0.22687603130629608,0.0,-0.22687603130629608,1.0,0.0,0.0,0.6576197724933469,0.24639628113271922,-0.24639628113271922,-0.24639628113271922,1.0688432638539747,0.17937956409708236,-0.17937956409708236,0.17389713449356234,-0.17389713449356234,0.0,0.0,0.6576197724933469,0.0,,0.0,0.0,unverified,Insufficient Data,Insufficient Data,Insufficient Data,Insufficient Data,Insufficient Data,False,False,,,,,,lane,PE,MS,Northeast,Central-West,False,True
MT>CE,2,0.0,0,0.0,2,0.0,1,0.0,2,0,0,0,2,0,2,0,0,0,0.0,0.0,0.6576197724933469,0.13732079089022553,-0.13732079089022553,-0.13732079089022553,1.1779187540964684,False,False,0.16717376338192108,0.0,-0.16717376338192108,1.0,0.0,0.0,0.6576197724933469,0.24639628113271922,-0.24639628113271922,-0.24639628113271922,1.0688432638539747,0.17937956409708236,-0.17937956409708236,0.17389713449356234,-0.17389713449356234,0.0,0.0,0.6576197724933469,0.0,,,0.0,unverified,Insufficient Data,Insufficient Data,Insufficient Data,Insufficient Data,Insufficient Data,False,False,,,,,,lane,MT,CE,Central-West,Northeast,True,False
PB>BA,2,0.0,1,0.0,1,0.0,0,0.0,2,0,0,0,2,0,2,0,0,0,0.0,0.0,0.6576197724933469,0.13732079089022553,-0.13732079089022553,-0.13732079089022553,1.1779187540964684,False,False,0.04729045775020893,0.0,-0.04729045775020893,1.0,0.0,0.0,0.6576197724933469,0.24639628113271922,-0.24639628113271922,-0.24639628113271922,1.0688432638539747,0.17937956409708236,-0.17937956409708236,0.17389713449356234,-0.17389713449356234,0.0,0.0,0.6576197724933469,0.0,,0.0,0.0,unverified,Insufficient Data,Insufficient Data,Insufficient Data,Insufficient Data,Insufficient Data,False,False,,,,,,lane,PB,BA,Northeast,Northeast,True,True
PB>PE,2,0.0,1,0.0,1,0.0,0,0.0,2,1,0,0,2,1,2,1,0,0,0.0,0.0,0.6576197724933469,0.13732079089022553,-0.13732079089022553,-0.13732079089022553,1.1779187540964684,False,False,0.11479934518847429,0.0,-0.11479934518847429,1.0,0.5,0.09453120573423074,0.9054687942657693,0.24639628113271922,0.7536037188672808,-0.05733386966425774,1.5645413073988195,0.17937956409708236,0.8206204359029177,0.17389713449356234,0.8261028655064376,0.5,0.09453120573423074,0.9054687942657693,0.0,,0.0,0.0,unverified,Insufficient Data,Insufficient Data,Insufficient Data,Insufficient Data,Insufficient Data,False,False,,,,,,lane,PB,PE,Northeast,Northeast,True,True
PB>MG,2,0.0,0,0.0,2,0.0,0,0.0,2,1,0,0,2,1,2,1,0,0,0.0,0.0,0.6576197724933469,0.13732079089022553,-0.13732079089022553,-0.13732079089022553,1.1779187540964684,False,False,0.08482029212436179,0.0,-0.08482029212436179,1.0,0.5,0.09453120573423074,0.9054687942657693,0.24639628113271922,0.7536037188672808,-0.05733386966425774,1.5645413073988195,0.17937956409708236,0.8206204359029177,0.17389713449356234,0.8261028655064376,0.5,0.09453120573423074,0.9054687942657693,0.0,,,0.0,unverified,Insufficient Data,Insufficient Data,Insufficient Data,Insufficient Data,Insufficient Data,False,False,,,,,,lane,PB,MG,Northeast,Southeast,False,True
PI>MG,2,0.0,0,0.0,2,0.0,2,0.0,2,1,0,0,2,1,2,1,0,0,0.0,0.0,0.6576197724933469,0.13732079089022553,-0.13732079089022553,-0.13732079089022553,1.1779187540964684,False,False,0.25388885371156,0.0,-0.25388885371156,1.0,0.5,0.09453120573423074,0.9054687942657693,0.24639628113271922,0.7536037188672808,-0.05733386966425774,1.5645413073988195,0.17937956409708236,0.8206204359029177,0.17389713449356234,0.8261028655064376,0.5,0.09453120573423074,0.9054687942657693,0.0,,,0.0,unverified,Insufficient Data,Insufficient Data,Insufficient Data,Insufficient Data,Insufficient Data,False,False,,,,,,lane,PI,MG,Northeast,Southeast,False,True
MS>MT,2,0.0,1,0.0,1,0.0,0,0.0,2,0,0,0,2,0,2,0,0,0,0.0,0.0,0.6576197724933469,0.13732079089022553,-0.13732079089022553,-0.13732079089022553,1.1779187540964684,False,False,0.13379681693150702,0.0,-0.13379681693150702,1.0,0.0,0.0,0.6576197724933469,0.24639628113271922,-0.24639628113271922,-0.24639628113271922,1.0688432638539747,0.17937956409708236,-0.17937956409708236,0.17389713449356234,-0.17389713449356234,0.0,0.0,0.6576197724933469,0.0,,0.0,0.0,unverified,Insufficient Data,Insufficient Data,Insufficient Data,Insufficient Data,Insufficient Data,False,False,,,,,,lane,MS,MT,Central-West,Central-West,False,False
PI>SP,2,0.0,0,0.0,2,0.0,1,0.0,2,0,0,0,2,0,2,0,0,0,0.0,0.0,0.6576197724933469,0.13732079089022553,-0.13732079089022553,-0.13732079089022553,1.1779187540964684,False,False,0.18761632916137772,0.0,-0.18761632916137772,1.0,0.0,0.0,0.6576197724933469,0.24639628113271922,-0.24639628113271922,-0.24639628113271922,1.0688432638539747,0.17937956409708236,-0.17937956409708236,0.17389713449356234,-0.17389713449356234,0.0,0.0,0.6576197724933469,0.0,,,0.0,unverified,Insufficient Data,Insufficient Data,Insufficient Data,Insufficient Data,Insufficient Data,False,False,,,,,,lane,PI,SP,Northeast,Southeast,False,True
PR>AP,2,0.0,1,0.0,1,0.0,0,0.0,2,0,0,0,2,0,2,0,0,0,0.0,0.0,0.6576197724933469,0.13732079089022553,-0.13732079089022553,-0.13732079089022553,1.1779187540964684,False,False,0.065379776931087,0.0,-0.065379776931087,1.0,0.0,0.0,0.6576197724933469,0.24639628113271922,-0.24639628113271922,-0.24639628113271922,1.0688432638539747,0.17937956409708236,-0.17937956409708236,0.17389713449356234,-0.17389713449356234,0.0,0.0,0.6576197724933469,0.0,,0.0,0.0,unverified,Insufficient Data,Insufficient Data,Insufficient Data,Insufficient Data,Insufficient Data,False,False,,,,,,lane,PR,AP,South,North,False,False
MT>RO,2,0.0,0,0.0,2,0.0,1,0.0,2,0,0,0,2,0,2,0,0,0,0.0,0.0,0.6576197724933469,0.13732079089022553,-0.13732079089022553,-0.13732079089022553,1.1779187540964684,False,False,0.0899767941781655,0.0,-0.0899767941781655,1.0,0.0,0.0,0.6576197724933469,0.24639628113271922,-0.24639628113271922,-0.24639628113271922,1.0688432638539747,0.17937956409708236,-0.17937956409708236,0.17389713449356234,-0.17389713449356234,0.0,0.0,0.6576197724933469,0.0,,,0.0,unverified,Insufficient Data,Insufficient Data,Insufficient Data,Insufficient Data,Insufficient Data,False,False,,,,,,lane,MT,RO,Central-West,North,False,False
MT>ES,2,0.0,1,0.0,1,0.0,1,0.0,2,0,0,0,2,0,2,0,0,0,0.0,0.0,0.6576197724933469,0.13732079089022553,-0.13732079089022553,-0.13732079089022553,1.1779187540964684,False,False,0.20078430854875573,0.0,-0.20078430854875573,1.0,0.0,0.0,0.6576197724933469,0.24639628113271922,-0.24639628113271922,-0.24639628113271922,1.0688432638539747,0.17937956409708236,-0.17937956409708236,0.17389713449356234,-0.17389713449356234,0.0,0.0,0.6576197724933469,0.0,,0.0,0.0,unverified,Insufficient Data,Insufficient Data,Insufficient Data,Insufficient Data,Insufficient Data,False,False,,,,,,lane,MT,ES,Central-West,Southeast,False,False
MT>PB,2,0.0,1,0.0,1,0.0,0,0.0,2,0,0,0,2,0,2,0,0,0,0.0,0.0,0.6576197724933469,0.13732079089022553,-0.13732079089022553,-0.13732079089022553,1.1779187540964684,False,False,0.03927696361703111,0.0,-0.03927696361703111,1.0,0.0,0.0,0.6576197724933469,0.24639628113271922,-0.24639628113271922,-0.24639628113271922,1.0688432638539747,0.17937956409708236,-0.17937956409708236,0.17389713449356234,-0.17389713449356234,0.0,0.0,0.6576197724933469,0.0,,0.0,0.0,unverified,Insufficient Data,Insufficient Data,Insufficient Data,Insufficient Data,Insufficient Data,False,False,,,,,,lane,MT,PB,Central-West,Northeast,True,False
RS>AC,2,0.0,1,0.0,1,0.0,1,0.0,2,0,0,0,2,0,2,0,0,0,0.0,0.0,0.6576197724933469,0.13732079089022553,-0.13732079089022553,-0.13732079089022553,1.1779187540964684,False,False,0.13382909982174687,0.0,-0.13382909982174687,1.0,0.0,0.0,0.6576197724933469,0.24639628113271922,-0.24639628113271922,-0.24639628113271922,1.0688432638539747,0.17937956409708236,-0.17937956409708236,0.17389713449356234,-0.17389713449356234,0.0,0.0,0.6576197724933469,0.0,,0.0,0.0,unverified,Insufficient Data,Insufficient Data,Insufficient Data,Insufficient Data,Insufficient Data,False,False,,,,,,lane,RS,AC,South,North,False,False
ES>TO,2,0.0,1,0.0,1,0.0,1,0.0,2,0,0,0,2,0,2,0,0,0,0.0,0.0,0.6576197724933469,0.13732079089022553,-0.13732079089022553,-0.13732079089022553,1.1779187540964684,False,False,0.20455100455100456,0.0,-0.20455100455100456,1.0,0.0,0.0,0.6576197724933469,0.24639628113271922,-0.24639628113271922,-0.24639628113271922,1.0688432638539747,0.17937956409708236,-0.17937956409708236,0.17389713449356234,-0.17389713449356234,0.0,0.0,0.6576197724933469,0.0,,0.0,0.0,unverified,Insufficient Data,Insufficient Data,Insufficient Data,Insufficient Data,Insufficient Data,False,False,,,,,,lane,ES,TO,Southeast,North,False,False
GO>AM,2,0.0,0,0.0,2,0.0,0,0.0,2,1,0,0,2,1,2,1,0,0,0.0,0.0,0.6576197724933469,0.13732079089022553,-0.13732079089022553,-0.13732079089022553,1.1779187540964684,False,False,0.09700427960057062,0.0,-0.09700427960057062,1.0,0.5,0.09453120573423074,0.9054687942657693,0.24639628113271922,0.7536037188672808,-0.05733386966425774,1.5645413073988195,0.17937956409708236,0.8206204359029177,0.17389713449356234,0.8261028655064376,0.5,0.09453120573423074,0.9054687942657693,0.0,,,0.0,unverified,Insufficient Data,Insufficient Data,Insufficient Data,Insufficient Data,Insufficient Data,False,False,,,,,,lane,GO,AM,Central-West,North,False,False
ES>MA,2,0.0,0,0.0,2,0.0,0,0.0,2,0,0,0,2,0,2,0,0,0,0.0,0.0,0.6576197724933469,0.13732079089022553,-0.13732079089022553,-0.13732079089022553,1.1779187540964684,False,False,0.030883261272390366,0.0,-0.030883261272390366,1.0,0.0,0.0,0.6576197724933469,0.24639628113271922,-0.24639628113271922,-0.24639628113271922,1.0688432638539747,0.17937956409708236,-0.17937956409708236,0.17389713449356234,-0.17389713449356234,0.0,0.0,0.6576197724933469,0.0,,,0.0,unverified,Insufficient Data,Insufficient Data,Insufficient Data,Insufficient Data,Insufficient Data,False,False,,,,,,lane,ES,MA,Southeast,Northeast,True,False
ES>PI,2,0.0,1,0.0,1,0.0,0,0.0,2,0,0,0,2,0,2,0,0,0,0.0,0.0,0.6576197724933469,0.13732079089022553,-0.13732079089022553,-0.13732079089022553,1.1779187540964684,False,False,0.08628098854511763,0.0,-0.08628098854511763,1.0,0.0,0.0,0.6576197724933469,0.24639628113271922,-0.24639628113271922,-0.24639628113271922,1.0688432638539747,0.17937956409708236,-0.17937956409708236,0.17389713449356234,-0.17389713449356234,0.0,0.0,0.6576197724933469,0.0,,0.0,0.0,unverified,Insufficient Data,Insufficient Data,Insufficient Data,Insufficient Data,Insufficient Data,False,False,,,,,,lane,ES,PI,Southeast,Northeast,True,False
RO>RJ,2,0.0,2,0.0,0,0.0,0,0.0,2,0,0,0,2,0,2,0,0,0,0.0,0.0,0.6576197724933469,0.13732079089022553,-0.13732079089022553,-0.13732079089022553,1.1779187540964684,False,False,0.06126651126651127,0.0,-0.06126651126651127,1.0,0.0,0.0,0.6576197724933469,0.24639628113271922,-0.24639628113271922,-0.24639628113271922,1.0688432638539747,0.17937956409708236,-0.17937956409708236,0.17389713449356234,-0.17389713449356234,0.0,0.0,0.6576197724933469,0.0,,0.0,,unverified,Insufficient Data,Insufficient Data,Insufficient Data,Insufficient Data,Insufficient Data,False,False,,,,,,lane,RO,RJ,North,Southeast,False,False
GO>PI,2,0.0,0,0.0,2,0.0,0,0.0,2,0,0,0,2,0,2,0,0,0,0.0,0.0,0.6576197724933469,0.13732079089022553,-0.13732079089022553,-0.13732079089022553,1.1779187540964684,False,False,0.060873273820903864,0.0,-0.060873273820903864,1.0,0.0,0.0,0.6576197724933469,0.24639628113271922,-0.24639628113271922,-0.24639628113271922,1.0688432638539747,0.17937956409708236,-0.17937956409708236,0.17389713449356234,-0.17389713449356234,0.0,0.0,0.6576197724933469,0.0,,,0.0,unverified,Insufficient Data,Insufficient Data,Insufficient Data,Insufficient Data,Insufficient Data,False,False,,,,,,lane,GO,PI,Central-West,Northeast,True,False
MA>TO,2,0.0,0,0.0,2,0.0,0,0.0,2,1,0,0,2,1,2,1,0,0,0.0,0.0,0.6576197724933469,0.13732079089022553,-0.13732079089022553,-0.13732079089022553,1.1779187540964684,False,False,0.06176652254478073,0.0,-0.06176652254478073,1.0,0.5,0.09453120573423074,0.9054687942657693,0.24639628113271922,0.7536037188672808,-0.05733386966425774,1.5645413073988195,0.17937956409708236,0.8206204359029177,0.17389713449356234,0.8261028655064376,0.5,0.09453120573423074,0.9054687942657693,0.0,,,0.0,unverified,Insufficient Data,Insufficient Data,Insufficient Data,Insufficient Data,Insufficient Data,False,False,,,,,,lane,MA,TO,Northeast,North,False,True
BA>RO,2,0.0,2,0.0,0,0.0,0,0.0,2,0,0,0,2,0,2,0,0,0,0.0,0.0,0.6576197724933469,0.13732079089022553,-0.13732079089022553,-0.13732079089022553,1.1779187540964684,False,False,0.07464085808034852,0.0,-0.07464085808034852,1.0,0.0,0.0,0.6576197724933469,0.24639628113271922,-0.24639628113271922,-0.24639628113271922,1.0688432638539747,0.17937956409708236,-0.17937956409708236,0.17389713449356234,-0.17389713449356234,0.0,0.0,0.6576197724933469,0.0,,0.0,,unverified,Insufficient Data,Insufficient Data,Insufficient Data,Insufficient Data,Insufficient Data,False,False,,,,,,lane,BA,RO,Northeast,North,False,True
CE>MT,2,0.0,2,0.0,0,0.0,0,0.0,2,0,0,0,2,0,2,0,0,0,0.0,0.0,0.6576197724933469,0.13732079089022553,-0.13732079089022553,-0.13732079089022553,1.1779187540964684,False,False,0.1393138111888112,0.0,-0.1393138111888112,1.0,0.0,0.0,0.6576197724933469,0.24639628113271922,-0.24639628113271922,-0.24639628113271922,1.0688432638539747,0.17937956409708236,-0.17937956409708236,0.17389713449356234,-0.17389713449356234,0.0,0.0,0.6576197724933469,0.0,,0.0,,unverified,Insufficient Data,Insufficient Data,Insufficient Data,Insufficient Data,Insufficient Data,False,False,,,,,,lane,CE,MT,Northeast,Central-West,False,True
BA>TO,2,0.0,1,0.0,1,0.0,0,0.0,2,0,0,0,2,0,2,0,0,0,0.0,0.0,0.6576197724933469,0.13732079089022553,-0.13732079089022553,-0.13732079089022553,1.1779187540964684,False,False,0.05027822020262983,0.0,-0.05027822020262983,1.0,0.0,0.0,0.6576197724933469,0.24639628113271922,-0.24639628113271922,-0.24639628113271922,1.0688432638539747,0.17937956409708236,-0.17937956409708236,0.17389713449356234,-0.17389713449356234,0.0,0.0,0.6576197724933469,0.0,,0.0,0.0,unverified,Insufficient Data,Insufficient Data,Insufficient Data,Insufficient Data,Insufficient Data,False,False,,,,,,lane,BA,TO,Northeast,North,False,True
CE>MA,2,0.0,0,0.0,2,0.0,0,0.0,2,0,0,0,2,0,2,0,0,0,0.0,0.0,0.6576197724933469,0.13732079089022553,-0.13732079089022553,-0.13732079089022553,1.1779187540964684,False,False,0.11643492135855937,0.0,-0.11643492135855937,1.0,0.0,0.0,0.6576197724933469,0.24639628113271922,-0.24639628113271922,-0.24639628113271922,1.0688432638539747,0.17937956409708236,-0.17937956409708236,0.17389713449356234,-0.17389713449356234,0.0,0.0,0.6576197724933469,0.0,,,0.0,unverified,Insufficient Data,Insufficient Data,Insufficient Data,Insufficient Data,Insufficient Data,False,False,,,,,,lane,CE,MA,Northeast,Northeast,True,True
SE>SP,2,0.0,0,0.0,2,0.0,2,0.0,2,0,0,0,2,0,2,0,0,0,0.0,0.0,0.6576197724933469,0.13732079089022553,-0.13732079089022553,-0.13732079089022553,1.1779187540964684,False,False,0.31203373337658125,0.0,-0.31203373337658125,1.0,0.0,0.0,0.6576197724933469,0.24639628113271922,-0.24639628113271922,-0.24639628113271922,1.0688432638539747,0.17937956409708236,-0.17937956409708236,0.17389713449356234,-0.17389713449356234,0.0,0.0,0.6576197724933469,0.0,,,0.0,unverified,Insufficient Data,Insufficient Data,Insufficient Data,Insufficient Data,Insufficient Data,False,False,,,,,,lane,SE,SP,Northeast,Southeast,False,True
CE>AL,2,0.0,0,0.0,2,0.0,0,0.0,2,0,0,0,2,0,2,0,0,0,0.0,0.0,0.6576197724933469,0.13732079089022553,-0.13732079089022553,-0.13732079089022553,1.1779187540964684,False,False,0.03927492447129909,0.0,-0.03927492447129909,1.0,0.0,0.0,0.6576197724933469,0.24639628113271922,-0.24639628113271922,-0.24639628113271922,1.0688432638539747,0.17937956409708236,-0.17937956409708236,0.17389713449356234,-0.17389713449356234,0.0,0.0,0.6576197724933469,0.0,,,0.0,unverified,Insufficient Data,Insufficient Data,Insufficient Data,Insufficient Data,Insufficient Data,False,False,,,,,,lane,CE,AL,Northeast,Northeast,True,True
CE>SC,2,0.0,2,0.0,0,0.0,0,0.0,2,0,0,0,2,0,2,0,0,0,0.0,0.0,0.6576197724933469,0.13732079089022553,-0.13732079089022553,-0.13732079089022553,1.1779187540964684,False,False,0.07305741241170056,0.0,-0.07305741241170056,1.0,0.0,0.0,0.6576197724933469,0.24639628113271922,-0.24639628113271922,-0.24639628113271922,1.0688432638539747,0.17937956409708236,-0.17937956409708236,0.17389713449356234,-0.17389713449356234,0.0,0.0,0.6576197724933469,0.0,,0.0,,unverified,Insufficient Data,Insufficient Data,Insufficient Data,Insufficient Data,Insufficient Data,False,False,,,,,,lane,CE,SC,Northeast,South,False,True
RN>RJ,2,0.0,2,0.0,0,0.0,0,0.0,2,1,0,0,2,1,2,1,0,0,0.0,0.0,0.6576197724933469,0.13732079089022553,-0.13732079089022553,-0.13732079089022553,1.1779187540964684,False,False,0.08801498127340823,0.0,-0.08801498127340823,1.0,0.5,0.09453120573423074,0.9054687942657693,0.24639628113271922,0.7536037188672808,-0.05733386966425774,1.5645413073988195,0.17937956409708236,0.8206204359029177,0.17389713449356234,0.8261028655064376,0.5,0.09453120573423074,0.9054687942657693,0.0,,0.0,,unverified,Insufficient Data,Insufficient Data,Insufficient Data,Insufficient Data,Insufficient Data,False,False,,,,,,lane,RN,RJ,Northeast,Southeast,False,True
MG>RR,2,0.0,2,0.0,0,0.0,0,0.0,2,0,0,0,2,0,2,0,0,0,0.0,0.0,0.6576197724933469,0.13732079089022553,-0.13732079089022553,-0.13732079089022553,1.1779187540964684,False,False,0.027630325302844698,0.0,-0.027630325302844698,1.0,0.0,0.0,0.6576197724933469,0.24639628113271922,-0.24639628113271922,-0.24639628113271922,1.0688432638539747,0.17937956409708236,-0.17937956409708236,0.17389713449356234,-0.17389713449356234,0.0,0.0,0.6576197724933469,0.0,,0.0,,unverified,Insufficient Data,Insufficient Data,Insufficient Data,Insufficient Data,Insufficient Data,False,False,,,,,,lane,MG,RR,Southeast,North,False,False
PE>CE,17,1.0,3,0.0,14,1.0,1,1.0,17,3,1,1,16,2,16,2,1,1,0.058823529411764705,0.010460400984997592,0.26982030637575405,1.167226722566917,-0.16722672256691706,-0.9893999058219579,3.4197184858209018,False,False,0.7941932253976008,1.259139423531805,0.20580677460239916,1.0,0.17647058823529413,0.06191126637620997,0.41029458568834126,2.0943683896281136,0.9056316103718864,-1.0418768612325437,4.880639567073688,1.435036512776659,0.5649634872233411,1.3911770759484987,0.6088229240515013,0.125,0.03497748774324047,0.36022827265758695,0.058823529411764705,1.0,0.0,0.07142857142857142,unverified,Insufficient Data,Insufficient Data,Insufficient Data,Insufficient Data,Insufficient Data,False,False,,,,,,lane,PE,CE,Northeast,Northeast,True,True
BA>PE,32,2.0,14,1.0,18,1.0,6,0.0,32,1,1,1,31,0,30,0,2,1,0.0625,0.017310567031640967,0.2014712314415458,2.1971326542436085,-0.19713265424360848,-1.6431945092310976,4.249946751885857,False,False,2.0774325159685376,0.9627268200659519,-0.07743251596853762,1.0,0.03125,0.005537860164003122,0.15744263820012558,3.9423404981235075,-2.9423404981235075,-3.7651289728754076,1.095823924280511,2.7803832435047764,-2.7803832435047764,2.608457017403435,-2.608457017403435,0.0,0.0,0.11351339317396876,0.03125,0.0,0.07142857142857142,0.05555555555555555,unverified,Insufficient Data,Insufficient Data,Insufficient Data,Insufficient Data,Insufficient Data,False,False,,,,,,lane,BA,PE,Northeast,Northeast,True,True
MS>PR,3,0.0,3,0.0,0,0.0,0,0.0,3,0,0,0,3,0,3,0,0,0,0.0,5.551115123125783e-17,0.5614970317550454,0.2059811863353383,-0.2059811863353383,-0.20598118633533813,1.478509908929798,False,False,0.10290930456462902,0.0,-0.10290930456462902,1.0,0.0,5.551115123125783e-17,0.5614970317550454,0.36959442169907886,-0.36959442169907886,-0.36959442169907863,1.3148966735660574,0.26906934614562356,-0.26906934614562356,0.2608457017403435,-0.2608457017403435,0.0,5.551115123125783e-17,0.5614970317550454,0.0,,0.0,,unverified,Insufficient Data,Insufficient Data,Insufficient Data,Insufficient Data,Insufficient Data,False,False,,,,,,lane,MS,PR,Central-West,South,False,False
MS>MG,3,0.0,1,0.0,2,0.0,0,0.0,3,0,0,0,3,0,3,0,0,0,0.0,5.551115123125783e-17,0.5614970317550454,0.2059811863353383,-0.2059811863353383,-0.20598118633533813,1.478509908929798,False,False,0.12062762800733903,0.0,-0.12062762800733903,1.0,0.0,5.551115123125783e-17,0.5614970317550454,0.36959442169907886,-0.36959442169907886,-0.36959442169907863,1.3148966735660574,0.26906934614562356,-0.26906934614562356,0.2608457017403435,-0.2608457017403435,0.0,5.551115123125783e-17,0.5614970317550454,0.0,,0.0,0.0,unverified,Insufficient Data,Insufficient Data,Insufficient Data,Insufficient Data,Insufficient Data,False,False,,,,,,lane,MS,MG,Central-West,Southeast,False,False
MT>PA,3,0.0,1,0.0,2,0.0,2,0.0,3,0,0,0,3,0,3,0,0,0,0.0,5.551115123125783e-17,0.5614970317550454,0.2059811863353383,-0.2059811863353383,-0.20598118633533813,1.478509908929798,False,False,0.14681185652331236,0.0,-0.14681185652331236,1.0,0.0,5.551115123125783e-17,0.5614970317550454,0.36959442169907886,-0.36959442169907886,-0.36959442169907863,1.3148966735660574,0.26906934614562356,-0.26906934614562356,0.2608457017403435,-0.2608457017403435,0.0,5.551115123125783e-17,0.5614970317550454,0.0,,0.0,0.0,unverified,Insufficient Data,Insufficient Data,Insufficient Data,Insufficient Data,Insufficient Data,False,False,,,,,,lane,MT,PA,Central-West,North,False,False
PE>RO,3,0.0,0,0.0,3,0.0,0,0.0,3,0,0,0,3,0,3,0,0,0,0.0,5.551115123125783e-17,0.5614970317550454,0.2059811863353383,-0.2059811863353383,-0.20598118633533813,1.478509908929798,False,False,0.14245049609695684,0.0,-0.14245049609695684,1.0,0.0,5.551115123125783e-17,0.5614970317550454,0.36959442169907886,-0.36959442169907886,-0.36959442169907863,1.3148966735660574,0.26906934614562356,-0.26906934614562356,0.2608457017403435,-0.2608457017403435,0.0,5.551115123125783e-17,0.5614970317550454,0.0,,,0.0,unverified,Insufficient Data,Insufficient Data,Insufficient Data,Insufficient Data,Insufficient Data,False,False,,,,,,lane,PE,RO,Northeast,North,False,True
CE>MG,3,0.0,3,0.0,0,0.0,0,0.0,3,0,0,0,3,0,3,0,0,0,0.0,5.551115123125783e-17,0.5614970317550454,0.2059811863353383,-0.2059811863353383,-0.20598118633533813,1.478509908929798,False,False,0.12317134342450799,0.0,-0.12317134342450799,1.0,0.0,5.551115123125783e-17,0.5614970317550454,0.36959442169907886,-0.36959442169907886,-0.36959442169907863,1.3148966735660574,0.26906934614562356,-0.26906934614562356,0.2608457017403435,-0.2608457017403435,0.0,5.551115123125783e-17,0.5614970317550454,0.0,,0.0,,unverified,Insufficient Data,Insufficient Data,Insufficient Data,Insufficient Data,Insufficient Data,False,False,,,,,,lane,CE,MG,Northeast,Southeast,False,True
MT>MA,3,0.0,1,0.0,2,0.0,1,0.0,3,0,0,0,3,0,3,0,0,0,0.0,5.551115123125783e-17,0.5614970317550454,0.2059811863353383,-0.2059811863353383,-0.20598118633533813,1.478509908929798,False,False,0.2139507428509986,0.0,-0.2139507428509986,1.0,0.0,5.551115123125783e-17,0.5614970317550454,0.36959442169907886,-0.36959442169907886,-0.36959442169907863,1.3148966735660574,0.26906934614562356,-0.26906934614562356,0.2608457017403435,-0.2608457017403435,0.0,5.551115123125783e-17,0.5614970317550454,0.0,,0.0,0.0,unverified,Insufficient Data,Insufficient Data,Insufficient Data,Insufficient Data,Insufficient Data,False,False,,,,,,lane,MT,MA,Central-West,Northeast,True,False
CE>ES,3,0.0,1,0.0,2,0.0,0,0.0,3,1,0,0,3,1,3,1,0,0,0.0,5.551115123125783e-17,0.5614970317550454,0.2059811863353383,-0.2059811863353383,-0.20598118633533813,1.478509908929798,False,False,0.1426286813513366,0.0,-0.1426286813513366,1.0,0.3333333333333333,0.06149194472039621,0.7923403991979522,0.36959442169907886,0.6304055783009211,-0.1851185875378902,2.007426775894778,0.26906934614562356,0.7309306538543765,0.2608457017403435,0.7391542982596565,0.3333333333333333,0.06149194472039621,0.7923403991979522,0.0,,0.0,0.0,unverified,Insufficient Data,Insufficient Data,Insufficient Data,Insufficient Data,Insufficient Data,False,False,,,,,,lane,CE,ES,Northeast,Southeast,False,True
CE>SE,3,0.0,0,0.0,3,0.0,0,0.0,3,1,0,0,3,1,3,1,0,0,0.0,5.551115123125783e-17,0.5614970317550454,0.2059811863353383,-0.2059811863353383,-0.20598118633533813,1.478509908929798,False,False,0.030883261272390366,0.0,-0.030883261272390366,1.0,0.3333333333333333,0.06149194472039621,0.7923403991979522,0.36959442169907886,0.6304055783009211,-0.1851185875378902,2.007426775894778,0.26906934614562356,0.7309306538543765,0.2608457017403435,0.7391542982596565,0.3333333333333333,0.06149194472039621,0.7923403991979522,0.0,,,0.0,unverified,Insufficient Data,Insufficient Data,Insufficient Data,Insufficient Data,Insufficient Data,False,False,,,,,,lane,CE,SE,Northeast,Northeast,True,True
CE>BA,3,0.0,3,0.0,0,0.0,0,0.0,3,0,0,0,3,0,3,0,0,0,0.0,5.551115123125783e-17,0.5614970317550454,0.2059811863353383,-0.2059811863353383,-0.20598118633533813,1.478509908929798,False,False,0.09827315541601256,0.0,-0.09827315541601256,1.0,0.0,5.551115123125783e-17,0.5614970317550454,0.36959442169907886,-0.36959442169907886,-0.36959442169907863,1.3148966735660574,0.26906934614562356,-0.26906934614562356,0.2608457017403435,-0.2608457017403435,0.0,5.551115123125783e-17,0.5614970317550454,0.0,,0.0,,unverified,Insufficient Data,Insufficient Data,Insufficient Data,Insufficient Data,Insufficient Data,False,False,,,,,,lane,CE,BA,Northeast,Northeast,True,True
MG>AP,3,0.0,0,0.0,3,0.0,1,0.0,3,1,0,0,3,1,3,1,0,0,0.0,5.551115123125783e-17,0.5614970317550454,0.2059811863353383,-0.2059811863353383,-0.20598118633533813,1.478509908929798,False,False,0.1600897024569269,0.0,-0.1600897024569269,1.0,0.3333333333333333,0.06149194472039621,0.7923403991979522,0.36959442169907886,0.6304055783009211,-0.1851185875378902,2.007426775894778,0.26906934614562356,0.7309306538543765,0.2608457017403435,0.7391542982596565,0.3333333333333333,0.06149194472039621,0.7923403991979522,0.0,,,0.0,unverified,Insufficient Data,Insufficient Data,Insufficient Data,Insufficient Data,Insufficient Data,False,False,,,,,,lane,MG,AP,Southeast,North,False,False
MA>RN,3,0.0,0,0.0,3,0.0,2,0.0,3,0,0,0,3,0,3,0,0,0,0.0,5.551115123125783e-17,0.5614970317550454,0.2059811863353383,-0.2059811863353383,-0.20598118633533813,1.478509908929798,False,False,0.4517021339920869,0.0,-0.4517021339920869,1.0,0.0,5.551115123125783e-17,0.5614970317550454,0.36959442169907886,-0.36959442169907886,-0.36959442169907863,1.3148966735660574,0.26906934614562356,-0.26906934614562356,0.2608457017403435,-0.2608457017403435,0.0,5.551115123125783e-17,0.5614970317550454,0.0,,,0.0,unverified,Insufficient Data,Insufficient Data,Insufficient Data,Insufficient Data,Insufficient Data,False,False,,,,,,lane,MA,RN,Northeast,Northeast,True,True
ES>GO,3,0.0,1,0.0,2,0.0,0,0.0,3,0,0,0,3,0,3,0,0,0,0.0,5.551115123125783e-17,0.5614970317550454,0.2059811863353383,-0.2059811863353383,-0.20598118633533813,1.478509908929798,False,False,0.06967023612685845,0.0,-0.06967023612685845,1.0,0.0,5.551115123125783e-17,0.5614970317550454,0.36959442169907886,-0.36959442169907886,-0.36959442169907863,1.3148966735660574,0.26906934614562356,-0.26906934614562356,0.2608457017403435,-0.2608457017403435,0.0,5.551115123125783e-17,0.5614970317550454,0.0,,0.0,0.0,unverified,Insufficient Data,Insufficient Data,Insufficient Data,Insufficient Data,Insufficient Data,False,False,,,,,,lane,ES,GO,Southeast,Central-West,False,False
MA>MS,3,0.0,0,0.0,3,0.0,0,0.0,3,0,0,0,3,0,3,0,0,0,0.0,5.551115123125783e-17,0.5614970317550454,0.2059811863353383,-0.2059811863353383,-0.20598118633533813,1.478509908929798,False,False,0.10103490004822857,0.0,-0.10103490004822857,1.0,0.0,5.551115123125783e-17,0.5614970317550454,0.36959442169907886,-0.36959442169907886,-0.36959442169907863,1.3148966735660574,0.26906934614562356,-0.26906934614562356,0.2608457017403435,-0.2608457017403435,0.0,5.551115123125783e-17,0.5614970317550454,0.0,,,0.0,unverified,Insufficient Data,Insufficient Data,Insufficient Data,Insufficient Data,Insufficient Data,False,False,,,,,,lane,MA,MS,Northeast,Central-West,False,True
RS>AP,3,0.0,2,0.0,1,0.0,0,0.0,3,0,0,0,3,0,3,0,0,0,0.0,5.551115123125783e-17,0.5614970317550454,0.2059811863353383,-0.2059811863353383,-0.20598118633533813,1.478509908929798,False,False,0.11728216424611111,0.0,-0.11728216424611111,1.0,0.0,5.551115123125783e-17,0.5614970317550454,0.36959442169907886,-0.36959442169907886,-0.36959442169907863,1.3148966735660574,0.26906934614562356,-0.26906934614562356,0.2608457017403435,-0.2608457017403435,0.0,5.551115123125783e-17,0.5614970317550454,0.0,,0.0,0.0,unverified,Insufficient Data,Insufficient Data,Insufficient Data,Insufficient Data,Insufficient Data,False,False,,,,,,lane,RS,AP,South,North,False,False
ES>CE,3,0.0,2,0.0,1,0.0,0,0.0,3,1,0,0,3,1,3,1,0,0,0.0,5.551115123125783e-17,0.5614970317550454,0.2059811863353383,-0.2059811863353383,-0.20598118633533813,1.478509908929798,False,False,0.11611204122422553,0.0,-0.11611204122422553,1.0,0.3333333333333333,0.06149194472039621,0.7923403991979522,0.36959442169907886,0.6304055783009211,-0.1851185875378902,2.007426775894778,0.26906934614562356,0.7309306538543765,0.2608457017403435,0.7391542982596565,0.3333333333333333,0.06149194472039621,0.7923403991979522,0.0,,0.0,0.0,unverified,Insufficient Data,Insufficient Data,Insufficient Data,Insufficient Data,Insufficient Data,False,False,,,,,,lane,ES,CE,Southeast,Northeast,True,False
SC>AM,4,0.0,1,0.0,3,0.0,1,0.0,4,0,0,0,4,0,4,0,0,0,0.0,0.0,0.4898908364545973,0.27464158178045106,-0.27464158178045106,-0.27464158178045106,1.6849217640379381,False,False,0.07973583785256941,0.0,-0.07973583785256941,1.0,0.0,0.0,0.4898908364545973,0.49279256226543844,-0.49279256226543844,-0.49279256226543844,1.4667707835529509,0.3587591281941647,-0.3587591281941647,0.3477942689871247,-0.3477942689871247,0.0,0.0,0.4898908364545973,0.0,,0.0,0.0,unverified,Insufficient Data,Insufficient Data,Insufficient Data,Insufficient Data,Insufficient Data,False,False,,,,,,lane,SC,AM,South,North,False,False
CE>PR,4,0.0,2,0.0,2,0.0,0,0.0,4,0,1,0,3,0,4,0,0,0,0.0,0.0,0.4898908364545973,0.27464158178045106,-0.27464158178045106,-0.27464158178045106,1.6849217640379381,False,False,0.07466359819063534,0.0,-0.07466359819063534,1.0,0.0,0.0,0.4898908364545973,0.49279256226543844,-0.49279256226543844,-0.49279256226543844,1.4667707835529509,0.26906934614562356,-0.26906934614562356,0.3477942689871247,-0.3477942689871247,0.0,0.0,0.4898908364545973,0.25,,0.0,0.0,unverified,Insufficient Data,Insufficient Data,Insufficient Data,Insufficient Data,Insufficient Data,False,False,,,,,,lane,CE,PR,Northeast,South,False,True
SC>AC,4,0.0,0,0.0,4,0.0,0,0.0,4,0,0,0,4,0,4,0,0,0,0.0,0.0,0.4898908364545973,0.27464158178045106,-0.27464158178045106,-0.27464158178045106,1.6849217640379381,False,False,0.1221956079868699,0.0,-0.1221956079868699,1.0,0.0,0.0,0.4898908364545973,0.49279256226543844,-0.49279256226543844,-0.49279256226543844,1.4667707835529509,0.3587591281941647,-0.3587591281941647,0.3477942689871247,-0.3477942689871247,0.0,0.0,0.4898908364545973,0.0,,,0.0,unverified,Insufficient Data,Insufficient Data,Insufficient Data,Insufficient Data,Insufficient Data,False,False,,,,,,lane,SC,AC,South,North,False,False
RS>TO,4,0.0,1,0.0,3,0.0,1,0.0,4,0,0,0,4,0,4,0,0,0,0.0,0.0,0.4898908364545973,0.27464158178045106,-0.27464158178045106,-0.27464158178045106,1.6849217640379381,False,False,0.11472194738892688,0.0,-0.11472194738892688,1.0,0.0,0.0,0.4898908364545973,0.49279256226543844,-0.49279256226543844,-0.49279256226543844,1.4667707835529509,0.3587591281941647,-0.3587591281941647,0.3477942689871247,-0.3477942689871247,0.0,0.0,0.4898908364545973,0.0,,0.0,0.0,unverified,Insufficient Data,Insufficient Data,Insufficient Data,Insufficient Data,Insufficient Data,False,False,,,,,,lane,RS,TO,South,North,False,False
SC>AP,4,0.0,1,0.0,3,0.0,1,0.0,4,0,0,0,4,0,4,0,0,0,0.0,0.0,0.4898908364545973,0.27464158178045106,-0.27464158178045106,-0.27464158178045106,1.6849217640379381,False,False,0.22686264957453417,0.0,-0.22686264957453417,1.0,0.0,0.0,0.4898908364545973,0.49279256226543844,-0.49279256226543844,-0.49279256226543844,1.4667707835529509,0.3587591281941647,-0.3587591281941647,0.3477942689871247,-0.3477942689871247,0.0,0.0,0.4898908364545973,0.0,,0.0,0.0,unverified,Insufficient Data,Insufficient Data,Insufficient Data,Insufficient Data,Insufficient Data,False,False,,,,,,lane,SC,AP,South,North,False,False
PE>RN,4,0.0,0,0.0,4,0.0,0,0.0,4,1,0,0,4,1,4,1,0,0,0.0,0.0,0.4898908364545973,0.27464158178045106,-0.27464158178045106,-0.27464158178045106,1.6849217640379381,False,False,0.15005857276703694,0.0,-0.15005857276703694,1.0,0.25,0.04558726080970055,0.6993581574175981,0.49279256226543844,0.5072074377345616,-0.31044351902663625,2.304640067404954,0.3587591281941647,0.6412408718058353,0.3477942689871247,0.6522057310128753,0.25,0.04558726080970055,0.6993581574175981,0.0,,,0.0,unverified,Insufficient Data,Insufficient Data,Insufficient Data,Insufficient Data,Insufficient Data,False,False,,,,,,lane,PE,RN,Northeast,Northeast,True,True
MT>BA,4,0.0,3,0.0,1,0.0,1,0.0,4,0,0,0,4,0,4,0,0,0,0.0,0.0,0.4898908364545973,0.27464158178045106,-0.27464158178045106,-0.27464158178045106,1.6849217640379381,False,False,0.267092519096959,0.0,-0.267092519096959,1.0,0.0,0.0,0.4898908364545973,0.49279256226543844,-0.49279256226543844,-0.49279256226543844,1.4667707835529509,0.3587591281941647,-0.3587591281941647,0.3477942689871247,-0.3477942689871247,0.0,0.0,0.4898908364545973,0.0,,0.0,0.0,unverified,Insufficient Data,Insufficient Data,Insufficient Data,Insufficient Data,Insufficient Data,False,False,,,,,,lane,MT,BA,Central-West,Northeast,True,False
MS>DF,4,0.0,2,0.0,2,0.0,0,0.0,4,0,0,0,4,0,4,0,0,0,0.0,0.0,0.4898908364545973,0.27464158178045106,-0.27464158178045106,-0.27464158178045106,1.6849217640379381,False,False,0.1544860486031304,0.0,-0.1544860486031304,1.0,0.0,0.0,0.4898908364545973,0.49279256226543844,-0.49279256226543844,-0.49279256226543844,1.4667707835529509,0.3587591281941647,-0.3587591281941647,0.3477942689871247,-0.3477942689871247,0.0,0.0,0.4898908364545973,0.0,,0.0,0.0,unverified,Insufficient Data,Insufficient Data,Insufficient Data,Insufficient Data,Insufficient Data,False,False,,,,,,lane,MS,DF,Central-West,Central-West,False,False
DF>AL,4,0.0,2,0.0,2,0.0,0,0.0,4,0,0,0,4,0,4,0,0,0,0.0,0.0,0.4898908364545973,0.27464158178045106,-0.27464158178045106,-0.27464158178045106,1.6849217640379381,False,False,0.1433101975960801,0.0,-0.1433101975960801,1.0,0.0,0.0,0.4898908364545973,0.49279256226543844,-0.49279256226543844,-0.49279256226543844,1.4667707835529509,0.3587591281941647,-0.3587591281941647,0.3477942689871247,-0.3477942689871247,0.0,0.0,0.4898908364545973,0.0,,0.0,0.0,unverified,Insufficient Data,Insufficient Data,Insufficient Data,Insufficient Data,Insufficient Data,False,False,,,,,,lane,DF,AL,Central-West,Northeast,True,False
PE>MA,5,0.0,0,0.0,5,0.0,2,0.0,5,0,0,0,5,0,5,0,0,0,0.0,0.0,0.43448246478317476,0.3433019772255638,-0.3433019772255638,-0.3433019772255638,1.82911034669031,False,False,0.41118188393472005,0.0,-0.41118188393472005,1.0,0.0,0.0,0.43448246478317476,0.615990702831798,-0.615990702831798,-0.615990702831798,1.556421621084076,0.4484489102427059,-0.4484489102427059,0.43474283623390586,-0.43474283623390586,0.0,0.0,0.43448246478317476,0.0,,,0.0,unverified,Insufficient Data,Insufficient Data,Insufficient Data,Insufficient Data,Insufficient Data,False,False,,,,,,lane,PE,MA,Northeast,Northeast,True,True
MT>SC,5,0.0,0,0.0,5,0.0,0,0.0,5,0,0,0,5,0,5,0,0,0,0.0,0.0,0.43448246478317476,0.3433019772255638,-0.3433019772255638,-0.3433019772255638,1.82911034669031,False,False,0.3135228007830849,0.0,-0.3135228007830849,1.0,0.0,0.0,0.43448246478317476,0.615990702831798,-0.615990702831798,-0.615990702831798,1.556421621084076,0.4484489102427059,-0.4484489102427059,0.43474283623390586,-0.43474283623390586,0.0,0.0,0.43448246478317476,0.0,,,0.0,unverified,Insufficient Data,Insufficient Data,Insufficient Data,Insufficient Data,Insufficient Data,False,False,,,,,,lane,MT,SC,Central-West,South,False,False
BA>MT,5,0.0,3,0.0,2,0.0,0,0.0,5,1,0,0,5,1,5,1,0,0,0.0,0.0,0.43448246478317476,0.3433019772255638,-0.3433019772255638,-0.3433019772255638,1.82911034669031,False,False,0.1095396465699202,0.0,-0.1095396465699202,1.0,0.2,0.03622410863243014,0.6244653702374747,0.615990702831798,0.384009297168202,-0.43487015966964737,2.506336148355576,0.4484489102427059,0.5515510897572942,0.43474283623390586,0.5652571637660941,0.2,0.03622410863243014,0.6244653702374747,0.0,,0.0,0.0,unverified,Insufficient Data,Insufficient Data,Insufficient Data,Insufficient Data,Insufficient Data,False,False,,,,,,lane,BA,MT,Northeast,Central-West,False,True
MT>MS,5,0.0,0,0.0,5,0.0,3,0.0,5,0,0,0,5,0,5,0,0,0,0.0,0.0,0.43448246478317476,0.3433019772255638,-0.3433019772255638,-0.3433019772255638,1.82911034669031,False,False,0.7484088001802642,0.0,-0.7484088001802642,1.0,0.0,0.0,0.43448246478317476,0.615990702831798,-0.615990702831798,-0.615990702831798,1.556421621084076,0.4484489102427059,-0.4484489102427059,0.43474283623390586,-0.43474283623390586,0.0,0.0,0.43448246478317476,0.0,,,0.0,unverified,Insufficient Data,Insufficient Data,Insufficient Data,Insufficient Data,Insufficient Data,False,False,,,,,,lane,MT,MS,Central-West,Central-West,False,False
RN>SP,5,0.0,1,0.0,4,0.0,1,0.0,5,0,0,0,5,0,5,0,0,0,0.0,0.0,0.43448246478317476,0.3433019772255638,-0.3433019772255638,-0.3433019772255638,1.82911034669031,False,False,0.30980677714798055,0.0,-0.30980677714798055,1.0,0.0,0.0,0.43448246478317476,0.615990702831798,-0.615990702831798,-0.615990702831798,1.556421621084076,0.4484489102427059,-0.4484489102427059,0.43474283623390586,-0.43474283623390586,0.0,0.0,0.43448246478317476,0.0,,0.0,0.0,unverified,Insufficient Data,Insufficient Data,Insufficient Data,Insufficient Data,Insufficient Data,False,False,,,,,,lane,RN,SP,Northeast,Southeast,False,True
PE>PA,5,0.0,1,0.0,4,0.0,1,0.0,5,2,0,0,5,2,5,2,0,0,0.0,0.0,0.43448246478317476,0.3433019772255638,-0.3433019772255638,-0.3433019772255638,1.82911034669031,False,False,0.27564574136392755,0.0,-0.27564574136392755,1.0,0.4,0.11762077423264783,0.769275718723987,0.615990702831798,1.3840092971682019,-0.027886831668558903,3.2303878907881374,0.4484489102427059,1.5515510897572942,0.43474283623390586,1.5652571637660941,0.4,0.11762077423264783,0.769275718723987,0.0,,0.0,0.0,unverified,Insufficient Data,Insufficient Data,Insufficient Data,Insufficient Data,Insufficient Data,False,False,,,,,,lane,PE,PA,Northeast,North,False,True
RS>AM,5,0.0,4,0.0,1,0.0,0,0.0,5,0,0,0,5,0,5,0,0,0,0.0,0.0,0.43448246478317476,0.3433019772255638,-0.3433019772255638,-0.3433019772255638,1.82911034669031,False,False,0.18730078392742083,0.0,-0.18730078392742083,1.0,0.0,0.0,0.43448246478317476,0.615990702831798,-0.615990702831798,-0.615990702831798,1.556421621084076,0.4484489102427059,-0.4484489102427059,0.43474283623390586,-0.43474283623390586,0.0,0.0,0.43448246478317476,0.0,,0.0,0.0,unverified,Insufficient Data,Insufficient Data,Insufficient Data,Insufficient Data,Insufficient Data,False,False,,,,,,lane,RS,AM,South,North,False,False
GO>ES,5,0.0,3,0.0,2,0.0,1,0.0,5,0,0,0,5,0,5,0,0,0,0.0,0.0,0.43448246478317476,0.3433019772255638,-0.3433019772255638,-0.3433019772255638,1.82911034669031,False,False,0.31444027239299405,0.0,-0.31444027239299405,1.0,0.0,0.0,0.43448246478317476,0.615990702831798,-0.615990702831798,-0.615990702831798,1.556421621084076,0.4484489102427059,-0.4484489102427059,0.43474283623390586,-0.43474283623390586,0.0,0.0,0.43448246478317476,0.0,,0.0,0.0,unverified,Insufficient Data,Insufficient Data,Insufficient Data,Insufficient Data,Insufficient Data,False,False,,,,,,lane,GO,ES,Central-West,Southeast,False,False
GO>TO,5,0.0,0,0.0,5,0.0,3,0.0,5,0,0,0,5,0,5,0,0,0,0.0,0.0,0.43448246478317476,0.3433019772255638,-0.3433019772255638,-0.3433019772255638,1.82911034669031,False,False,0.6580860940455429,0.0,-0.6580860940455429,1.0,0.0,0.0,0.43448246478317476,0.615990702831798,-0.615990702831798,-0.615990702831798,1.556421621084076,0.4484489102427059,-0.4484489102427059,0.43474283623390586,-0.43474283623390586,0.0,0.0,0.43448246478317476,0.0,,,0.0,unverified,Insufficient Data,Insufficient Data,Insufficient Data,Insufficient Data,Insufficient Data,False,False,,,,,,lane,GO,TO,Central-West,North,False,False
PR>RR,5,0.0,0,0.0,5,0.0,1,0.0,5,0,0,0,5,0,5,0,0,0,0.0,0.0,0.43448246478317476,0.3433019772255638,-0.3433019772255638,-0.3433019772255638,1.82911034669031,False,False,0.1551145685224486,0.0,-0.1551145685224486,1.0,0.0,0.0,0.43448246478317476,0.615990702831798,-0.615990702831798,-0.615990702831798,1.556421621084076,0.4484489102427059,-0.4484489102427059,0.43474283623390586,-0.43474283623390586,0.0,0.0,0.43448246478317476,0.0,,,0.0,unverified,Insufficient Data,Insufficient Data,Insufficient Data,Insufficient Data,Insufficient Data,False,False,,,,,,lane,PR,RR,South,North,False,False
RS>PA,20,1.0,8,0.0,12,1.0,4,1.0,19,3,1,1,18,2,18,2,1,1,0.05,0.008881448800795402,0.23613119344674205,1.3732079089022553,-0.3732079089022553,-1.1955789328863473,3.3494159600325855,False,False,1.082873641371647,0.9234687795459927,-0.0828736413716471,0.95,0.15789473684210525,0.05520471638534141,0.37565475270329074,2.3407646707608327,0.6592353292391673,-1.2918750594393458,4.796675630601692,1.6144160768737412,0.3855839231262588,1.565074210442061,0.43492578955793904,0.1111111111111111,0.03101952264561239,0.32799765130178804,0.05263157894736842,1.0,0.0,0.08333333333333333,unverified,Insufficient Data,Insufficient Data,Insufficient Data,Insufficient Data,Insufficient Data,False,False,,,,,,lane,RS,PA,South,North,False,False
DF>BA,35,2.0,13,0.0,22,2.0,10,1.0,35,6,2,2,33,4,33,4,2,2,0.05714285714285714,0.015813161857108654,0.1860705742016492,2.4031138405789467,-0.4031138405789467,-1.849653175580144,4.109356256478776,False,False,2.8403757270587824,0.7041321966481547,-0.8403757270587824,1.0,0.17142857142857143,0.08102640053701589,0.3268228229904496,4.311934919822586,1.688065080177414,-1.4760109010270301,7.126863884843151,2.959762807601859,1.0402371923981408,2.8693027191437785,1.1306972808562215,0.12121212121212122,0.04816161309413558,0.2732550517107523,0.05714285714285714,0.5,0.0,0.09090909090909091,unverified,Insufficient Data,Insufficient Data,Insufficient Data,Insufficient Data,Insufficient Data,False,False,,,,,,lane,DF,BA,Central-West,Northeast,True,False
MT>MT,6,0.0,1,0.0,5,0.0,2,0.0,6,0,0,0,6,0,6,0,0,0,0.0,2.7755575615628914e-17,0.3903342879021653,0.4119623726706766,-0.4119623726706766,-0.4119623726706764,1.930043354742315,False,False,0.5686074419740517,0.0,-0.5686074419740517,1.0,0.0,2.7755575615628914e-17,0.3903342879021653,0.7391888433981577,-0.7391888433981577,-0.7391888433981575,1.6028168840148342,0.5381386922912471,-0.5381386922912471,0.521691403480687,-0.521691403480687,0.0,2.7755575615628914e-17,0.3903342879021653,0.0,,0.0,0.0,unverified,Insufficient Data,Insufficient Data,Insufficient Data,Insufficient Data,Insufficient Data,False,False,,,,,,lane,MT,MT,Central-West,Central-West,False,False
MT>RS,6,0.0,1,0.0,5,0.0,1,0.0,6,1,0,0,6,1,6,1,0,0,0.0,2.7755575615628914e-17,0.3903342879021653,0.4119623726706766,-0.4119623726706766,-0.4119623726706764,1.930043354742315,False,False,0.3467115761294889,0.0,-0.3467115761294889,1.0,0.16666666666666666,0.030053369748306635,0.5635028221864702,0.7391888433981577,0.2608111566018423,-0.5588686249083179,2.6418280897206636,0.5381386922912471,0.4618613077087529,0.521691403480687,0.478308596519313,0.16666666666666666,0.030053369748306635,0.5635028221864702,0.0,,0.0,0.0,unverified,Insufficient Data,Insufficient Data,Insufficient Data,Insufficient Data,Insufficient Data,False,False,,,,,,lane,MT,RS,Central-West,South,False,False
ES>PE,6,0.0,3,0.0,3,0.0,2,0.0,6,0,0,0,6,0,6,0,0,0,0.0,2.7755575615628914e-17,0.3903342879021653,0.4119623726706766,-0.4119623726706766,-0.4119623726706764,1.930043354742315,False,False,0.3059314514432078,0.0,-0.3059314514432078,1.0,0.0,2.7755575615628914e-17,0.3903342879021653,0.7391888433981577,-0.7391888433981577,-0.7391888433981575,1.6028168840148342,0.5381386922912471,-0.5381386922912471,0.521691403480687,-0.521691403480687,0.0,2.7755575615628914e-17,0.3903342879021653,0.0,,0.0,0.0,unverified,Insufficient Data,Insufficient Data,Insufficient Data,Insufficient Data,Insufficient Data,False,False,,,,,,lane,ES,PE,Southeast,Northeast,True,False
ES>MT,6,0.0,4,0.0,2,0.0,0,0.0,6,2,0,0,6,2,6,2,0,0,0.0,2.7755575615628914e-17,0.3903342879021653,0.4119623726706766,-0.4119623726706766,-0.4119623726706764,1.930043354742315,False,False,0.2773025797543846,0.0,-0.2773025797543846,1.0,0.3333333333333333,0.09677141110578041,0.700006684861608,0.7391888433981577,1.2608111566018423,-0.15856037676347517,3.4608512657714905,0.5381386922912471,1.461861307708753,0.521691403480687,1.478308596519313,0.3333333333333333,0.09677141110578041,0.700006684861608,0.0,,0.0,0.0,unverified,Insufficient Data,Insufficient Data,Insufficient Data,Insufficient Data,Insufficient Data,False,False,,,,,,lane,ES,MT,Southeast,Central-West,False,False
GO>AL,6,0.0,3,0.0,3,0.0,1,0.0,6,0,0,0,6,0,6,0,0,0,0.0,2.7755575615628914e-17,0.3903342879021653,0.4119623726706766,-0.4119623726706766,-0.4119623726706764,1.930043354742315,False,False,0.4405666130060959,0.0,-0.4405666130060959,1.0,0.0,2.7755575615628914e-17,0.3903342879021653,0.7391888433981577,-0.7391888433981577,-0.7391888433981575,1.6028168840148342,0.5381386922912471,-0.5381386922912471,0.521691403480687,-0.521691403480687,0.0,2.7755575615628914e-17,0.3903342879021653,0.0,,0.0,0.0,unverified,Insufficient Data,Insufficient Data,Insufficient Data,Insufficient Data,Insufficient Data,False,False,,,,,,lane,GO,AL,Central-West,Northeast,True,False
RO>SP,6,0.0,1,0.0,5,0.0,3,0.0,6,2,1,1,5,1,6,2,0,0,0.0,2.7755575615628914e-17,0.3903342879021653,0.4119623726706766,-0.4119623726706766,-0.4119623726706764,1.930043354742315,False,False,0.3180380482860278,0.0,-0.3180380482860278,1.0,0.3333333333333333,0.09677141110578041,0.700006684861608,0.7391888433981577,1.2608111566018423,-0.15856037676347517,3.4608512657714905,0.4484489102427059,0.5515510897572942,0.521691403480687,1.478308596519313,0.3333333333333333,0.09677141110578041,0.700006684861608,0.16666666666666666,,0.0,0.0,unverified,Insufficient Data,Insufficient Data,Insufficient Data,Insufficient Data,Insufficient Data,False,False,,,,,,lane,RO,SP,North,Southeast,False,False
PA>SP,6,0.0,1,0.0,5,0.0,3,0.0,6,0,0,0,6,0,6,0,0,0,0.0,2.7755575615628914e-17,0.3903342879021653,0.4119623726706766,-0.4119623726706766,-0.4119623726706764,1.930043354742315,False,False,0.6467590565685458,0.0,-0.6467590565685458,1.0,0.0,2.7755575615628914e-17,0.3903342879021653,0.7391888433981577,-0.7391888433981577,-0.7391888433981575,1.6028168840148342,0.5381386922912471,-0.5381386922912471,0.521691403480687,-0.521691403480687,0.0,2.7755575615628914e-17,0.3903342879021653,0.0,,0.0,0.0,unverified,Insufficient Data,Insufficient Data,Insufficient Data,Insufficient Data,Insufficient Data,False,False,,,,,,lane,PA,SP,North,Southeast,False,False
MT>DF,6,0.0,2,0.0,4,0.0,1,0.0,6,0,0,0,6,0,6,0,0,0,0.0,2.7755575615628914e-17,0.3903342879021653,0.4119623726706766,-0.4119623726706766,-0.4119623726706764,1.930043354742315,False,False,0.30883688344904914,0.0,-0.30883688344904914,1.0,0.0,2.7755575615628914e-17,0.3903342879021653,0.7391888433981577,-0.7391888433981577,-0.7391888433981575,1.6028168840148342,0.5381386922912471,-0.5381386922912471,0.521691403480687,-0.521691403480687,0.0,2.7755575615628914e-17,0.3903342879021653,0.0,,0.0,0.0,unverified,Insufficient Data,Insufficient Data,Insufficient Data,Insufficient Data,Insufficient Data,False,False,,,,,,lane,MT,DF,Central-West,Central-West,False,False
PB>SP,7,0.0,3,0.0,4,0.0,1,0.0,7,1,0,0,7,1,7,1,0,0,0.0,5.551115123125783e-17,0.35433043506668743,0.48062276811578936,-0.48062276811578936,-0.48062276811578897,1.9996902773510228,False,False,0.3921765579824512,0.0,-0.3921765579824512,1.0,0.14285714285714285,0.02567962434474355,0.5131278292743189,0.8623869839645173,0.1376130160354827,-0.6826296135513124,2.729507820955715,0.6278284743397883,0.3721715256602117,0.6086399707274682,0.3913600292725318,0.14285714285714285,0.02567962434474355,0.5131278292743189,0.0,,0.0,0.0,unverified,Insufficient Data,Insufficient Data,Insufficient Data,Insufficient Data,Insufficient Data,False,False,,,,,,lane,PB,SP,Northeast,Southeast,False,True
PE>SE,7,0.0,0,0.0,7,0.0,2,0.0,7,0,0,0,7,0,7,0,0,0,0.0,5.551115123125783e-17,0.35433043506668743,0.48062276811578936,-0.48062276811578936,-0.48062276811578897,1.9996902773510228,False,False,0.5187043796996338,0.0,-0.5187043796996338,1.0,0.0,5.551115123125783e-17,0.35433043506668743,0.8623869839645173,-0.8623869839645173,-0.8623869839645169,1.6179260615022948,0.6278284743397883,-0.6278284743397883,0.6086399707274682,-0.6086399707274682,0.0,5.551115123125783e-17,0.35433043506668743,0.0,,,0.0,unverified,Insufficient Data,Insufficient Data,Insufficient Data,Insufficient Data,Insufficient Data,False,False,,,,,,lane,PE,SE,Northeast,Northeast,True,True
DF>MS,7,0.0,3,0.0,4,0.0,0,0.0,7,0,0,0,7,0,7,0,0,0,0.0,5.551115123125783e-17,0.35433043506668743,0.48062276811578936,-0.48062276811578936,-0.48062276811578897,1.9996902773510228,False,False,0.22339755567820505,0.0,-0.22339755567820505,1.0,0.0,5.551115123125783e-17,0.35433043506668743,0.8623869839645173,-0.8623869839645173,-0.8623869839645169,1.6179260615022948,0.6278284743397883,-0.6278284743397883,0.6086399707274682,-0.6086399707274682,0.0,5.551115123125783e-17,0.35433043506668743,0.0,,0.0,0.0,unverified,Insufficient Data,Insufficient Data,Insufficient Data,Insufficient Data,Insufficient Data,False,False,,,,,,lane,DF,MS,Central-West,Central-West,False,False
CE>SP,22,1.0,10,0.0,12,1.0,3,0.0,22,2,1,1,21,1,21,1,1,1,0.045454545454545456,0.00806942762126385,0.21798045838657332,1.5105286997924807,-0.5105286997924807,-1.333001292124676,3.285041384712132,False,False,1.5216626955637755,0.6571758661859686,-0.5216626955637755,1.0,0.09090909090909091,0.025295428990995267,0.27814946841605814,2.7103590924599112,-0.7103590924599112,-2.1538596546580155,3.408929212693368,1.8834854230193647,-0.8834854230193647,1.8259199121824046,-0.8259199121824046,0.047619047619047616,0.008455987809826399,0.22669360074122563,0.045454545454545456,0.0,0.0,0.08333333333333333,unverified,Insufficient Data,Insufficient Data,Insufficient Data,Insufficient Data,Insufficient Data,False,False,,,,,,lane,CE,SP,Northeast,Southeast,False,True
BA>RS,22,1.0,7,0.0,15,1.0,1,0.0,21,0,0,0,21,0,21,0,0,0,0.045454545454545456,0.00806942762126385,0.21798045838657332,1.5105286997924807,-0.5105286997924807,-1.333001292124676,3.285041384712132,False,False,1.1422588263190838,0.8754583260454977,-0.14225882631908382,0.9545454545454546,0.0,0.0,0.154639018924847,2.587160951893552,-2.587160951893552,-2.587160951893552,0.6602584455282351,1.8834854230193647,-1.8834854230193647,1.8259199121824046,-1.8259199121824046,0.0,0.0,0.154639018924847,0.0,0.0,0.0,0.06666666666666667,unverified,Insufficient Data,Insufficient Data,Insufficient Data,Insufficient Data,Insufficient Data,False,False,,,,,,lane,BA,RS,Northeast,South,False,True
RS>MT,22,1.0,8,0.0,14,1.0,3,1.0,21,2,1,1,20,1,20,1,1,1,0.045454545454545456,0.00806942762126385,0.21798045838657332,1.5105286997924807,-0.5105286997924807,-1.333001292124676,3.285041384712132,False,False,1.3222240727366177,0.7563014625276728,-0.3222240727366177,0.9545454545454546,0.09523809523809523,0.02651876743807452,0.2891413907391826,2.587160951893552,-0.5871609518935519,-2.030266835693987,3.484808253629283,1.7937956409708236,-0.7937956409708236,1.7389713449356234,-0.7389713449356234,0.05,0.008881448800795402,0.23613119344674205,0.047619047619047616,1.0,0.0,0.07142857142857142,unverified,Insufficient Data,Insufficient Data,Insufficient Data,Insufficient Data,Insufficient Data,False,False,,,,,,lane,RS,MT,South,Central-West,False,False
RJ>PA,37,2.0,11,0.0,26,2.0,7,1.0,37,3,2,2,35,1,35,1,2,2,0.05405405405405406,0.014950976833157673,0.17704654350813104,2.5404346314691724,-0.5404346314691724,-1.9872484886423385,4.010287478331676,False,False,1.7400131610408158,1.1494165933800575,0.2599868389591842,1.0,0.08108108108108109,0.02796057410044797,0.2130067934928839,4.558331200955306,-1.5583312009553056,-3.5237899592387305,3.3229201582813985,3.1391423716989415,-2.1391423716989415,3.043199853637341,-2.043199853637341,0.02857142857142857,0.005061491855444203,0.14533087233613673,0.05405405405405406,0.5,0.0,0.07692307692307693,unverified,Insufficient Data,Insufficient Data,Insufficient Data,Insufficient Data,Insufficient Data,False,False,,,,,,lane,RJ,PA,Southeast,North,False,False
BA>GO,8,0.0,5,0.0,3,0.0,0,0.0,8,1,0,0,8,1,8,1,0,0,0.0,0.0,0.32440756488388023,0.5492831635609021,-0.5492831635609021,-0.5492831635609021,2.0459773555101397,False,False,0.24136939766712043,0.0,-0.24136939766712043,1.0,0.125,0.02241749145005667,0.4708881822128535,0.9855851245308769,0.014414875469123123,-0.8062451929304235,2.781520333171951,0.7175182563883294,0.28248174361167055,0.6955885379742494,0.30441146202575065,0.125,0.02241749145005667,0.4708881822128535,0.0,,0.0,0.0,unverified,Insufficient Data,Insufficient Data,Insufficient Data,Insufficient Data,Insufficient Data,False,False,,,,,,lane,BA,GO,Northeast,Central-West,False,True
PE>PB,8,0.0,0,0.0,8,0.0,2,0.0,8,0,0,0,8,0,8,0,0,0,0.0,0.0,0.32440756488388023,0.5492831635609021,-0.5492831635609021,-0.5492831635609021,2.0459773555101397,False,False,0.43193686810140247,0.0,-0.43193686810140247,1.0,0.0,0.0,0.32440756488388023,0.9855851245308769,-0.9855851245308769,-0.9855851245308769,1.609675394540165,0.7175182563883294,-0.7175182563883294,0.6955885379742494,-0.6955885379742494,0.0,0.0,0.32440756488388023,0.0,,,0.0,unverified,Insufficient Data,Insufficient Data,Insufficient Data,Insufficient Data,Insufficient Data,False,False,,,,,,lane,PE,PB,Northeast,Northeast,True,True
MT>PR,8,0.0,3,0.0,5,0.0,3,0.0,8,0,0,0,8,0,8,0,0,0,0.0,0.0,0.32440756488388023,0.5492831635609021,-0.5492831635609021,-0.5492831635609021,2.0459773555101397,False,False,0.6273916905807075,0.0,-0.6273916905807075,1.0,0.0,0.0,0.32440756488388023,0.9855851245308769,-0.9855851245308769,-0.9855851245308769,1.609675394540165,0.7175182563883294,-0.7175182563883294,0.6955885379742494,-0.6955885379742494,0.0,0.0,0.32440756488388023,0.0,,0.0,0.0,unverified,Insufficient Data,Insufficient Data,Insufficient Data,Insufficient Data,Insufficient Data,False,False,,,,,,lane,MT,PR,Central-West,South,False,False
GO>BA,8,0.0,5,0.0,3,0.0,2,0.0,8,1,0,0,8,1,8,1,0,0,0.0,0.0,0.32440756488388023,0.5492831635609021,-0.5492831635609021,-0.5492831635609021,2.0459773555101397,False,False,0.6588190687920064,0.0,-0.6588190687920064,1.0,0.125,0.02241749145005667,0.4708881822128535,0.9855851245308769,0.014414875469123123,-0.8062451929304235,2.781520333171951,0.7175182563883294,0.28248174361167055,0.6955885379742494,0.30441146202575065,0.125,0.02241749145005667,0.4708881822128535,0.0,,0.0,0.0,unverified,Insufficient Data,Insufficient Data,Insufficient Data,Insufficient Data,Insufficient Data,False,False,,,,,,lane,GO,BA,Central-West,Northeast,True,False
BA>SE,8,0.0,2,0.0,6,0.0,2,0.0,8,1,0,0,8,1,8,1,0,0,0.0,0.0,0.32440756488388023,0.5492831635609021,-0.5492831635609021,-0.5492831635609021,2.0459773555101397,False,False,0.4354112322829794,0.0,-0.4354112322829794,1.0,0.125,0.02241749145005667,0.4708881822128535,0.9855851245308769,0.014414875469123123,-0.8062451929304235,2.781520333171951,0.7175182563883294,0.28248174361167055,0.6955885379742494,0.30441146202575065,0.125,0.02241749145005667,0.4708881822128535,0.0,,0.0,0.0,unverified,Insufficient Data,Insufficient Data,Insufficient Data,Insufficient Data,Insufficient Data,False,False,,,,,,lane,BA,SE,Northeast,Northeast,True,True
GO>MS,8,0.0,2,0.0,6,0.0,3,0.0,8,0,0,0,8,0,8,0,0,0,0.0,0.0,0.32440756488388023,0.5492831635609021,-0.5492831635609021,-0.5492831635609021,2.0459773555101397,False,False,0.5571476419789285,0.0,-0.5571476419789285,1.0,0.0,0.0,0.32440756488388023,0.9855851245308769,-0.9855851245308769,-0.9855851245308769,1.609675394540165,0.7175182563883294,-0.7175182563883294,0.6955885379742494,-0.6955885379742494,0.0,0.0,0.32440756488388023,0.0,,0.0,0.0,unverified,Insufficient Data,Insufficient Data,Insufficient Data,Insufficient Data,Insufficient Data,False,False,,,,,,lane,GO,MS,Central-West,Central-West,False,False
RJ>AM,8,0.0,2,0.0,6,0.0,0,0.0,7,1,0,0,7,1,7,1,0,0,0.0,0.0,0.32440756488388023,0.5492831635609021,-0.5492831635609021,-0.5492831635609021,2.0459773555101397,False,False,0.19468958088291535,0.0,-0.19468958088291535,0.875,0.14285714285714285,0.02567962434474355,0.5131278292743189,0.8623869839645173,0.1376130160354827,-0.6826296135513124,2.729507820955715,0.6278284743397883,0.3721715256602117,0.6086399707274682,0.3913600292725318,0.14285714285714285,0.02567962434474355,0.5131278292743189,0.0,,0.0,0.0,unverified,Insufficient Data,Insufficient Data,Insufficient Data,Insufficient Data,Insufficient Data,False,False,,,,,,lane,RJ,AM,Southeast,North,False,False
RS>RN,8,0.0,4,0.0,4,0.0,2,0.0,7,0,0,0,7,0,7,0,0,0,0.0,0.0,0.32440756488388023,0.5492831635609021,-0.5492831635609021,-0.5492831635609021,2.0459773555101397,False,False,0.5729443568679404,0.0,-0.5729443568679404,0.875,0.0,5.551115123125783e-17,0.35433043506668743,0.8623869839645173,-0.8623869839645173,-0.8623869839645169,1.6179260615022948,0.6278284743397883,-0.6278284743397883,0.6086399707274682,-0.6086399707274682,0.0,5.551115123125783e-17,0.35433043506668743,0.0,,0.0,0.0,unverified,Insufficient Data,Insufficient Data,Insufficient Data,Insufficient Data,Insufficient Data,False,False,,,,,,lane,RS,RN,South,Northeast,True,False
RS>PB,8,0.0,4,0.0,4,0.0,0,0.0,8,0,0,0,8,0,8,0,0,0,0.0,0.0,0.32440756488388023,0.5492831635609021,-0.5492831635609021,-0.5492831635609021,2.0459773555101397,False,False,0.21321850029667833,0.0,-0.21321850029667833,1.0,0.0,0.0,0.32440756488388023,0.9855851245308769,-0.9855851245308769,-0.9855851245308769,1.609675394540165,0.7175182563883294,-0.7175182563883294,0.6955885379742494,-0.6955885379742494,0.0,0.0,0.32440756488388023,0.0,,0.0,0.0,unverified,Insufficient Data,Insufficient Data,Insufficient Data,Insufficient Data,Insufficient Data,False,False,,,,,,lane,RS,PB,South,Northeast,True,False
DF>MA,8,0.0,2,0.0,6,0.0,4,0.0,8,3,0,0,8,3,8,3,0,0,0.0,0.0,0.32440756488388023,0.5492831635609021,-0.5492831635609021,-0.5492831635609021,2.0459773555101397,False,False,0.8489554444180425,0.0,-0.8489554444180425,1.0,0.375,0.13684428582359742,0.6942576053973727,0.9855851245308769,2.0144148754691233,0.1091691620579025,4.568475718648105,0.7175182563883294,2.2824817436116707,0.6955885379742494,2.3044114620257505,0.375,0.13684428582359742,0.6942576053973727,0.0,,0.0,0.0,unverified,Insufficient Data,Insufficient Data,Insufficient Data,Insufficient Data,Insufficient Data,False,False,,,,,,lane,DF,MA,Central-West,Northeast,True,False
PE>PE,23,1.0,2,0.0,21,1.0,3,0.0,23,2,0,0,23,2,22,2,1,0,0.043478260869565216,0.007716666143453149,0.20991155070258877,1.5791890952375935,-0.5791890952375935,-1.401705773938171,3.2487765709219483,False,False,1.310958785523261,0.7628004869740098,-0.31095878552326095,1.0,0.08695652173913043,0.024180004484220363,0.26795981075743663,2.833557233026271,-0.833557233026271,-2.2774171298892028,3.3295184143947716,2.062864987116447,-0.06286498711644706,1.9128684794291857,0.0871315205708143,0.09090909090909091,0.025295428990995267,0.27814946841605814,0.0,0.0,0.0,0.047619047619047616,unverified,Insufficient Data,Insufficient Data,Insufficient Data,Insufficient Data,Insufficient Data,False,False,,,,,,lane,PE,PE,Northeast,Northeast,True,True
RS>ES,23,1.0,7,0.0,16,1.0,6,0.0,22,2,1,1,21,1,21,1,1,1,0.043478260869565216,0.007716666143453149,0.20991155070258877,1.5791890952375935,-0.5791890952375935,-1.401705773938171,3.2487765709219483,False,False,1.660472408404363,0.6022382515593582,-0.6604724084043629,0.9565217391304348,0.09090909090909091,0.025295428990995267,0.27814946841605814,2.7103590924599112,-0.7103590924599112,-2.1538596546580155,3.408929212693368,1.8834854230193647,-0.8834854230193647,1.8259199121824046,-0.8259199121824046,0.047619047619047616,0.008455987809826399,0.22669360074122563,0.045454545454545456,0.0,0.0,0.0625,unverified,Insufficient Data,Insufficient Data,Insufficient Data,Insufficient Data,Insufficient Data,False,False,,,,,,lane,RS,ES,South,Southeast,False,False
SC>PE,38,2.0,18,2.0,20,0.0,6,0.0,38,6,1,1,37,5,36,5,2,1,0.05263157894736842,0.014554208147292413,0.17285462131770377,2.609095026914285,-0.609095026914285,-2.0560351173171734,3.959380583158458,False,False,2.32377861869858,0.8606671840022737,-0.3237786186985798,1.0,0.15789473684210525,0.07443863415158927,0.3041681177922313,4.681529341521665,1.3184706584783346,-1.8528612437612728,6.876859134583124,3.318521935796024,1.6814780642039762,3.130148420884122,1.869851579115878,0.1388888888888889,0.06081815009132838,0.286595303893562,0.02631578947368421,0.0,0.1111111111111111,0.0,unverified,Insufficient Data,Insufficient Data,Insufficient Data,Insufficient Data,Insufficient Data,False,False,,,,,,lane,SC,PE,South,Northeast,True,False
SC>RO,9,0.0,4,0.0,5,0.0,4,0.0,9,2,0,0,9,2,9,2,0,0,0.0,0.0,0.2991450484195441,0.6179435590060149,-0.6179435590060149,-0.6179435590060149,2.074361876769882,False,False,0.4506583173530235,0.0,-0.4506583173530235,1.0,0.2222222222222222,0.06322510711784671,0.5474110308930111,1.1087832650972365,0.8912167349027635,-0.5397573010366161,3.8179160129398637,0.8072080384368706,1.1927919615631293,0.7825371052210305,1.2174628947789694,0.2222222222222222,0.06322510711784671,0.5474110308930111,0.0,,0.0,0.0,unverified,Insufficient Data,Insufficient Data,Insufficient Data,Insufficient Data,Insufficient Data,False,False,,,,,,lane,SC,RO,South,North,False,False
CE>CE,9,0.0,3,0.0,6,0.0,0,0.0,9,0,0,0,9,0,9,0,0,0,0.0,0.0,0.2991450484195441,0.6179435590060149,-0.6179435590060149,-0.6179435590060149,2.074361876769882,False,False,0.34388613609399654,0.0,-0.34388613609399654,1.0,0.0,0.0,0.2991450484195441,1.1087832650972365,-1.1087832650972365,-1.1087832650972365,1.5835221706786604,0.8072080384368706,-0.8072080384368706,0.7825371052210305,-0.7825371052210305,0.0,0.0,0.2991450484195441,0.0,,0.0,0.0,unverified,Insufficient Data,Insufficient Data,Insufficient Data,Insufficient Data,Insufficient Data,False,False,,,,,,lane,CE,CE,Northeast,Northeast,True,True
GO>PA,9,0.0,4,0.0,5,0.0,1,0.0,9,1,0,0,9,1,9,1,0,0,0.0,0.0,0.2991450484195441,0.6179435590060149,-0.6179435590060149,-0.6179435590060149,2.074361876769882,False,False,0.48834439183481737,0.0,-0.48834439183481737,1.0,0.1111111111111111,0.019890887638544907,0.434999705576656,1.1087832650972365,-0.10878326509723646,-0.9297652763503323,2.806214085092668,0.8072080384368706,0.1927919615631294,0.7825371052210305,0.21746289477896952,0.1111111111111111,0.019890887638544907,0.434999705576656,0.0,,0.0,0.0,unverified,Insufficient Data,Insufficient Data,Insufficient Data,Insufficient Data,Insufficient Data,False,False,,,,,,lane,GO,PA,Central-West,North,False,False
BA>AL,9,0.0,3,0.0,6,0.0,1,0.0,9,0,0,0,9,0,9,0,0,0,0.0,0.0,0.2991450484195441,0.6179435590060149,-0.6179435590060149,-0.6179435590060149,2.074361876769882,False,False,0.3446053248595676,0.0,-0.3446053248595676,1.0,0.0,0.0,0.2991450484195441,1.1087832650972365,-1.1087832650972365,-1.1087832650972365,1.5835221706786604,0.8072080384368706,-0.8072080384368706,0.7825371052210305,-0.7825371052210305,0.0,0.0,0.2991450484195441,0.0,,0.0,0.0,unverified,Insufficient Data,Insufficient Data,Insufficient Data,Insufficient Data,Insufficient Data,False,False,,,,,,lane,BA,AL,Northeast,Northeast,True,True
MS>RJ,9,0.0,7,0.0,2,0.0,1,0.0,9,0,0,0,9,0,9,0,0,0,0.0,0.0,0.2991450484195441,0.6179435590060149,-0.6179435590060149,-0.6179435590060149,2.074361876769882,False,False,0.4438217868932276,0.0,-0.4438217868932276,1.0,0.0,0.0,0.2991450484195441,1.1087832650972365,-1.1087832650972365,-1.1087832650972365,1.5835221706786604,0.8072080384368706,-0.8072080384368706,0.7825371052210305,-0.7825371052210305,0.0,0.0,0.2991450484195441,0.0,,0.0,0.0,unverified,Insufficient Data,Insufficient Data,Insufficient Data,Insufficient Data,Insufficient Data,False,False,,,,,,lane,MS,RJ,Central-West,Southeast,False,False
BA>PI,9,0.0,5,0.0,4,0.0,0,0.0,9,1,0,0,9,1,9,1,0,0,0.0,0.0,0.2991450484195441,0.6179435590060149,-0.6179435590060149,-0.6179435590060149,2.074361876769882,False,False,0.3425377206761215,0.0,-0.3425377206761215,1.0,0.1111111111111111,0.019890887638544907,0.434999705576656,1.1087832650972365,-0.10878326509723646,-0.9297652763503323,2.806214085092668,0.8072080384368706,0.1927919615631294,0.7825371052210305,0.21746289477896952,0.1111111111111111,0.019890887638544907,0.434999705576656,0.0,,0.0,0.0,unverified,Insufficient Data,Insufficient Data,Insufficient Data,Insufficient Data,Insufficient Data,False,False,,,,,,lane,BA,PI,Northeast,Northeast,True,True
GO>MT,9,0.0,3,0.0,6,0.0,1,0.0,9,1,0,0,9,1,9,1,0,0,0.0,0.0,0.2991450484195441,0.6179435590060149,-0.6179435590060149,-0.6179435590060149,2.074361876769882,False,False,0.5159124258714984,0.0,-0.5159124258714984,1.0,0.1111111111111111,0.019890887638544907,0.434999705576656,1.1087832650972365,-0.10878326509723646,-0.9297652763503323,2.806214085092668,0.8072080384368706,0.1927919615631294,0.7825371052210305,0.21746289477896952,0.1111111111111111,0.019890887638544907,0.434999705576656,0.0,,0.0,0.0,unverified,Insufficient Data,Insufficient Data,Insufficient Data,Insufficient Data,Insufficient Data,False,False,,,,,,lane,GO,MT,Central-West,Central-West,False,False
GO>MA,9,0.0,5,0.0,4,0.0,1,0.0,9,1,0,0,9,1,9,1,0,0,0.0,0.0,0.2991450484195441,0.6179435590060149,-0.6179435590060149,-0.6179435590060149,2.074361876769882,False,False,0.5187226844154449,0.0,-0.5187226844154449,1.0,0.1111111111111111,0.019890887638544907,0.434999705576656,1.1087832650972365,-0.10878326509723646,-0.9297652763503323,2.806214085092668,0.8072080384368706,0.1927919615631294,0.7825371052210305,0.21746289477896952,0.1111111111111111,0.019890887638544907,0.434999705576656,0.0,,0.0,0.0,unverified,Insufficient Data,Insufficient Data,Insufficient Data,Insufficient Data,Insufficient Data,False,False,,,,,,lane,GO,MA,Central-West,Northeast,True,False
DF>MT,10,0.0,6,0.0,4,0.0,2,0.0,10,0,0,0,10,0,10,0,0,0,0.0,0.0,0.2775327998628892,0.6866039544511277,-0.6866039544511277,-0.6866039544511277,2.0887240441777646,False,False,0.5743649261245676,0.0,-0.5743649261245676,1.0,0.0,0.0,0.2775327998628892,1.231981405663596,-1.231981405663596,-1.231981405663596,1.5433465929652959,0.8968978204854118,-0.8968978204854118,0.8694856724678117,-0.8694856724678117,0.0,0.0,0.2775327998628892,0.0,,0.0,0.0,unverified,Insufficient Data,Insufficient Data,Insufficient Data,Insufficient Data,Insufficient Data,False,False,,,,,,lane,DF,MT,Central-West,Central-West,False,False
DF>PE,10,0.0,2,0.0,8,0.0,1,0.0,10,1,0,0,10,1,10,1,0,0,0.0,0.0,0.2775327998628892,0.6866039544511277,-0.6866039544511277,-0.6866039544511277,2.0887240441777646,False,False,0.5719604683287044,0.0,-0.5719604683287044,1.0,0.1,0.017876213095072896,0.4041500267952385,1.231981405663596,-0.23198140566359604,-1.053219274712867,2.809518862288789,0.8968978204854118,0.10310217951458822,0.8694856724678117,0.13051432753218828,0.1,0.017876213095072896,0.4041500267952385,0.0,,0.0,0.0,unverified,Insufficient Data,Insufficient Data,Insufficient Data,Insufficient Data,Insufficient Data,False,False,,,,,,lane,DF,PE,Central-West,Northeast,True,False
MG>AC,10,0.0,5,0.0,5,0.0,1,0.0,10,1,0,0,10,1,10,1,0,0,0.0,0.0,0.2775327998628892,0.6866039544511277,-0.6866039544511277,-0.6866039544511277,2.0887240441777646,False,False,0.5024159449373646,0.0,-0.5024159449373646,1.0,0.1,0.017876213095072896,0.4041500267952385,1.231981405663596,-0.23198140566359604,-1.053219274712867,2.809518862288789,0.8968978204854118,0.10310217951458822,0.8694856724678117,0.13051432753218828,0.1,0.017876213095072896,0.4041500267952385,0.0,,0.0,0.0,unverified,Insufficient Data,Insufficient Data,Insufficient Data,Insufficient Data,Insufficient Data,False,False,,,,,,lane,MG,AC,Southeast,North,False,False
MT>GO,10,0.0,2,0.0,8,0.0,2,0.0,10,1,0,0,10,1,10,1,0,0,0.0,0.0,0.2775327998628892,0.6866039544511277,-0.6866039544511277,-0.6866039544511277,2.0887240441777646,False,False,0.8622726797422724,0.0,-0.8622726797422724,1.0,0.1,0.017876213095072896,0.4041500267952385,1.231981405663596,-0.23198140566359604,-1.053219274712867,2.809518862288789,0.8968978204854118,0.10310217951458822,0.8694856724678117,0.13051432753218828,0.1,0.017876213095072896,0.4041500267952385,0.0,,0.0,0.0,unverified,Insufficient Data,Insufficient Data,Insufficient Data,Insufficient Data,Insufficient Data,False,False,,,,,,lane,MT,GO,Central-West,Central-West,False,False
RS>AL,10,0.0,4,0.0,6,0.0,1,0.0,10,0,0,0,10,0,10,0,0,0,0.0,0.0,0.2775327998628892,0.6866039544511277,-0.6866039544511277,-0.6866039544511277,2.0887240441777646,False,False,0.582133607293616,0.0,-0.582133607293616,1.0,0.0,0.0,0.2775327998628892,1.231981405663596,-1.231981405663596,-1.231981405663596,1.5433465929652959,0.8968978204854118,-0.8968978204854118,0.8694856724678117,-0.8694856724678117,0.0,0.0,0.2775327998628892,0.0,,0.0,0.0,unverified,Insufficient Data,Insufficient Data,Insufficient Data,Insufficient Data,Insufficient Data,False,False,,,,,,lane,RS,AL,South,Northeast,True,False
RS>RO,10,0.0,4,0.0,6,0.0,1,0.0,10,2,0,0,10,2,10,2,0,0,0.0,0.0,0.2775327998628892,0.6866039544511277,-0.6866039544511277,-0.6866039544511277,2.0887240441777646,False,False,0.40513705209862944,0.0,-0.40513705209862944,1.0,0.2,0.05668215145437519,0.5098375284633583,1.231981405663596,0.768018594336404,-0.6651598911198442,3.866393878969987,0.8968978204854118,1.1031021795145883,0.8694856724678117,1.1305143275321883,0.2,0.05668215145437519,0.5098375284633583,0.0,,0.0,0.0,unverified,Insufficient Data,Insufficient Data,Insufficient Data,Insufficient Data,Insufficient Data,False,False,,,,,,lane,RS,RO,South,North,False,False
SC>GO,54,3.0,24,1.0,30,2.0,7,1.0,53,4,2,2,51,2,50,2,3,2,0.05555555555555555,0.0190732684546909,0.15107214318166143,3.707661354036089,-0.7076613540360892,-2.6777048574827806,4.4502343777736275,False,False,2.729209370559147,1.099219441484394,0.2707906294408531,0.9814814814814815,0.07547169811320754,0.0297395550869467,0.17858477483653223,6.529501450017059,-2.529501450017059,-4.953305030408885,2.935491616319149,4.5741788844756,-2.5741788844756,4.347428362339058,-2.347428362339058,0.04,0.011038884327619805,0.1346009068750702,0.03773584905660377,0.3333333333333333,0.041666666666666664,0.06666666666666667,unverified,Insufficient Data,Insufficient Data,Insufficient Data,Insufficient Data,Insufficient Data,False,False,,,,,,lane,SC,GO,South,Central-West,False,False
RS>PI,11,0.0,4,0.0,7,0.0,1,0.0,10,1,0,0,10,1,10,1,0,0,0.0,0.0,0.2588329669680317,0.7552643498962404,-0.7552643498962404,-0.7552643498962404,2.0918982867521083,False,False,0.6365738584830916,0.0,-0.6365738584830916,0.9090909090909091,0.1,0.017876213095072896,0.4041500267952385,1.231981405663596,-0.23198140566359604,-1.053219274712867,2.809518862288789,0.8968978204854118,0.10310217951458822,0.8694856724678117,0.13051432753218828,0.1,0.017876213095072896,0.4041500267952385,0.0,,0.0,0.0,unverified,Insufficient Data,Insufficient Data,Insufficient Data,Insufficient Data,Insufficient Data,False,False,,,,,,lane,RS,PI,South,Northeast,True,False
SC>AL,11,0.0,8,0.0,3,0.0,1,0.0,11,1,0,0,11,1,11,1,0,0,0.0,0.0,0.2588329669680317,0.7552643498962404,-0.7552643498962404,-0.7552643498962404,2.0918982867521083,False,False,0.4775463574441676,0.0,-0.4775463574441676,1.0,0.09090909090909091,0.016232172885884855,0.37735843645159567,1.3551795462299556,-0.3551795462299556,-1.1766256444852223,2.7957632547375963,0.986587602533953,0.013412397466047055,0.9564342397145928,0.04356576028540715,0.09090909090909091,0.016232172885884855,0.37735843645159567,0.0,,0.0,0.0,unverified,Insufficient Data,Insufficient Data,Insufficient Data,Insufficient Data,Insufficient Data,False,False,,,,,,lane,SC,AL,South,Northeast,True,False
PR>AM,11,0.0,5,0.0,6,0.0,2,0.0,10,1,0,0,10,1,10,1,0,0,0.0,0.0,0.2588329669680317,0.7552643498962404,-0.7552643498962404,-0.7552643498962404,2.0918982867521083,False,False,0.5255461918432287,0.0,-0.5255461918432287,0.9090909090909091,0.1,0.017876213095072896,0.4041500267952385,1.231981405663596,-0.23198140566359604,-1.053219274712867,2.809518862288789,0.8968978204854118,0.10310217951458822,0.8694856724678117,0.13051432753218828,0.1,0.017876213095072896,0.4041500267952385,0.0,,0.0,0.0,unverified,Insufficient Data,Insufficient Data,Insufficient Data,Insufficient Data,Insufficient Data,False,False,,,,,,lane,PR,AM,South,North,False,False
BA>ES,11,0.0,3,0.0,8,0.0,2,0.0,11,1,0,0,11,1,11,1,0,0,0.0,0.0,0.2588329669680317,0.7552643498962404,-0.7552643498962404,-0.7552643498962404,2.0918982867521083,False,False,0.7367876227553165,0.0,-0.7367876227553165,1.0,0.09090909090909091,0.016232172885884855,0.37735843645159567,1.3551795462299556,-0.3551795462299556,-1.1766256444852223,2.7957632547375963,0.986587602533953,0.013412397466047055,0.9564342397145928,0.04356576028540715,0.09090909090909091,0.016232172885884855,0.37735843645159567,0.0,,0.0,0.0,unverified,Insufficient Data,Insufficient Data,Insufficient Data,Insufficient Data,Insufficient Data,False,False,,,,,,lane,BA,ES,Northeast,Southeast,False,True
DF>PA,11,0.0,4,0.0,7,0.0,1,0.0,11,2,0,0,11,2,11,2,0,0,0.0,0.0,0.2588329669680317,0.7552643498962404,-0.7552643498962404,-0.7552643498962404,2.0918982867521083,False,False,0.6035778822541629,0.0,-0.6035778822541629,1.0,0.18181818181818182,0.05136768974608513,0.4769805619608442,1.3551795462299556,0.6448204537700444,-0.7901349590230192,3.8916066353393304,0.986587602533953,1.013412397466047,0.9564342397145928,1.0435657602854072,0.18181818181818182,0.05136768974608513,0.4769805619608442,0.0,,0.0,0.0,unverified,Insufficient Data,Insufficient Data,Insufficient Data,Insufficient Data,Insufficient Data,False,False,,,,,,lane,DF,PA,Central-West,North,False,False
SC>TO,11,0.0,6,0.0,5,0.0,1,0.0,11,2,0,0,11,2,11,2,0,0,0.0,0.0,0.2588329669680317,0.7552643498962404,-0.7552643498962404,-0.7552643498962404,2.0918982867521083,False,False,0.4310957311659601,0.0,-0.4310957311659601,1.0,0.18181818181818182,0.05136768974608513,0.4769805619608442,1.3551795462299556,0.6448204537700444,-0.7901349590230192,3.8916066353393304,0.986587602533953,1.013412397466047,0.9564342397145928,1.0435657602854072,0.18181818181818182,0.05136768974608513,0.4769805619608442,0.0,,0.0,0.0,unverified,Insufficient Data,Insufficient Data,Insufficient Data,Insufficient Data,Insufficient Data,False,False,,,,,,lane,SC,TO,South,North,False,False
MA>RJ,41,2.0,0,0.0,41,2.0,4,0.0,40,3,2,2,38,1,38,1,2,2,0.04878048780487805,0.013480945365169042,0.16138978870370846,2.815076213249623,-0.8150762132496232,-2.2623574532776924,3.8019051236024235,False,False,1.6604392923421876,1.2045005253873713,0.33956070765781243,0.975609756097561,0.075,0.025836025774588198,0.19864233524310543,4.927925622654384,-1.9279256226543842,-3.8944845916708566,3.0177677870698325,3.408211717844565,-2.408211717844565,3.3040455553776846,-2.3040455553776846,0.02631578947368421,0.004660587685768783,0.1349487611595213,0.05,0.0,,0.04878048780487805,unverified,Insufficient Data,Insufficient Data,Insufficient Data,Insufficient Data,Insufficient Data,False,False,,,,,,lane,MA,RJ,Northeast,Southeast,False,True
PE>GO,12,0.0,2,0.0,10,0.0,3,0.0,12,0,0,0,12,0,12,0,0,0,0.0,2.7755575615628914e-17,0.24249400665524085,0.8239247453413532,-0.8239247453413532,-0.8239247453413528,2.086003334521537,False,False,1.0453028853289832,0.0,-1.0453028853289832,1.0,0.0,2.7755575615628914e-17,0.24249400665524085,1.4783776867963154,-1.4783776867963154,-1.478377686796315,1.431550393066575,1.0762773845824942,-1.0762773845824942,1.043382806961374,-1.043382806961374,0.0,2.7755575615628914e-17,0.24249400665524085,0.0,,0.0,0.0,unverified,Insufficient Data,Insufficient Data,Insufficient Data,Insufficient Data,Insufficient Data,False,False,,,,,,lane,PE,GO,Northeast,Central-West,False,True
GO>CE,12,0.0,5,0.0,7,0.0,2,0.0,12,0,0,0,12,0,12,0,0,0,0.0,2.7755575615628914e-17,0.24249400665524085,0.8239247453413532,-0.8239247453413532,-0.8239247453413528,2.086003334521537,False,False,0.7079809681481226,0.0,-0.7079809681481226,1.0,0.0,2.7755575615628914e-17,0.24249400665524085,1.4783776867963154,-1.4783776867963154,-1.478377686796315,1.431550393066575,1.0762773845824942,-1.0762773845824942,1.043382806961374,-1.043382806961374,0.0,2.7755575615628914e-17,0.24249400665524085,0.0,,0.0,0.0,unverified,Insufficient Data,Insufficient Data,Insufficient Data,Insufficient Data,Insufficient Data,False,False,,,,,,lane,GO,CE,Central-West,Northeast,True,False
GO>RJ,56,3.0,17,0.0,39,3.0,13,3.0,55,6,3,2,52,4,52,4,3,2,0.05357142857142857,0.018385781382109126,0.14607309068821533,3.844982144926315,-0.8449821449263148,-2.8153783875282037,4.335110933613744,False,False,3.9826287865175023,0.7532713091805038,-0.9826287865175023,0.9821428571428571,0.10909090909090909,0.05096725000782336,0.21825549086553508,6.775897731149779,-0.7758977311497786,-3.972698980719494,5.228154266454651,4.663868666524142,-0.6638686665241416,4.52132549683262,-0.5213254968326204,0.07692307692307693,0.030319345184930124,0.1817356238429534,0.05454545454545454,1.0,0.0,0.07692307692307693,unverified,Insufficient Data,Insufficient Data,Insufficient Data,Insufficient Data,Insufficient Data,False,False,,,,,,lane,GO,RJ,Central-West,Southeast,False,False
MG>AM,13,0.0,5,0.0,8,0.0,3,0.0,13,0,0,0,13,0,13,0,0,0,0.0,0.0,0.22809537235419838,0.892585140786466,-0.892585140786466,-0.892585140786466,2.0726546998181132,False,False,0.6001837655421574,0.0,-0.6001837655421574,1.0,0.0,0.0,0.22809537235419838,1.601575827362675,-1.601575827362675,-1.601575827362675,1.363664013241904,1.1659671666310354,-1.1659671666310354,1.130331374208155,-1.130331374208155,0.0,0.0,0.22809537235419838,0.0,,0.0,0.0,unverified,Insufficient Data,Insufficient Data,Insufficient Data,Insufficient Data,Insufficient Data,False,False,,,,,,lane,MG,AM,Southeast,North,False,False
PR>MT,57,3.0,14,1.0,43,2.0,20,1.0,55,8,3,3,52,5,52,5,3,3,0.05263157894736842,0.01806029563366167,0.14369550397163527,3.9136425403714274,-0.9136425403714274,-2.8842056892527124,4.277001186011783,False,False,4.086992487635038,0.7340360935520015,-1.0869924876350376,0.9649122807017544,0.14545454545454545,0.07559289147759303,0.26160912931452274,6.775897731149779,1.2241022688502214,-2.6182886998821617,7.612604381148972,4.663868666524142,0.33613133347585844,4.52132549683262,0.4786745031673796,0.09615384615384616,0.04177435105257249,0.20609630120131633,0.05454545454545454,0.3333333333333333,0.07142857142857142,0.046511627906976744,unverified,Insufficient Data,Insufficient Data,Insufficient Data,Insufficient Data,Insufficient Data,False,False,,,,,,lane,PR,MT,South,Central-West,False,False
MG>RO,14,0.0,8,0.0,6,0.0,3,0.0,14,0,0,0,14,0,14,0,0,0,0.0,1.3877787807814457e-17,0.2153108027376358,0.9612455362315787,-0.9612455362315787,-0.9612455362315785,2.0531057020953227,False,False,0.5030859300318414,0.0,-0.5030859300318414,1.0,0.0,1.3877787807814457e-17,0.2153108027376358,1.7247739679290346,-1.7247739679290346,-1.7247739679290344,1.2895772703978667,1.2556569486795766,-1.2556569486795766,1.2172799414549365,-1.2172799414549365,0.0,1.3877787807814457e-17,0.2153108027376358,0.0,,0.0,0.0,unverified,Insufficient Data,Insufficient Data,Insufficient Data,Insufficient Data,Insufficient Data,False,False,,,,,,lane,MG,RO,Southeast,North,False,False
MG>SC,248,16.0,121,9.0,127,7.0,40,6.0,245,28,9,6,236,22,230,20,15,8,0.06451612903225806,0.040098667230277246,0.1022188804385222,17.027778070387967,-1.027778070387967,-7.083308597279209,8.32250427836554,False,False,14.681904976384637,1.08977683929541,1.3180950236153635,0.9879032258064516,0.11428571428571428,0.08026394431607245,0.16021631610473488,30.183544438758105,-2.183544438758105,-10.518878081320354,9.069453006901943,21.166788563455718,0.833211436544282,19.998170466759667,0.001829533240332637,0.08695652173913043,0.056995238872586125,0.13048844790303843,0.036734693877551024,0.375,0.0743801652892562,0.05511811023622047,inconsistent,No Signal,No Signal,No Signal,No Signal,No Signal,True,False,32.0,35.0,34.0,29.0,37.0,lane,MG,SC,Southeast,South,False,False
ES>PR,15,0.0,9,0.0,6,0.0,1,0.0,15,1,0,0,15,1,15,1,0,0,0.0,0.0,0.20388330103584862,1.0299059316766914,-1.0299059316766914,-1.0299059316766914,2.0283435838610377,False,False,0.7428160562484246,0.0,-0.7428160562484246,1.0,0.06666666666666667,0.011866895493268553,0.2981652987378003,1.8479721084953942,-0.8479721084953942,-1.669968676096366,2.6245073725716104,1.3453467307281177,-0.3453467307281177,1.3042285087017176,-0.3042285087017176,0.06666666666666667,0.011866895493268553,0.2981652987378003,0.0,,0.0,0.0,unverified,Insufficient Data,Insufficient Data,Insufficient Data,Insufficient Data,Insufficient Data,False,False,,,,,,lane,ES,PR,Southeast,South,False,False
BA>DF,15,0.0,7,0.0,8,0.0,4,0.0,15,1,0,0,15,1,15,1,0,0,0.0,0.0,0.20388330103584862,1.0299059316766914,-1.0299059316766914,-1.0299059316766914,2.0283435838610377,False,False,0.9949265878824527,0.0,-0.9949265878824527,1.0,0.06666666666666667,0.011866895493268553,0.2981652987378003,1.8479721084953942,-0.8479721084953942,-1.669968676096366,2.6245073725716104,1.3453467307281177,-0.3453467307281177,1.3042285087017176,-0.3042285087017176,0.06666666666666667,0.011866895493268553,0.2981652987378003,0.0,,0.0,0.0,unverified,Insufficient Data,Insufficient Data,Insufficient Data,Insufficient Data,Insufficient Data,False,False,,,,,,lane,BA,DF,Northeast,Central-West,False,True
MT>SP,30,1.0,5,0.0,25,1.0,10,0.0,30,2,1,0,29,2,29,2,1,0,0.03333333333333333,0.005908590381612455,0.16670390991409173,2.059811863353383,-1.0598118633533828,-1.8825541519050093,2.9413054340693687,False,False,2.2778106855381606,0.4390180476143204,-1.2778106855381606,1.0,0.06666666666666667,0.018477023791270378,0.2132345836261692,3.6959442169907883,-1.6959442169907883,-3.141633503252677,2.701093291794288,2.601003679407694,-0.6010036794076941,2.521508450156654,-0.521508450156654,0.06896551724137931,0.019121266169433354,0.21964580150275695,0.03333333333333333,0.0,0.0,0.04,unverified,Insufficient Data,Insufficient Data,Insufficient Data,Insufficient Data,Insufficient Data,False,False,,,,,,lane,MT,SP,Central-West,Southeast,False,False
RS>MS,16,0.0,8,0.0,8,0.0,3,0.0,15,2,0,0,15,2,15,2,0,0,0.0,0.0,0.1936076805344365,1.0985663271218042,-1.0985663271218042,-1.0985663271218042,1.9991565614291797,False,False,1.0269920135602952,0.0,-1.0269920135602952,0.9375,0.13333333333333333,0.03736125910306537,0.37881982832322364,1.8479721084953942,0.15202789150460583,-1.2875532219494137,3.83432531635296,1.3453467307281177,0.6546532692718823,1.3042285087017176,0.6957714912982824,0.13333333333333333,0.03736125910306537,0.37881982832322364,0.0,,0.0,0.0,unverified,Insufficient Data,Insufficient Data,Insufficient Data,Insufficient Data,Insufficient Data,False,False,,,,,,lane,RS,MS,South,Central-West,False,False
SC>MS,31,1.0,14,0.0,17,1.0,8,0.0,30,1,1,1,29,0,29,0,1,1,0.03225806451612903,0.005717221525416816,0.16194105164724906,2.128472258798496,-1.1284722587984959,-1.9512383915105744,2.8917003422662253,False,False,2.1518467922089335,0.4647170995726284,-1.1518467922089335,0.967741935483871,0.03333333333333333,0.005908590381612455,0.16670390991409173,3.6959442169907883,-2.6959442169907883,-3.518686505542415,1.3051730804319637,2.601003679407694,-2.601003679407694,2.521508450156654,-2.521508450156654,0.0,0.0,0.11696979849974075,0.03333333333333333,0.0,0.0,0.058823529411764705,unverified,Insufficient Data,Insufficient Data,Insufficient Data,Insufficient Data,Insufficient Data,False,False,,,,,,lane,SC,MS,South,Central-West,False,False
RJ>GO,104,6.0,28,1.0,76,5.0,27,4.0,101,10,4,2,97,8,95,8,6,2,0.057692307692307696,0.026706545635334457,0.12018926784798839,7.140681126291728,-1.140681126291728,-4.363200380216944,5.359002729899065,False,False,7.784857876783753,0.7707269798583463,-1.7848578767837529,0.9711538461538461,0.09900990099009901,0.05467303296704735,0.1727318418684808,12.44301219720232,-2.4430121972023198,-6.921035867530539,5.002903831514241,8.699908858708495,-0.6999088587084952,8.260113888444211,-0.2601138884442111,0.08421052631578947,0.0432881153842945,0.15745213124326723,0.039603960396039604,0.6666666666666666,0.03571428571428571,0.06578947368421052,unverified,No Signal,No Signal,No Signal,No Signal,No Signal,True,False,33.0,30.0,37.0,37.0,39.0,lane,RJ,GO,Southeast,Central-West,False,False
PE>ES,17,0.0,1,0.0,16,0.0,5,0.0,17,2,0,0,17,2,17,2,0,0,0.0,0.0,0.1843181350088518,1.167226722566917,-1.167226722566917,-1.167226722566917,1.9661815725835636,False,False,1.230275150440641,0.0,-1.230275150440641,1.0,0.11764705882352941,0.03287977376379267,0.3433635059488588,2.0943683896281136,-0.09436838962811356,-1.535412235643638,3.742811211502486,1.5247262948252,0.47527370517479994,1.4781256431952798,0.5218743568047202,0.11764705882352941,0.03287977376379267,0.3433635059488588,0.0,,0.0,0.0,unverified,Insufficient Data,Insufficient Data,Insufficient Data,Insufficient Data,Insufficient Data,False,False,,,,,,lane,PE,ES,Northeast,Southeast,False,True
MG>MS,61,3.0,31,0.0,30,3.0,9,2.0,61,7,2,1,59,6,58,6,3,1,0.04918032786885246,0.0168659826687624,0.134911275272159,4.188284122151878,-1.1882841221518783,-3.159459179357372,4.041303669449819,False,False,3.612580112915891,0.830431410856257,-0.6125801129158912,1.0,0.11475409836065574,0.05671202660732208,0.21844308472401078,7.5150865745479365,-0.5150865745479365,-4.05565295150129,5.809941593616721,5.2916971408639295,0.7083028591360705,5.043016900313308,0.9569830996866919,0.10344827586206896,0.048281407423628964,0.2078810299248423,0.03278688524590164,0.6666666666666666,0.0,0.1,inconsistent,Insufficient Data,Insufficient Data,Insufficient Data,Insufficient Data,Insufficient Data,False,False,,,,,,lane,MG,MS,Southeast,Central-West,False,False
MG>PI,32,1.0,10,0.0,22,1.0,4,0.0,32,5,1,1,31,4,31,4,1,1,0.03125,0.005537860164003122,0.15744263820012558,2.1971326542436085,-1.1971326542436085,-2.0199211289955086,2.84103176816041,False,False,2.2174987857184583,0.45095853329904084,-1.2174987857184583,1.0,0.15625,0.0686442028250571,0.3175414959753039,3.9423404981235075,1.0576595018764925,-1.7457260077216805,6.218987373086217,2.7803832435047764,1.2196167564952236,2.6954055846502163,1.3045944153497837,0.12903225806451613,0.051342843746291486,0.28852406256306423,0.03125,0.0,0.0,0.045454545454545456,unverified,Insufficient Data,Insufficient Data,Insufficient Data,Insufficient Data,Insufficient Data,False,False,,,,,,lane,MG,PI,Southeast,Northeast,True,False
PR>RO,18,0.0,7,0.0,11,0.0,6,0.0,18,3,0,0,18,3,18,3,0,0,0.0,0.0,0.17587922364665765,1.2358871180120299,-1.2358871180120299,-1.2358871180120299,1.929938907627808,False,False,0.8439526188044838,0.0,-0.8439526188044838,1.0,0.16666666666666666,0.05836576805861446,0.39222038103915724,2.217566530194473,0.7824334698055271,-1.1669827051394126,4.842400328510358,1.6144160768737412,1.3855839231262588,1.565074210442061,1.434925789557939,0.16666666666666666,0.05836576805861446,0.39222038103915724,0.0,,0.0,0.0,unverified,Insufficient Data,Insufficient Data,Insufficient Data,Insufficient Data,Insufficient Data,False,False,,,,,,lane,PR,RO,South,North,False,False
MT>MG,19,0.0,4,0.0,15,0.0,7,0.0,19,1,0,0,19,1,19,1,0,0,0.0,0.0,0.16817922405261626,1.3045475134571425,-1.3045475134571425,-1.3045475134571425,1.8908577435425664,False,False,1.5764825359027068,0.0,-1.5764825359027068,1.0,0.05263157894736842,0.009351994062300362,0.24638731166898786,2.3407646707608327,-1.3407646707608327,-2.1630767835771256,2.3405942509499367,1.7041058589222824,-0.7041058589222824,1.6520227776888423,-0.6520227776888423,0.05263157894736842,0.009351994062300362,0.24638731166898786,0.0,,0.0,0.0,unverified,Insufficient Data,Insufficient Data,Insufficient Data,Insufficient Data,Insufficient Data,False,False,,,,,,lane,MT,MG,Central-West,Southeast,False,False
DF>DF,49,2.0,13,1.0,36,1.0,8,0.0,49,6,1,1,48,5,47,5,2,1,0.04081632653061224,0.011265633366185787,0.13713032306080064,3.3643593768105253,-1.3643593768105253,-2.8123433418674217,3.3550264531687057,False,False,2.787744929975881,0.7174257510055999,-0.7877449299758812,1.0,0.12244897959183673,0.05734825790240154,0.2424439729375651,6.036708887751621,-0.03670888775162062,-3.2266442505339454,5.843045786189069,4.305109538329977,0.6948904616700231,4.086582660598715,0.9134173394012848,0.10638297872340426,0.04630478218108157,0.22594269343738355,0.02040816326530612,0.0,0.07692307692307693,0.027777777777777776,unverified,Insufficient Data,Insufficient Data,Insufficient Data,Insufficient Data,Insufficient Data,False,False,,,,,,lane,DF,DF,Central-West,Central-West,False,False
SP>AP,49,2.0,15,2.0,34,0.0,8,0.0,48,3,1,0,47,3,46,3,2,0,0.04081632653061224,0.011265633366185787,0.13713032306080064,3.3643593768105253,-1.3643593768105253,-2.8123433418674217,3.3550264531687057,False,False,1.9696919413739316,1.0153872075066355,0.030308058626068446,0.9795918367346939,0.0625,0.021483232908389285,0.1683543805494635,5.913510747185262,-2.9135107471852617,-4.882315567582576,2.1674995191889868,4.2154197562814355,-1.2154197562814355,3.9996340933519337,-0.9996340933519337,0.06521739130434782,0.022427861429288584,0.17502741081904216,0.020833333333333332,0.0,0.13333333333333333,0.0,unverified,Insufficient Data,Insufficient Data,Insufficient Data,Insufficient Data,Insufficient Data,False,False,,,,,,lane,SP,AP,Southeast,North,False,False
SC>ES,49,2.0,28,0.0,21,2.0,7,0.0,48,4,1,1,47,3,47,3,1,1,0.04081632653061224,0.011265633366185787,0.13713032306080064,3.3643593768105253,-1.3643593768105253,-2.8123433418674217,3.3550264531687057,False,False,2.6379862471954074,0.7581540662413662,-0.6379862471954074,0.9795918367346939,0.08333333333333333,0.032883756818091775,0.1955330179036728,5.913510747185262,-1.9135107471852617,-4.335090419916856,3.4720741121910335,4.2154197562814355,-1.2154197562814355,4.086582660598715,-1.0865826605987152,0.06382978723404255,0.021945385205433238,0.17162614183124436,0.020833333333333332,0.0,0.0,0.09523809523809523,unverified,Insufficient Data,Insufficient Data,Insufficient Data,Insufficient Data,Insufficient Data,False,False,,,,,,lane,SC,ES,South,Southeast,False,False
RN>RN,21,0.0,1,0.0,20,0.0,2,0.0,21,0,0,0,21,0,21,0,0,0,0.0,0.0,0.154639018924847,1.4418683043473681,-1.4418683043473681,-1.4418683043473681,1.8055510930744187,False,False,1.1920701705917225,0.0,-1.1920701705917225,1.0,0.0,0.0,0.154639018924847,2.587160951893552,-2.587160951893552,-2.587160951893552,0.6602584455282351,1.8834854230193647,-1.8834854230193647,1.8259199121824046,-1.8259199121824046,0.0,0.0,0.154639018924847,0.0,,0.0,0.0,unverified,Insufficient Data,Insufficient Data,Insufficient Data,Insufficient Data,Insufficient Data,False,False,,,,,,lane,RN,RN,Northeast,Northeast,True,True
ES>BA,23,0.0,8,0.0,15,0.0,9,0.0,23,2,0,0,23,2,23,2,0,0,0.0,0.0,0.14311661845042686,1.5791890952375935,-1.5791890952375935,-1.5791890952375935,1.7124931291222243,False,False,2.182504707153524,0.0,-2.182504707153524,1.0,0.08695652173913043,0.024180004484220363,0.26795981075743663,2.833557233026271,-0.833557233026271,-2.2774171298892028,3.3295184143947716,2.062864987116447,-0.06286498711644706,1.9998170466759668,0.00018295332403317488,0.08695652173913043,0.024180004484220363,0.26795981075743663,0.0,,0.0,0.0,unverified,Insufficient Data,Insufficient Data,Insufficient Data,Insufficient Data,Insufficient Data,False,False,,,,,,lane,ES,BA,Southeast,Northeast,True,False
RS>GO,23,0.0,17,0.0,6,0.0,2,0.0,23,4,0,0,23,4,23,4,0,0,0.0,0.0,0.14311661845042686,1.5791890952375935,-1.5791890952375935,-1.5791890952375935,1.7124931291222243,False,False,0.9454780881380512,0.0,-0.9454780881380512,1.0,0.17391304347826086,0.06978653563062565,0.3713764764022614,2.833557233026271,1.166442766973729,-1.228466913521881,5.708101724225741,2.062864987116447,1.937135012883553,1.9998170466759668,2.000182953324033,0.17391304347826086,0.06978653563062565,0.3713764764022614,0.0,,0.0,0.0,unverified,Insufficient Data,Insufficient Data,Insufficient Data,Insufficient Data,Insufficient Data,False,False,,,,,,lane,RS,GO,South,Central-West,False,False
RJ>PB,24,0.0,2,0.0,22,0.0,11,0.0,24,1,0,0,24,1,24,1,0,0,0.0,1.3877787807814457e-17,0.13797620467498017,1.6478494906827064,-1.6478494906827064,-1.647849490682706,1.6635794215168178,False,False,2.4205252283230956,0.0,-2.4205252283230956,1.0,0.041666666666666664,0.0073934561655057685,0.20241806478655938,2.956755373592631,-1.9567553735926309,-2.779312425620492,1.9012781812847945,2.1525547691649884,-1.1525547691649884,2.086765613922748,-1.086765613922748,0.041666666666666664,0.0073934561655057685,0.20241806478655938,0.0,,0.0,0.0,unverified,Insufficient Data,Insufficient Data,Insufficient Data,Insufficient Data,Insufficient Data,False,False,,,,,,lane,RJ,PB,Southeast,Northeast,True,False
BA>RJ,83,4.0,34,1.0,49,3.0,14,2.0,82,10,3,1,79,9,78,9,4,1,0.04819277108433735,0.01889861550329229,0.1174585920045154,5.69881282194436,-1.69881282194436,-4.1302277351711,4.050250314430419,False,False,4.974526674555771,0.8040966028908073,-0.9745266745557712,0.9879518072289156,0.12195121951219512,0.06760853649677892,0.2101297399518335,10.102247526441488,-0.10224752644148793,-4.558347533705616,7.12839114960886,7.085492781834753,1.9145072181652472,6.7819882452489315,2.2180117547510685,0.11538461538461539,0.061905106255333214,0.20497013198481626,0.036585365853658534,0.5,0.029411764705882353,0.061224489795918366,inconsistent,Insufficient Data,Insufficient Data,Insufficient Data,Insufficient Data,Insufficient Data,False,False,,,,,,lane,BA,RJ,Northeast,Southeast,False,True
PR>PI,25,0.0,7,0.0,18,0.0,6,0.0,25,2,1,0,24,2,25,2,0,0,0.0,1.3877787807814457e-17,0.13319225093904846,1.7165098861278192,-1.7165098861278192,-1.7165098861278187,1.6132963873483925,False,False,1.5638655822273848,0.0,-1.5638655822273848,1.0,0.08,0.022220401284847563,0.24966108950395313,3.07995351415899,-1.0799535141589902,-2.524443482037801,3.161573723439838,2.1525547691649884,-0.15255476916498845,2.173714181169529,-0.17371418116952908,0.08,0.022220401284847563,0.24966108950395313,0.04,,0.0,0.0,unverified,Insufficient Data,Insufficient Data,Insufficient Data,Insufficient Data,Insufficient Data,False,False,,,,,,lane,PR,PI,South,Northeast,True,False
PE>BA,25,0.0,1,0.0,24,0.0,10,0.0,25,1,0,0,25,1,25,1,0,0,0.0,1.3877787807814457e-17,0.13319225093904846,1.7165098861278192,-1.7165098861278192,-1.7165098861278187,1.6132963873483925,False,False,2.50099486874268,0.0,-2.50099486874268,1.0,0.04,0.007096233501987265,0.19544063736193734,3.07995351415899,-2.07995351415899,-2.902547676609309,1.8060624198894433,2.2422445512135294,-1.2422445512135294,2.173714181169529,-1.173714181169529,0.04,0.007096233501987265,0.19544063736193734,0.0,,0.0,0.0,unverified,Insufficient Data,Insufficient Data,Insufficient Data,Insufficient Data,Insufficient Data,False,False,,,,,,lane,PE,BA,Northeast,Northeast,True,True
PR>MS,55,2.0,16,2.0,39,0.0,13,0.0,54,5,1,0,53,5,52,5,2,0,0.03636363636363636,0.01002954128933356,0.12323463974651017,3.7763217494812023,-1.7763217494812023,-3.2246969785678563,3.001583436576857,False,False,4.173789708653989,0.4791808259657103,-2.173789708653989,0.9818181818181818,0.09259259259259259,0.04020113475702944,0.19909882590962688,6.652699590583419,-1.6526995905834188,-4.481838313703829,4.098637008536433,4.753558448572683,0.24644155142731705,4.52132549683262,0.4786745031673796,0.09615384615384616,0.04177435105257249,0.20609630120131633,0.018518518518518517,0.0,0.125,0.0,unverified,Insufficient Data,Insufficient Data,Insufficient Data,Insufficient Data,Insufficient Data,False,False,,,,,,lane,PR,MS,South,Central-West,False,False
DF>PR,27,0.0,13,0.0,14,0.0,6,0.0,27,2,0,0,27,2,27,2,0,0,0.0,0.0,0.12455502974186705,1.8538306770180446,-1.8538306770180446,-1.8538306770180446,1.5091551260123657,False,False,1.961197990419356,0.0,-1.961197990419356,1.0,0.07407407407407407,0.020554654060988622,0.23369592683023144,3.3263497952917094,-1.3263497952917094,-2.771374135645017,2.983440229124539,2.4216241153106117,-0.4216241153106117,2.347611315663092,-0.3476113156630918,0.07407407407407407,0.020554654060988622,0.23369592683023144,0.0,,0.0,0.0,unverified,Insufficient Data,Insufficient Data,Insufficient Data,Insufficient Data,Insufficient Data,False,False,,,,,,lane,DF,PR,Central-West,South,False,False
PR>GO,86,4.0,25,0.0,61,4.0,28,3.0,83,11,3,2,80,9,80,9,3,2,0.046511627906976744,0.01823396823832083,0.1135699781371198,5.904794008279698,-1.9047940082796977,-4.336672739784106,3.8622241115126053,False,False,7.262657721765134,0.5507625656118392,-3.262657721765134,0.9651162790697675,0.13253012048192772,0.07564306492759915,0.22192746384541778,10.225445667007847,0.7745543329921531,-3.9470712780171184,8.194533832161829,7.175182563883294,1.8248174361167058,6.955885379742494,2.0441146202575062,0.1125,0.060326869466304764,0.20018218092372875,0.03614457831325301,0.75,0.0,0.06557377049180328,unverified,Insufficient Data,Insufficient Data,Insufficient Data,Insufficient Data,Insufficient Data,False,False,,,,,,lane,PR,GO,South,Central-West,False,False
SP>AC,57,2.0,32,0.0,25,2.0,8,1.0,57,9,3,2,54,7,55,8,2,1,0.03508771929824561,0.009675664344932881,0.11920781367625805,3.9136425403714274,-1.9136425403714274,-3.362129672710253,2.881202839175281,False,False,2.359388787032423,0.8476771657949377,-0.35938878703242283,1.0,0.15789473684210525,0.0853579597035527,0.2736317694063802,7.022294012282498,1.9777059877175018,-2.156890309179994,8.574716843881172,4.8432482306212234,2.1567517693787766,4.782171198572964,3.2178288014270358,0.14545454545454545,0.07559289147759303,0.26160912931452274,0.05263157894736842,0.5,0.0,0.08,unverified,Insufficient Data,Insufficient Data,Insufficient Data,Insufficient Data,Insufficient Data,False,False,,,,,,lane,SP,AC,Southeast,North,False,False
MG>RN,28,0.0,13,0.0,15,0.0,6,0.0,28,2,0,0,28,2,28,2,0,0,0.0,1.3877787807814457e-17,0.12064330476584563,1.9224910724631574,-1.9224910724631574,-1.922491072463157,1.4555214609805203,False,False,1.8331800188406926,0.0,-1.8331800188406926,1.0,0.07142857142857142,0.019812064115305755,0.22645362568399052,3.449547935858069,-1.4495479358580692,-2.8948101406295077,2.8911535832936655,2.511313897359153,-0.5113138973591531,2.434559882909873,-0.4345598829098729,0.07142857142857142,0.019812064115305755,0.22645362568399052,0.0,,0.0,0.0,unverified,Insufficient Data,Insufficient Data,Insufficient Data,Insufficient Data,Insufficient Data,False,False,,,,,,lane,MG,RN,Southeast,Northeast,True,False
DF>GO,30,0.0,7,0.0,23,0.0,6,0.0,30,2,0,0,30,2,30,2,0,0,0.0,0.0,0.11351339317396876,2.059811863353383,-2.059811863353383,-2.059811863353383,1.3455899318656799,False,False,2.3254369372211157,0.0,-2.3254369372211157,1.0,0.06666666666666667,0.018477023791270378,0.2132345836261692,3.6959442169907883,-1.6959442169907883,-3.141633503252677,2.701093291794288,2.6906934614562354,-0.6906934614562354,2.608457017403435,-0.6084570174034352,0.06666666666666667,0.018477023791270378,0.2132345836261692,0.0,,0.0,0.0,unverified,Insufficient Data,Insufficient Data,Insufficient Data,Insufficient Data,Insufficient Data,False,False,,,,,,lane,DF,GO,Central-West,Central-West,False,False
GO>GO,31,0.0,6,0.0,25,0.0,6,0.0,31,2,0,0,31,2,31,2,0,0,0.0,0.0,0.11025539546043596,2.128472258798496,-2.128472258798496,-2.128472258798496,1.289445000475019,False,False,2.6369329714079255,0.0,-2.6369329714079255,1.0,0.06451612903225806,0.017874783521914572,0.20718636736298127,3.8191423575571477,-1.8191423575571477,-3.2650240683777962,2.6036350306952714,2.7803832435047764,-0.7803832435047764,2.6954055846502163,-0.6954055846502163,0.06451612903225806,0.017874783521914572,0.20718636736298127,0.0,,0.0,0.0,unverified,Insufficient Data,Insufficient Data,Insufficient Data,Insufficient Data,Insufficient Data,False,False,,,,,,lane,GO,GO,Central-West,Central-West,False,False
RS>DF,47,1.0,18,1.0,29,0.0,9,0.0,44,4,1,1,43,3,43,3,1,1,0.02127659574468085,0.0037657680385967812,0.11112981041629329,3.2270385859203,-2.2270385859203,-3.050047488106251,1.9960625036454844,False,False,2.8816382585698728,0.34702482069914276,-1.8816382585698728,0.9361702127659575,0.09090909090909091,0.03592219322731624,0.21159239166598612,5.4207181849198225,-1.4207181849198225,-3.840141682917908,3.8893470483835664,3.856660628087271,-0.8566606280872708,3.7387883916115903,-0.7387883916115903,0.06976744186046512,0.024011589577214484,0.18608986901241975,0.022727272727272728,0.0,0.05555555555555555,0.0,unverified,Insufficient Data,Insufficient Data,Insufficient Data,Insufficient Data,Insufficient Data,False,False,,,,,,lane,RS,DF,South,Central-West,False,False
RS>PR,137,7.0,44,0.0,93,7.0,23,2.0,135,11,4,2,131,9,129,9,6,2,0.051094890510948905,0.02496794443140947,0.10170966150995021,9.406474175980449,-2.406474175980449,-5.985865788877351,4.52774945088273,False,False,9.04243930601529,0.7741273967239569,-2.0424393060152894,0.9854014598540146,0.08148148148148149,0.046105544792879184,0.14001651874771576,16.631748976458546,-5.631748976458546,-10.407500429419859,2.27048105448308,11.749361448358895,-2.7493614483588953,11.21636517483477,-2.2163651748347704,0.06976744186046512,0.0371361580439053,0.12728132889573412,0.02962962962962963,0.2857142857142857,0.0,0.07526881720430108,inconsistent,No Signal,No Signal,No Signal,No Signal,No Signal,True,False,34.0,32.0,40.0,36.0,47.0,lane,RS,PR,South,South,False,False
ES>MG,42,0.0,24,0.0,18,0.0,7,0.0,40,5,0,0,40,5,40,5,0,0,0.0,0.0,0.08379879086570391,2.8837366086947362,-2.8837366086947362,-2.8837366086947362,0.6358126076648281,False,False,2.576872082419792,0.0,-2.576872082419792,0.9523809523809523,0.125,0.05459500250945401,0.261121198388511,4.927925622654384,0.07207437734561584,-2.744125522276224,5.516922312886056,3.587591281941647,1.4124087180583529,3.477942689871247,1.5220573101287531,0.125,0.05459500250945401,0.261121198388511,0.0,,0.0,0.0,unverified,Insufficient Data,Insufficient Data,Insufficient Data,Insufficient Data,Insufficient Data,False,False,,,,,,lane,ES,MG,Southeast,Southeast,False,False
BA>MG,51,0.0,25,0.0,26,0.0,10,0.0,51,6,0,0,51,6,51,6,0,0,0.0,0.0,0.07004661989853143,3.501680167700751,-3.501680167700751,-3.501680167700751,0.07069744712435212,False,False,3.3032088907416166,0.0,-3.3032088907416166,1.0,0.11764705882352941,0.05505073677918175,0.23380844314322463,6.28310516888434,-0.28310516888434023,-3.475517593146071,5.641125431420116,4.5741788844756,1.4258211155243998,4.43437692958584,1.5656230704141603,0.11764705882352941,0.05505073677918175,0.23380844314322463,0.0,,0.0,0.0,unverified,Insufficient Data,Insufficient Data,Insufficient Data,Insufficient Data,Insufficient Data,False,False,,,,,,lane,BA,MG,Northeast,Southeast,False,True
MG>ES,169,8.0,74,4.0,95,4.0,35,1.0,161,21,5,4,156,17,154,17,7,4,0.047337278106508875,0.024178901084667415,0.09061681376334063,11.603606830224058,-3.6036068302240576,-7.517372546915264,3.7106346957805094,False,False,10.902423861884186,0.7337817811293037,-2.902423861884186,0.9526627218934911,0.13043478260869565,0.08691896993816678,0.1911752616262241,19.834900631183896,1.1650993688161044,-5.840946471139046,10.944316490638185,13.991605999572425,3.0083940004275753,13.3900793560043,3.6099206439957,0.11038961038961038,0.07007274312440208,0.16967072543845213,0.031055900621118012,0.125,0.05405405405405406,0.042105263157894736,inconsistent,No Signal,No Signal,No Signal,No Signal,No Signal,True,False,35.0,38.0,43.0,39.0,30.0,lane,MG,ES,Southeast,Southeast,False,False
SP>AM,99,3.0,39,0.0,60,3.0,19,3.0,99,14,3,2,96,12,96,12,3,2,0.030303030303030304,0.010358639578454044,0.08533680206102018,6.797379149066164,-3.797379149066164,-5.771873830799214,1.6509642549748338,False,False,4.197662386611005,0.7146834889744572,-1.1976623866110048,1.0,0.1414141414141414,0.08614485607449507,0.2234720939943508,12.196615916069602,1.803384083930398,-3.6682751646945895,9.927121389371129,8.610219076659954,3.389780923340046,8.347062455690992,3.652937544309008,0.125,0.07297200959924269,0.20588468129401408,0.030303030303030304,1.0,0.0,0.05,inconsistent,Insufficient Data,Insufficient Data,Insufficient Data,Insufficient Data,Insufficient Data,False,False,,,,,,lane,SP,AM,Southeast,North,False,False
PE>MG,60,0.0,2,0.0,58,0.0,23,0.0,60,7,0,0,60,7,60,7,0,0,0.0,0.0,0.06017185214208986,4.119623726706766,-4.119623726706766,-4.119623726706766,-0.5093125981813744,False,True,4.721115647570577,0.0,-4.721115647570577,1.0,0.11666666666666667,0.0576772064005603,0.2217878802417086,7.391888433981577,-0.3918884339815767,-3.9312560499479585,5.915384380520939,5.381386922912471,1.618613077087529,5.21691403480687,1.7830859651931297,0.11666666666666667,0.0576772064005603,0.2217878802417086,0.0,,0.0,0.0,unverified,Insufficient Data,Insufficient Data,Insufficient Data,Insufficient Data,Insufficient Data,False,False,,,,,,lane,PE,MG,Northeast,Southeast,False,True
RJ>MG,542,33.0,124,1.0,418,32.0,140,22.0,536,57,18,10,518,47,506,42,30,15,0.06088560885608856,0.043679288442596484,0.08427262450221461,37.21393433125112,-4.213934331251117,-13.539759995363825,8.461828148949198,False,False,43.505952091287604,0.7585169020265735,-10.505952091287604,0.988929889298893,0.10634328358208955,0.08298915803150085,0.1352998542242893,66.03420334356875,-9.034203343568748,-21.552014638684295,6.486518520650318,46.45930710114433,0.5406928988556672,43.99597502687127,-1.995975026871271,0.08300395256916997,0.06199293915681406,0.11029877486714698,0.033582089552238806,0.6666666666666666,0.008064516129032258,0.07655502392344497,inconsistent,No Signal,No Signal,No Signal,No Signal,No Signal,True,False,36.0,50.0,35.0,38.0,51.0,lane,RJ,MG,Southeast,Southeast,False,False
BA>SP,135,5.0,69,2.0,66,3.0,20,1.0,134,14,4,3,130,11,129,11,5,3,0.037037037037037035,0.015921913773667362,0.08377063439070755,9.269153385090224,-4.269153385090224,-7.11969502564513,2.0398822576552953,False,False,8.56029889062032,0.5840917547258302,-3.56029889062032,0.9925925925925926,0.1044776119402985,0.06326094687218671,0.16773964680343512,16.508550835892187,-2.508550835892187,-8.031583955019169,5.968561835768118,11.659671666310354,-0.6596716663103539,11.21636517483477,-0.21636517483477036,0.08527131782945736,0.048280520858577855,0.14624804763278626,0.029850746268656716,0.2,0.028985507246376812,0.045454545454545456,inconsistent,No Signal,No Signal,No Signal,No Signal,No Signal,True,False,37.0,36.0,51.0,49.0,40.0,lane,BA,SP,Northeast,Southeast,False,True
SP>RS,3530,238.0,1278,41.0,2252,197.0,787,139.0,3498,435,189,133,3309,302,3266,287,232,148,0.06742209631728045,0.059611580897555486,0.07617307849144432,242.37119592124807,-4.3711959212480735,-31.9423153528772,26.51977115355039,False,False,228.39150860984464,1.0420702654342955,9.608491390155365,0.9909348441926346,0.12435677530017153,0.11383163726478658,0.13570606142788222,430.94709570112593,4.0529042988740684,-32.76402854890245,43.75270717360608,296.7834887986228,5.216511201377216,283.9740206279873,3.0259793720127277,0.08787507654623393,0.07864331047972044,0.09807518370351108,0.054030874785591765,0.5840336134453782,0.032081377151799685,0.08747779751332149,inconsistent,No Signal,No Signal,No Signal,No Signal,No Signal,True,False,38.0,60.0,32.0,32.0,23.0,lane,SP,RS,Southeast,South,False,False
SP>DF,1362,89.0,378,7.0,984,82.0,316,52.0,1338,191,72,57,1266,134,1249,127,89,64,0.06534508076358296,0.053404369894852484,0.07973074446732328,93.51545859624359,-4.51545859624359,-20.778706799454504,15.077815368250725,False,False,105.50269044381325,0.8435803828850985,-16.50269044381325,0.9823788546255506,0.14275037369207771,0.12502804369352757,0.16251819083689087,164.83911207778917,26.160887922210833,2.4484103841507365,52.61022726197083,113.54726407345314,20.452735926546865,108.59876049122968,18.401239508770317,0.10168134507606084,0.08612277082131099,0.11968256632278511,0.053811659192825115,0.5842696629213483,0.018518518518518517,0.08333333333333333,inconsistent,No Signal,No Signal,No Signal,No Signal,No Signal,True,False,39.0,56.0,33.0,35.0,11.0,lane,SP,DF,Southeast,Central-West,False,False
RJ>ES,97,2.0,25,1.0,72,1.0,25,1.0,97,5,2,2,95,3,95,3,2,2,0.020618556701030927,0.005672685102266338,0.07208758247415772,6.660058358175938,-4.660058358175938,-6.109807903256103,0.33243714181736106,False,False,7.573607307537354,0.2640749538214866,-5.573607307537354,1.0,0.05154639175257732,0.022216051037510606,0.11504355411462804,11.950219634936882,-6.950219634936882,-9.795262684298354,-0.7909948858179627,8.520529294611412,-5.520529294611412,8.260113888444211,-5.260113888444211,0.031578947368421054,0.010797139474424379,0.08877098647308188,0.020618556701030927,0.5,0.04,0.013888888888888888,unverified,Insufficient Data,Insufficient Data,Insufficient Data,Insufficient Data,Insufficient Data,False,False,,,,,,lane,RJ,ES,Southeast,Southeast,False,False
SC>DF,69,0.0,32,0.0,37,0.0,14,0.0,69,4,0,0,69,4,69,4,0,0,0.0,3.469446951953614e-18,0.05273725818905173,4.737567285712781,-4.737567285712781,-4.737567285712781,-1.0986964706682116,False,True,4.703700104368271,0.0,-4.703700104368271,1.0,0.057971014492753624,0.02277238888037121,0.13979243357661653,8.500671699078813,-4.500671699078813,-6.929376866333199,1.1450062177077271,6.188594961349342,-2.1885949613493416,5.999451140027901,-1.999451140027901,0.057971014492753624,0.02277238888037121,0.13979243357661653,0.0,,0.0,0.0,inconsistent,Insufficient Data,Insufficient Data,Insufficient Data,Insufficient Data,Insufficient Data,False,False,,,,,,lane,SC,DF,South,Central-West,False,False
PR>SC,380,21.0,107,6.0,273,15.0,96,10.0,377,35,17,10,360,25,357,23,20,12,0.05526315789473684,0.036426375364684835,0.08300173164995708,26.09095026914285,-5.090950269142851,-12.248927630562614,5.449707757840841,False,False,30.509007846453198,0.6883213018820388,-9.509007846453198,0.9921052631578947,0.09283819628647215,0.06751102836742012,0.12637925618655171,46.445698993517574,-11.445698993517574,-20.994041299000187,1.1992805888124234,32.28832153747482,-7.288321537474822,31.040638507100876,-8.040638507100876,0.06442577030812324,0.04331052208677465,0.09481512174469227,0.04509283819628647,0.47619047619047616,0.056074766355140186,0.054945054945054944,inconsistent,No Signal,No Signal,No Signal,No Signal,No Signal,True,False,40.0,49.0,38.0,43.0,54.0,lane,PR,SC,South,South,False,False
PE>SP,104,2.0,5,0.0,99,2.0,38,2.0,104,10,1,1,103,9,102,9,2,1,0.019230769230769232,0.0052897115850640206,0.0674231291576782,7.140681126291728,-5.140681126291728,-6.590551121445069,-0.12867569389319455,False,True,10.43619171610791,0.19164078759813002,-8.43619171610791,1.0,0.09615384615384616,0.05306996868128023,0.16800881754262323,12.8126066189014,-2.8126066189014,-7.293329876048256,4.660310405531416,9.238047550999742,-0.23804755099974173,8.86875385917168,0.13124614082832053,0.08823529411764706,0.04711555975757313,0.1592445855395142,0.009615384615384616,1.0,0.0,0.020202020202020204,unverified,No Signal,No Signal,No Signal,No Signal,No Signal,True,False,41.0,33.0,64.0,67.0,41.0,lane,PE,SP,Northeast,Southeast,False,True
SC>RS,283,14.0,113,0.0,170,14.0,65,4.0,277,27,6,5,271,22,264,19,13,8,0.04946996466431095,0.029693796679549397,0.08131337415135327,19.430891910966913,-5.430891910966913,-11.027547450654433,3.580792973866063,False,False,21.428766962060646,0.653327371788905,-7.428766962060646,0.9787985865724381,0.09747292418772563,0.0678557796689789,0.13810191284401843,34.12588493688161,-7.1258849368816115,-15.329833968574455,4.128344920911494,24.30593093515466,-2.3059309351546595,22.95442175315023,-3.9544217531502284,0.07196969696969698,0.0465553632949031,0.10966189673990279,0.021660649819494584,0.2857142857142857,0.0,0.08235294117647059,inconsistent,No Signal,No Signal,No Signal,No Signal,No Signal,True,False,42.0,45.0,41.0,45.0,49.0,lane,SC,RS,South,South,False,False
GO>MG,83,0.0,28,0.0,55,0.0,11,0.0,83,7,0,0,83,7,83,7,0,0,0.0,3.469446951953614e-18,0.04423530964197385,5.69881282194436,-5.69881282194436,-5.69881282194436,-2.02728212166053,False,True,5.373486121303591,0.0,-5.373486121303591,1.0,0.08433734939759036,0.04145333632101998,0.16399529458616308,10.225445667007847,-3.225445667007847,-6.784818752363189,3.3861637836436875,7.444251910028918,-0.4442519100289184,7.216731081482837,-0.2167310814828367,0.08433734939759036,0.04145333632101998,0.16399529458616308,0.0,,0.0,0.0,unverified,Insufficient Data,Insufficient Data,Insufficient Data,Insufficient Data,Insufficient Data,False,False,,,,,,lane,GO,MG,Central-West,Southeast,False,False
DF>MG,100,1.0,43,0.0,57,1.0,22,0.0,100,15,1,0,99,15,99,14,1,1,0.01,0.0017674320641406505,0.054486196178705315,6.866039544511277,-5.866039544511277,-6.689296338097211,-1.417419926640745,False,True,7.734440236698551,0.12929183876231623,-6.734440236698551,1.0,0.15,0.0930598528365663,0.23283559590832364,12.31981405663596,2.680185943364039,-3.013828772979331,10.963745534196404,8.879288422805576,6.120711577194424,8.607908157431336,5.392091842568664,0.1414141414141414,0.08614485607449507,0.2234720939943508,0.01,0.0,0.0,0.017543859649122806,inconsistent,No Signal,No Signal,No Signal,No Signal,No Signal,True,False,43.0,34.0,69.0,69.0,26.0,lane,DF,MG,Central-West,Southeast,False,False
SP>MT,639,38.0,204,7.0,435,31.0,138,25.0,632,73,28,17,604,56,596,55,36,18,0.0594679186228482,0.04362984043159728,0.08057101457729546,43.873992689427055,-5.873992689427055,-15.994524653636393,7.610885625464741,False,False,41.19405700073231,0.9224631601428447,-3.1940570007323075,0.9890453834115805,0.11550632911392406,0.09287676271279977,0.1427817599299477,77.86122483793928,-4.861224837939275,-19.163110803449822,12.37684743778768,54.17262835731887,1.827371642681129,51.82134607908158,3.1786539209184212,0.09228187919463088,0.07158490811413397,0.11820100472441807,0.04430379746835443,0.6578947368421053,0.03431372549019608,0.07126436781609195,inconsistent,No Signal,No Signal,No Signal,No Signal,No Signal,True,False,44.0,53.0,36.0,34.0,46.0,lane,SP,MT,Southeast,Central-West,False,False
PR>DF,146,4.0,33,1.0,113,3.0,49,3.0,146,17,4,2,142,15,142,15,4,2,0.0273972602739726,0.01070472314747331,0.0683218621106431,10.024417734986464,-6.024417734986464,-8.46152815545536,-0.04942586683257069,False,True,12.494798029097565,0.32013322589808196,-8.494798029097565,1.0,0.11643835616438356,0.07398186903449244,0.1785614465373122,17.986928522688505,-0.9869285226885047,-7.185575643652607,8.08304267175908,12.735949050892847,2.264050949107153,12.346696549042926,2.6533034509570737,0.1056338028169014,0.06506672672777775,0.16697606202614415,0.0273972602739726,0.75,0.030303030303030304,0.02654867256637168,inconsistent,No Signal,No Signal,No Signal,No Signal,No Signal,True,False,45.0,41.0,58.0,62.0,34.0,lane,PR,DF,South,Central-West,False,False
MG>GO,149,4.0,67,2.0,82,2.0,27,0.0,148,18,4,4,144,14,144,14,4,4,0.026845637583892617,0.010488186096238764,0.06698725094853536,10.230398921321802,-6.230398921321802,-8.667659192982226,-0.24929852999003344,False,True,9.593354124690139,0.4169553159416179,-5.593354124690139,0.9932885906040269,0.12162162162162163,0.0783327712904737,0.18405576956082256,18.233324803821223,-0.23332480382122256,-6.640074652831116,9.006929091180517,12.91532861498993,1.0846713850100702,12.520593683536488,1.4794063164635123,0.09722222222222222,0.058799052664080885,0.1565766550344765,0.02702702702702703,0.0,0.029850746268656716,0.024390243902439025,inconsistent,No Signal,No Signal,No Signal,No Signal,No Signal,True,False,46.0,42.0,60.0,57.0,33.0,lane,MG,GO,Southeast,Central-West,False,False
SC>SC,253,11.0,94,3.0,159,8.0,45,2.0,252,20,8,5,244,15,241,14,11,6,0.043478260869565216,0.02444831863899726,0.07616417180295484,17.37108004761353,-6.371080047613528,-11.185655431947222,1.898455418534046,False,False,16.911953605106238,0.650427517532851,-5.911953605106238,0.9960474308300395,0.07936507936507936,0.05196178512707833,0.11940003802223503,31.04593142272262,-11.04593142272262,-17.951561570698882,-0.9571218411193932,21.88430681984405,-6.884306819844049,20.95460470647426,-6.95460470647426,0.058091286307053944,0.034915625536658404,0.09513366829642862,0.031746031746031744,0.18181818181818182,0.031914893617021274,0.050314465408805034,inconsistent,No Signal,No Signal,No Signal,No Signal,No Signal,True,False,47.0,46.0,47.0,46.0,53.0,lane,SC,SC,South,South,False,False
SP>RO,167,5.0,72,2.0,95,3.0,25,2.0,166,16,2,2,164,14,161,13,5,3,0.029940119760479042,0.012855039352347983,0.0681642806431653,11.466286039333832,-6.466286039333832,-9.319494467491719,-0.0828511719252256,False,True,8.171617384730233,0.61187397360811,-3.171617384730233,0.9940119760479041,0.0963855421686747,0.06020163030645203,0.15082728495111677,20.450891334015694,-4.450891334015694,-10.457420703144658,4.586437967869689,14.709124255960754,-0.709124255960754,13.998719326731768,-0.9987193267317682,0.08074534161490683,0.04779318846585438,0.13323808263660591,0.012048192771084338,0.4,0.027777777777777776,0.031578947368421054,inconsistent,No Signal,No Signal,No Signal,No Signal,No Signal,True,False,48.0,43.0,56.0,47.0,44.0,lane,SP,RO,Southeast,North,False,False
MG>DF,183,6.0,73,3.0,110,3.0,35,3.0,181,14,6,5,175,9,175,9,6,5,0.03278688524590164,0.01511147471989768,0.0696740911854546,12.564852366455636,-6.564852366455636,-9.79945249271436,0.18550632048255644,False,False,12.302946052340141,0.4876880687336462,-6.3029460523401415,0.9890710382513661,0.07734806629834254,0.04663116447601177,0.12563245551403607,22.298863442511088,-8.298863442511088,-13.858622672352961,0.4406110055294389,15.695711858494706,-6.695711858494706,15.215999268186705,-6.215999268186705,0.05142857142857143,0.027289573931240256,0.09483791800893845,0.03314917127071823,0.5,0.0410958904109589,0.02727272727272727,inconsistent,No Signal,No Signal,No Signal,No Signal,No Signal,True,False,49.0,44.0,54.0,55.0,50.0,lane,MG,DF,Southeast,Central-West,False,False
GO>SP,125,2.0,43,0.0,82,2.0,21,1.0,124,9,1,0,123,9,122,9,2,0,0.016,0.004398800179193873,0.05646250093046615,8.582549430639096,-6.582549430639096,-8.03269940823986,-1.5247368143308273,False,True,8.874371453025796,0.2253680737375583,-6.874371453025796,0.992,0.07258064516129033,0.038652163271999586,0.13219584661599912,15.27656943022859,-6.276569430228591,-10.483701184500644,1.115715550155299,11.031843191970566,-2.031843191970566,10.607725204107302,-1.607725204107302,0.07377049180327869,0.039293805533232,0.13426949407707403,0.008064516129032258,0.5,0.0,0.024390243902439025,inconsistent,No Signal,No Signal,No Signal,No Signal,No Signal,True,False,50.0,40.0,66.0,65.0,48.0,lane,GO,SP,Central-West,Southeast,False,False
MG>RS,271,12.0,126,2.0,145,10.0,60,6.0,270,30,11,8,259,22,258,22,12,8,0.04428044280442804,0.025508954679325326,0.07579111460482812,18.60696716562556,-6.606967165625559,-11.694040447528396,1.9324248922828624,False,False,17.468920585547444,0.6869342579717236,-5.468920585547444,0.996309963099631,0.1111111111111111,0.07894670146797628,0.15418621819885997,33.26349795291709,-3.263497952917092,-11.9478885565635,8.366780960775097,23.229653550572166,-1.2296535505721664,22.43273034966954,-0.4327303496695407,0.08527131782945736,0.0569849261686229,0.12572662392801548,0.040740740740740744,0.5,0.015873015873015872,0.06896551724137931,inconsistent,No Signal,No Signal,No Signal,No Signal,No Signal,True,False,51.0,48.0,46.0,44.0,42.0,lane,MG,RS,Southeast,South,False,False
RS>SC,114,0.0,46,0.0,68,0.0,17,0.0,114,4,0,0,114,4,114,4,0,0,0.0,0.0,0.03259853415884162,7.827285080742855,-7.827285080742855,-7.827285080742855,-4.111052186634911,False,True,7.559846313628938,0.0,-7.559846313628938,1.0,0.03508771929824561,0.013727941234497623,0.08675841508863581,14.044588024564996,-10.044588024564996,-12.479602723832267,-4.154128704460513,10.224635153533695,-6.224635153533695,9.912136666133053,-5.912136666133053,0.03508771929824561,0.013727941234497623,0.08675841508863581,0.0,,0.0,0.0,inconsistent,No Signal,No Signal,No Signal,No Signal,No Signal,True,False,52.0,39.0,70.0,70.0,52.0,lane,RS,SC,South,South,False,False
RS>MG,185,3.0,59,1.0,126,2.0,37,2.0,184,10,2,2,182,8,181,7,3,3,0.016216216216216217,0.0055300416798543875,0.04658488521254289,12.702173157345861,-9.702173157345861,-11.679115446572801,-4.083969393025426,False,True,12.11280625385642,0.24767175641440428,-9.11280625385642,0.9945945945945946,0.05434782608695652,0.029785256960549615,0.09713804831175568,22.66845786421017,-12.668457864210168,-17.18797058346904,-4.795056974847123,16.323540332834494,-8.323540332834494,15.73769067166739,-8.73769067166739,0.03867403314917127,0.018857824367166504,0.07766521183112099,0.010869565217391304,0.6666666666666666,0.01694915254237288,0.015873015873015872,inconsistent,No Signal,No Signal,No Signal,No Signal,No Signal,True,False,53.0,47.0,65.0,64.0,55.0,lane,RS,MG,South,Southeast,False,False
RS>RS,285,8.0,101,1.0,184,7.0,42,1.0,283,11,10,3,273,8,275,8,8,3,0.028070175438596492,0.014290825737415937,0.05440242523044886,19.56821270185714,-11.568212701857139,-15.495327366693594,-4.063521511179213,False,True,16.6876041525414,0.47939775697409853,-8.6876041525414,0.9929824561403509,0.038869257950530034,0.021840272093798786,0.06824942040371336,34.86507378027977,-23.865073780279772,-28.684276777734713,-15.550487806028888,24.485310499251742,-16.485310499251742,23.91085599286482,-15.910855992864821,0.02909090909090909,0.01481304504766312,0.056343729503042964,0.0353356890459364,0.125,0.009900990099009901,0.03804347826086957,inconsistent,No Signal,No Signal,No Signal,No Signal,No Signal,True,False,54.0,51.0,57.0,56.0,61.0,lane,RS,RS,South,South,False,False
SC>PR,281,7.0,101,2.0,180,5.0,67,2.0,280,20,4,2,276,18,273,18,7,2,0.02491103202846975,0.012118204189761197,0.05051824941696326,19.293571120076688,-12.293571120076688,-15.88835574275379,-5.097943033910012,False,True,21.472917050382524,0.3259920384163781,-14.472917050382524,0.99644128113879,0.07142857142857142,0.046711675226823325,0.10774588359085904,34.49547935858069,-14.495479358580688,-21.41621029507016,-4.326631953140159,24.754379845397366,-6.7543798453973665,23.73695885837126,-5.73695885837126,0.06593406593406594,0.042109942762201924,0.10180440803775834,0.014285714285714285,0.2857142857142857,0.019801980198019802,0.027777777777777776,inconsistent,No Signal,No Signal,No Signal,No Signal,No Signal,True,False,55.0,52.0,62.0,61.0,58.0,lane,SC,PR,South,South,False,False
SC>MG,421,15.0,144,2.0,277,13.0,90,2.0,418,55,10,8,408,47,403,48,15,7,0.035629453681710214,0.02170881473596012,0.057947862168016506,28.906026482392473,-13.906026482392473,-19.766615478553263,-4.509976509657525,False,True,27.38351124944868,0.5477748950219815,-12.38351124944868,0.9928741092636579,0.13157894736842105,0.10250235365109253,0.16736552310751454,51.49682275673832,3.503177243261682,-8.650838930581639,18.46196590220276,36.5934310758048,10.406568924195199,35.04027260045281,12.95972739954719,0.11910669975186104,0.09102338234642555,0.1543829218933223,0.023923444976076555,0.13333333333333333,0.013888888888888888,0.04693140794223827,inconsistent,No Signal,No Signal,No Signal,No Signal,No Signal,True,False,56.0,55.0,53.0,51.0,24.0,lane,SC,MG,South,Southeast,False,False
DF>SP,306,7.0,100,1.0,206,6.0,75,2.0,305,33,7,3,298,30,298,29,7,4,0.02287581699346405,0.011124288561132983,0.04645825345439185,21.010081006204505,-14.010081006204505,-17.606048706497813,-6.793855449160601,False,True,24.527691655478773,0.28539171554843007,-17.527691655478773,0.9967320261437909,0.10819672131147541,0.0780854810770417,0.1480546851020152,37.57543287273968,-4.5754328727396825,-13.75936114424196,7.581246083374953,26.727555050465273,3.2724449495347265,25.91067303954079,3.0893269604592106,0.09731543624161074,0.06861358195266126,0.13626701683025946,0.022950819672131147,0.2857142857142857,0.01,0.02912621359223301,inconsistent,No Signal,No Signal,No Signal,No Signal,No Signal,True,False,57.0,54.0,63.0,63.0,45.0,lane,DF,SP,Central-West,Southeast,False,False
PR>RS,562,24.0,164,2.0,398,22.0,141,11.0,554,50,18,15,536,35,530,34,24,16,0.042704626334519574,0.028862901813380738,0.06275544465550506,38.587142240153376,-14.587142240153376,-22.366191421033403,-3.31858234375953,False,True,43.28821409197343,0.5544234268710595,-19.28821409197343,0.9857651245551602,0.09025270758122744,0.06912908737969767,0.11701960626566238,68.25176987376322,-18.251769873763223,-29.954255465410714,-3.4229080025862655,48.07372317801807,-13.07372317801807,46.08274064079402,-12.082740640794022,0.06415094339622641,0.04626714105564555,0.08830738033765095,0.032490974729241874,0.4583333333333333,0.012195121951219513,0.05527638190954774,inconsistent,No Signal,No Signal,No Signal,No Signal,No Signal,True,False,58.0,57.0,48.0,50.0,60.0,lane,PR,RS,South,South,False,False
RJ>RJ,931,45.0,239,12.0,692,33.0,194,5.0,917,82,28,19,889,63,873,59,44,23,0.04833512352309345,0.036317986609379155,0.06406423107604044,63.922828159399984,-18.922828159399984,-30.11078262606799,-4.279029027606337,False,True,63.373203215878526,0.7100793034985012,-18.373203215878526,0.9849624060150376,0.08942202835332606,0.0726249394424226,0.10964471969699735,112.97269489935177,-30.972694899351765,-46.37562543065024,-12.428486937205191,79.7342162411531,-16.734216241153106,75.90609920643996,-16.90609920643996,0.06758304696449026,0.05275439741654507,0.08620055002009246,0.030534351145038167,0.1111111111111111,0.0502092050209205,0.0476878612716763,inconsistent,No Signal,No Signal,No Signal,No Signal,No Signal,True,False,59.0,59.0,42.0,41.0,62.0,lane,RJ,RJ,Southeast,Southeast,False,False
MG>PR,360,4.0,135,0.0,225,4.0,71,2.0,359,27,5,1,354,26,355,26,4,1,0.011111111111111112,0.004329143343163391,0.02821651228133693,24.717742360240596,-20.717742360240596,-23.159250756701773,-14.559797938959303,False,True,23.206496759301306,0.17236552511515016,-19.206496759301306,0.9972222222222222,0.07520891364902507,0.0522000720781507,0.10721241349802962,44.2281324633231,-17.2281324633231,-25.488306587267,-5.7388760175304645,31.750182845183577,-5.750182845183577,30.866741372607315,-4.866741372607315,0.07323943661971831,0.050467726349964485,0.1051482356523441,0.013927576601671309,0.5,0.0,0.017777777777777778,inconsistent,No Signal,No Signal,No Signal,No Signal,No Signal,True,False,60.0,58.0,68.0,68.0,59.0,lane,MG,PR,Southeast,South,False,False
PR>MG,801,32.0,225,1.0,576,31.0,227,23.0,792,84,25,18,767,66,761,65,31,19,0.039950062421972535,0.028438809012903743,0.05585289598959431,54.99697675153533,-22.99697675153533,-32.21749073219943,-10.258807063870284,False,True,58.67089797092024,0.5454152076530436,-26.670897970920237,0.9887640449438202,0.10606060606060606,0.08648506051602575,0.12943917529261736,97.57292732855682,-13.572927328556815,-29.076759399864414,4.942899503196141,68.79206283123109,-2.7920628312310924,66.16785967480047,-1.167859674800468,0.08541392904073587,0.06757913609156332,0.10741328524901583,0.03156565656565657,0.71875,0.0044444444444444444,0.05381944444444445,inconsistent,No Signal,No Signal,No Signal,No Signal,No Signal,True,False,61.0,61.0,49.0,52.0,56.0,lane,PR,MG,South,Southeast,False,False
PR>PR,696,19.0,203,3.0,493,16.0,154,3.0,687,47,10,3,677,44,668,42,19,5,0.027298850574712645,0.017544993065903874,0.042242060549355434,47.78763522979848,-28.787635229798482,-35.576320055929386,-18.3871610874471,False,True,50.942759417157035,0.37296762518131243,-31.942759417157035,0.9870689655172413,0.06841339155749636,0.05183563530374399,0.08979086607576947,84.63712256908906,-37.63712256908906,-49.02604111541693,-22.950797575035427,60.71998244686238,-16.71998244686238,58.08164292084982,-16.081642920849823,0.06287425149700598,0.046849443619256526,0.08389785943477826,0.01455604075691412,0.15789473684210525,0.014778325123152709,0.032454361054766734,inconsistent,No Signal,No Signal,No Signal,No Signal,No Signal,True,False,62.0,62.0,59.0,60.0,66.0,lane,PR,PR,South,South,False,False
RS>SP,656,8.0,221,3.0,435,5.0,103,1.0,651,45,5,3,646,42,643,41,8,4,0.012195121951219513,0.006192133182544924,0.02387790645418221,45.04121941199397,-37.04121941199397,-40.9791800442445,-29.377312778050445,False,True,38.922304408221684,0.20553767618934027,-30.922304408221684,0.9923780487804879,0.06912442396313365,0.05205971180011054,0.0912443773907197,80.20198950870011,-35.20198950870011,-46.311117126828144,-20.801899827341586,57.9395992033576,-15.939599203357602,55.907928739680294,-14.907928739680294,0.06376360808709176,0.04734788347079283,0.08536076970860948,0.007680491551459293,0.125,0.013574660633484163,0.011494252873563218,inconsistent,No Signal,No Signal,No Signal,No Signal,No Signal,True,False,63.0,63.0,67.0,66.0,65.0,lane,RS,SP,South,Southeast,False,False
SC>SP,1285,48.0,468,14.0,817,34.0,264,10.0,1280,144,39,30,1241,114,1232,111,48,33,0.03735408560311284,0.028288964325199603,0.04917708717197235,88.2286081469699,-40.228608146969904,-51.87728898908841,-25.036051130985438,False,True,88.5643637576539,0.5419787142754893,-40.564363757653894,0.9961089494163424,0.1125,0.09633627491179822,0.13098264894409023,157.6936199249403,-13.693619924940293,-34.38318803783858,9.964170723495194,111.3050195222396,2.694980477760396,107.1206348480344,3.879365151965601,0.09009740259740259,0.07535755324676449,0.10738551400411417,0.03046875,0.20833333333333334,0.029914529914529916,0.0416156670746634,inconsistent,No Signal,No Signal,No Signal,No Signal,No Signal,True,False,64.0,64.0,50.0,53.0,57.0,lane,SC,SP,South,Southeast,False,False
MG>MG,1502,38.0,507,15.0,995,23.0,292,12.0,1490,121,30,20,1460,101,1452,98,38,23,0.02529960053262317,0.018487246441912568,0.03453391216214279,103.12791395855938,-65.12791395855938,-75.36006980280669,-51.2579778910209,False,True,100.7257871583002,0.37726188170939157,-62.72578715830019,0.9920106524633822,0.08120805369127516,0.0683914597770812,0.09617852010202353,183.5652294438758,-62.56522944387581,-81.66195437602482,-40.25923449186075,130.94708179087013,-29.94708179087013,126.24931964232626,-28.249319642326256,0.0674931129476584,0.05569706305914805,0.08157163306836566,0.020134228187919462,0.3157894736842105,0.029585798816568046,0.023115577889447236,inconsistent,No Signal,No Signal,No Signal,No Signal,No Signal,True,False,65.0,65.0,61.0,59.0,67.0,lane,MG,MG,Southeast,Southeast,False,False
SP>PR,3069,138.0,985,19.0,2084,119.0,670,87.0,3041,342,104,64,2937,278,2907,269,134,73,0.044965786901270774,0.03818555068587336,0.0528837291877758,210.71875362105106,-72.71875362105106,-93.52729856610574,-48.418588743767145,False,True,227.68243368274858,0.606107365280048,-89.68243368274858,0.9908765070055393,0.11246300559026635,0.10171945365435385,0.12418441297491352,374.6455454622996,-32.645545462299594,-65.31668689940952,2.9992543944124384,263.41888987656546,14.581110123434541,252.75948498639286,16.240515013607137,0.09253525971792226,0.08253220349197743,0.10361378435588606,0.03419927655376521,0.6304347826086957,0.019289340101522844,0.05710172744721689,inconsistent,No Signal,No Signal,No Signal,No Signal,No Signal,True,False,66.0,66.0,45.0,48.0,64.0,lane,SP,PR,Southeast,South,False,False
MG>SP,2501,91.0,1015,33.0,1486,58.0,452,29.0,2476,230,63,34,2413,196,2388,188,88,42,0.03638544582167133,0.02972920021005364,0.044463702564795135,171.71964900822704,-80.71964900822704,-97.36691928288288,-60.51592889367439,False,True,170.20925672724064,0.5346360224451657,-79.20925672724064,0.9900039984006398,0.09289176090468497,0.08208006040666177,0.10496474327255292,305.0385960423064,-75.03859604230638,-101.80836647541184,-45.14589169946535,216.42144408312987,-20.42144408312987,207.63317858531343,-19.63317858531343,0.07872696817420435,0.06858948232040052,0.0902176398740514,0.02544426494345719,0.31868131868131866,0.03251231527093596,0.039030955585464336,inconsistent,No Signal,No Signal,No Signal,No Signal,No Signal,True,False,67.0,67.0,52.0,54.0,68.0,lane,MG,SP,Southeast,Southeast,False,False
PR>SP,2862,88.0,768,18.0,2094,70.0,756,44.0,2824,261,71,52,2753,209,2739,200,85,61,0.030747728860936407,0.025025072447402916,0.03772838457554756,196.50605176391272,-108.50605176391272,-124.8842944194456,-88.52741510869562,False,True,224.83043742150485,0.391406079217915,-136.83043742150485,0.986722571628232,0.09242209631728045,0.08228684705729727,0.10366468752413141,347.9115489593995,-86.91154895939951,-115.53349286959204,-55.16247139125244,246.91596997963387,-37.91596997963387,238.1521256889336,-38.15212568893361,0.07301935012778386,0.06386252474438806,0.08337218235907276,0.025141643059490085,0.5,0.0234375,0.033428844317096466,inconsistent,No Signal,No Signal,No Signal,No Signal,No Signal,True,False,68.0,68.0,55.0,58.0,69.0,lane,PR,SP,South,Southeast,False,False
SP>MG,7307,391.0,2419,33.0,4888,358.0,1663,244.0,7213,856,277,199,6936,657,6834,632,379,224,0.05351033255782127,0.04858089654396039,0.05890898177538942,501.701509517439,-110.70150951743898,-146.7208984707204,-71.2535796846685,False,True,555.6888577611589,0.7036311679440872,-164.68885776115894,0.9871356233748461,0.11867461527797032,0.11141340965737191,0.12634177294034582,888.6281879051519,-32.62818790515189,-85.00326404652826,22.675020313562534,622.0883282886816,34.91167171131838,594.2065085645025,37.79349143549746,0.09247878255779923,0.08583736884725349,0.09957808227953463,0.0384028836822404,0.6240409207161125,0.01364200082678793,0.07324058919803601,inconsistent,No Signal,No Signal,No Signal,No Signal,No Signal,True,False,69.0,69.0,39.0,42.0,63.0,lane,SP,MG,Southeast,Southeast,False,False
SP>SP,30254,1424.0,8689,295.0,21565,1129.0,6321,511.0,29917,3063,930,633,28987,2430,28518,2328,1399,735,0.047068156276855955,0.04473867436155283,0.04951264434873582,2077.2516037964415,-653.2516037964415,-723.7277496620223,-579.2960616697881,False,True,1962.580496424135,0.7255753344102621,-538.5804964241349,0.9888609770608845,0.10238326035364509,0.09899897432883581,0.10586964433140617,3685.7187713237804,-622.7187713237804,-723.9664563279995,-518.4166218611022,2599.8377122410634,-169.8377122410634,2479.599240743705,-151.5992407437052,0.08163265306122448,0.0785108993534759,0.08486710222291204,0.031086004612761974,0.35884831460674155,0.03395097249395788,0.05235335033619291,inconsistent,No Signal,No Signal,No Signal,No Signal,No Signal,True,False,70.0,70.0,44.0,40.0,70.0,lane,SP,SP,Southeast,Southeast,False,False
